Customer_ID,Age,Gender,Marital_Status,Education_Level,Employment_Status,Account_Tenure_Months,Account_Type,Number_of_Products,Average_Balance,Monthly_Transactions,Online_Banking_Usage,Mobile_Banking_Usage,Number_of_Complaints,Complaint_Resolution_Rate,Customer_Support_Calls,Email_Opt_In,Credit_Card_Holder,Loan_Account_Holder,Churn
CUST2463,32,Male,Divorced,Primary,Employed,13,Current,2,57001,19,6,10,0,0.97,0,1,0,0,1
CUST2511,45,Male,Single,University,Employed,88,Current,1,24533,14,5,9,0,0.89,2,1,0,0,0
CUST2227,29,Female,Single,Primary,Employed,151,Savings,3,212133,16,11,7,1,0.71,2,1,0,0,0
CUST0526,49,Female,Single,Secondary,Employed,118,Savings,2,94045,22,12,8,0,0.89,0,1,0,0,0
CUST0195,33,Female,Single,Primary,Employed,108,Savings,1,137693,15,7,8,0,0.64,1,0,0,0,0
CUST2986,33,Female,Married,Secondary,Self-employed,69,Savings,3,63153,15,9,11,0,0.78,2,0,0,0,1
CUST1842,41,Male,Married,University,Employed,167,Current,2,378881,11,7,14,1,0.63,1,1,0,0,0
CUST1142,41,Female,Single,Primary,Self-employed,68,Current,1,43330,10,10,7,0,0.95,2,1,0,0,0
CUST1253,49,Female,Married,Secondary,Self-employed,78,Current,4,307651,18,7,9,1,0.87,2,1,0,0,1
CUST1268,40,Female,Single,Primary,Employed,143,Savings,2,105577,16,9,8,0,0.66,0,1,0,0,0
CUST1038,45,Female,Married,None,Self-employed,55,Savings,2,3174,13,8,6,0,0.7,2,1,1,0,0
CUST0665,42,Female,Married,Secondary,Employed,178,Fixed Deposit,1,136072,17,9,12,0,0.9,2,1,0,0,0
CUST2650,30,Female,Divorced,Primary,Employed,150,Savings,2,70709,19,6,18,0,0.84,2,0,0,0,0
CUST1627,48,Female,Married,Secondary,Employed,123,Fixed Deposit,4,232609,17,10,10,0,0.82,2,0,1,0,0
CUST2757,25,Male,Single,Primary,Employed,129,Fixed Deposit,1,71483,18,10,11,1,0.79,0,1,0,1,0
CUST1011,45,Female,Married,Primary,Employed,160,Savings,3,378233,15,4,11,0,0.95,1,1,0,0,0
CUST1115,26,Male,Married,Secondary,Employed,134,Savings,1,18911,9,11,8,0,0.98,1,0,0,0,0
CUST0953,45,Male,Single,Secondary,Employed,85,Savings,2,136574,13,13,12,0,0.5,1,1,0,0,1
CUST0348,34,Female,Married,Primary,Self-employed,157,Savings,4,469796,16,9,11,0,0.96,2,0,1,0,0
CUST1017,35,Female,Married,University,Employed,7,Savings,3,143425,9,14,8,0,0.59,0,1,1,0,0
CUST2013,54,Female,Single,University,Employed,117,Savings,3,25310,15,7,3,0,0.77,1,1,0,0,0
CUST1379,27,Male,Married,Secondary,Employed,81,Current,3,3245,10,7,10,0,0.61,2,0,1,1,0
CUST2888,45,Female,Single,University,Employed,70,Savings,1,263587,12,7,9,1,0.94,2,1,0,0,0
CUST2074,28,Male,Single,Primary,Self-employed,128,Savings,2,18623,12,6,9,0,0.9,2,1,0,1,0
CUST2567,35,Male,Single,University,Employed,127,Savings,3,13824,15,8,11,1,0.85,1,1,0,1,0
CUST1450,34,Female,Married,University,Employed,17,Savings,2,79960,30,7,8,0,0.91,1,0,0,0,1
CUST1673,54,Female,Married,Primary,Self-employed,79,Current,4,24144,23,8,8,0,1,0,1,0,0,0
CUST1790,48,Female,Married,Primary,Self-employed,127,Current,3,36237,17,5,16,0,0.58,1,0,0,1,0
CUST0211,36,Female,Married,Secondary,Unemployed,17,Current,1,606711,16,5,7,1,0.5,2,0,1,0,0
CUST2980,36,Male,Single,Secondary,Employed,93,Fixed Deposit,2,294265,12,6,7,1,0.65,1,1,0,1,0
CUST1614,36,Male,Single,University,Employed,167,Current,1,197116,19,6,9,0,0.67,0,1,0,1,0
CUST2641,21,Male,Married,University,Employed,36,Savings,1,136548,11,8,11,0,0.53,1,1,1,0,1
CUST0555,18,Male,Married,None,Self-employed,152,Savings,1,365406,15,3,12,1,0.63,0,1,0,1,0
CUST1895,33,Male,Married,University,Employed,12,Savings,1,42322,13,7,7,1,0.65,1,1,0,0,1
CUST0373,33,Male,Married,University,Self-employed,119,Savings,2,163723,16,2,15,0,0.63,0,1,0,0,0
CUST2892,28,Female,Divorced,None,Employed,130,Current,1,103263,18,4,13,1,0.55,0,0,0,0,0
CUST1167,26,Male,Single,Primary,Employed,22,Savings,3,217653,11,6,14,0,0.69,0,0,0,1,0
CUST2592,34,Female,Married,Secondary,Employed,132,Current,1,108006,20,8,8,1,0.95,0,0,1,0,0
CUST2538,53,Male,Single,Primary,Employed,147,Fixed Deposit,1,29903,11,10,10,0,0.96,0,1,0,0,0
CUST1799,31,Male,Single,Secondary,Employed,11,Savings,1,9641,20,5,13,1,0.66,3,1,0,0,0
CUST0905,46,Female,Married,University,Unemployed,80,Savings,1,40881,15,9,8,0,0.59,0,1,0,0,0
CUST2985,33,Female,Married,Secondary,Unemployed,54,Current,1,62712,16,12,8,0,0.98,1,1,0,0,1
CUST1866,38,Female,Married,Primary,Employed,51,Current,2,248446,16,6,5,0,0.97,1,1,0,1,0
CUST1047,57,Male,Single,Secondary,Self-employed,93,Savings,4,44810,19,8,9,0,0.5,0,1,1,0,0
CUST2971,38,Male,Married,Primary,Employed,111,Savings,1,44224,19,8,10,0,0.55,0,1,0,0,0
CUST0309,29,Female,Single,Primary,Employed,137,Savings,2,1638,12,6,14,0,0.68,3,1,1,0,0
CUST1248,18,Male,Single,University,Unemployed,59,Current,3,47854,7,6,9,0,0.93,2,1,0,1,0
CUST0166,30,Female,Married,University,Employed,127,Savings,1,456610,14,7,18,1,0.78,0,1,0,0,0
CUST0217,45,Female,Single,Primary,Employed,39,Current,2,11079,12,3,11,0,0.68,1,1,0,0,0
CUST1314,30,Female,Married,Primary,Employed,167,Current,2,111938,19,10,6,0,0.57,1,1,1,0,0
CUST2629,43,Female,Married,Secondary,Employed,132,Savings,3,478689,14,5,11,0,0.73,1,1,0,1,0
CUST2120,33,Male,Married,University,Self-employed,58,Savings,3,125388,16,3,13,0,0.96,1,1,0,0,0
CUST0588,21,Female,Single,University,Self-employed,88,Savings,2,302307,18,7,8,0,0.73,1,1,0,0,0
CUST1599,18,Male,Married,University,Unemployed,46,Fixed Deposit,1,53725,18,9,7,1,0.98,1,1,0,0,0
CUST0141,25,Female,Married,Secondary,Employed,17,Current,4,28852,19,8,9,0,0.85,2,0,0,0,1
CUST0722,35,Male,Divorced,Secondary,Unemployed,127,Savings,1,111817,10,10,11,0,0.64,0,0,0,0,0
CUST2907,30,Male,Divorced,Secondary,Employed,7,Current,3,76791,5,8,8,0,0.61,1,1,0,0,1
CUST0153,27,Male,Divorced,Secondary,Employed,61,Current,1,35299,12,11,7,0,0.75,0,0,0,0,1
CUST0294,36,Male,Married,Primary,Self-employed,43,Current,1,303308,17,6,9,1,0.97,1,0,1,0,0
CUST0277,24,Male,Married,Primary,Employed,25,Savings,1,210569,15,16,6,2,0.98,3,0,0,0,1
CUST1487,45,Female,Married,Primary,Employed,55,Current,1,64327,13,9,6,0,0.81,0,1,0,1,0
CUST0041,29,Male,Married,Primary,Employed,73,Current,3,31953,12,6,13,0,0.82,1,1,1,0,0
CUST2479,33,Female,Married,University,Self-employed,156,Savings,1,575693,9,9,8,1,0.58,2,0,0,1,0
CUST2138,26,Female,Single,Secondary,Employed,122,Savings,1,123375,12,7,19,0,0.68,1,0,0,0,0
CUST0316,40,Male,Married,None,Employed,132,Savings,2,88413,11,11,12,0,0.89,0,1,0,0,0
CUST2576,39,Female,Single,None,Self-employed,67,Savings,1,47513,16,10,10,1,0.69,1,1,1,0,0
CUST2822,31,Female,Married,Secondary,Employed,115,Savings,3,165448,16,5,10,0,0.86,1,1,0,0,0
CUST2795,18,Female,Single,Secondary,Employed,124,Savings,1,93100,9,10,8,0,0.7,1,1,1,0,0
CUST2504,37,Male,Divorced,None,Employed,40,Fixed Deposit,3,416191,8,9,10,0,0.85,1,1,1,0,0
CUST2646,39,Female,Married,Secondary,Self-employed,159,Current,1,68237,7,6,12,1,0.91,2,1,1,0,0
CUST1183,40,Female,Married,Secondary,Employed,22,Savings,1,103500,16,5,8,1,0.64,2,1,0,0,1
CUST0752,45,Male,Married,Primary,Self-employed,95,Current,2,113228,14,6,5,0,0.54,0,1,1,0,0
CUST0374,27,Female,Married,Primary,Employed,140,Savings,3,129222,15,16,13,0,0.77,3,1,0,0,1
CUST1842,28,Female,Single,Primary,Employed,101,Savings,3,50948,19,12,9,0,0.96,1,1,1,0,0
CUST2033,22,Male,Married,Secondary,Self-employed,48,Current,3,24871,12,4,9,0,0.7,0,0,0,0,1
CUST2082,44,Male,Single,Secondary,Employed,95,Savings,3,152607,14,11,8,1,0.53,0,0,0,1,1
CUST0516,30,Male,Single,Secondary,Employed,169,Current,2,241694,11,6,10,0,0.78,1,1,0,0,0
CUST0013,27,Male,Single,Primary,Employed,25,Current,2,489601,16,9,14,0,0.93,2,0,0,0,1
CUST2117,35,Male,Single,University,Self-employed,164,Current,1,90844,17,7,11,0,0.54,2,0,1,0,0
CUST2038,33,Male,Married,University,Unemployed,143,Savings,4,333651,15,6,10,0,0.89,0,1,0,0,0
CUST1919,29,Female,Married,None,Self-employed,157,Savings,3,66472,15,8,5,0,0.64,3,1,0,0,0
CUST0755,55,Female,Divorced,Primary,Employed,62,Savings,1,255962,16,4,10,0,0.88,1,1,0,0,0
CUST2457,28,Female,Single,University,Employed,56,Savings,4,485037,9,5,12,0,0.63,4,1,0,0,1
CUST1332,46,Male,Married,University,Employed,13,Savings,1,195149,11,11,16,0,0.75,0,1,0,0,0
CUST1113,41,Male,Married,Secondary,Employed,92,Savings,1,29302,8,15,7,0,0.61,0,1,1,0,0
CUST2976,53,Female,Married,University,Employed,19,Savings,1,523580,13,6,13,0,0.51,1,1,0,0,0
CUST1006,36,Female,Single,University,Employed,147,Savings,2,454218,17,4,6,0,0.97,3,1,1,0,0
CUST2585,35,Male,Single,Secondary,Employed,6,Savings,3,30429,12,6,8,0,0.59,0,1,0,1,1
CUST2339,29,Female,Married,Primary,Employed,147,Current,1,120810,13,5,8,0,0.74,0,0,1,0,0
CUST1448,23,Female,Married,Secondary,Self-employed,38,Current,1,39957,14,8,3,1,0.99,1,0,1,0,0
CUST0671,32,Female,Single,Secondary,Employed,3,Current,1,262942,9,9,7,0,0.52,0,1,0,0,1
CUST2169,29,Male,Married,Secondary,Employed,97,Current,1,135113,13,7,8,0,0.55,1,1,0,0,0
CUST1134,30,Male,Married,Secondary,Self-employed,155,Savings,1,253361,12,9,10,0,0.86,2,1,1,0,1
CUST1088,39,Female,Married,Secondary,Self-employed,36,Savings,3,77383,16,8,11,0,0.98,1,1,0,0,1
CUST1507,31,Male,Married,Secondary,Self-employed,58,Current,3,8519,14,11,16,0,0.76,0,0,0,1,0
CUST1934,18,Female,Married,None,Employed,177,Savings,1,427830,10,9,16,0,0.84,1,1,0,0,0
CUST1501,33,Female,Single,Secondary,Employed,146,Savings,2,161950,14,4,5,1,0.67,0,1,1,1,0
CUST0480,37,Male,Single,Primary,Employed,136,Current,1,5031,11,8,12,0,0.62,1,1,0,0,0
CUST2115,34,Female,Married,Secondary,Employed,22,Fixed Deposit,2,116763,17,13,8,0,0.93,0,1,0,0,0
CUST1914,37,Male,Divorced,Primary,Employed,76,Savings,3,94491,15,5,10,0,0.76,2,1,0,0,0
CUST1871,30,Female,Married,Secondary,Employed,124,Savings,1,83789,19,13,11,0,0.57,0,0,0,0,0
CUST1109,45,Female,Married,University,Employed,121,Current,1,158443,20,4,13,0,0.95,0,0,1,0,0
CUST0165,32,Female,Divorced,Primary,Employed,20,Current,3,254617,13,6,6,0,0.79,1,1,1,1,1
CUST1075,30,Female,Single,Primary,Employed,163,Savings,2,48931,12,8,8,0,0.66,3,1,0,1,0
CUST1386,44,Female,Single,Primary,Unemployed,77,Savings,2,362864,12,8,7,1,0.94,1,1,0,0,0
CUST2284,47,Female,Divorced,Secondary,Employed,90,Current,2,161433,10,12,9,0,0.67,2,0,0,0,0
CUST0610,31,Male,Married,Secondary,Unemployed,173,Fixed Deposit,1,51193,21,8,9,0,0.6,0,0,0,0,0
CUST2378,34,Male,Married,Primary,Employed,83,Savings,2,228608,12,7,13,1,0.53,0,1,0,0,0
CUST2774,28,Female,Married,None,Unemployed,41,Savings,1,7736,13,8,2,0,0.54,0,1,1,1,1
CUST0127,36,Male,Married,Primary,Employed,71,Current,4,74943,15,9,9,0,0.64,0,0,0,0,1
CUST2260,52,Male,Single,University,Employed,38,Savings,3,277916,14,7,10,0,0.75,1,1,0,0,1
CUST0686,44,Male,Single,Primary,Self-employed,7,Fixed Deposit,3,224009,16,4,8,0,0.7,1,1,0,1,1
CUST1982,41,Female,Married,None,Employed,61,Fixed Deposit,1,119660,17,6,5,0,0.58,0,1,0,0,0
CUST2862,40,Female,Single,Primary,Self-employed,74,Savings,3,142922,14,10,12,0,0.99,2,1,0,0,1
CUST0931,33,Female,Single,None,Self-employed,34,Savings,3,63805,16,6,12,0,0.92,2,1,0,0,1
CUST2926,18,Male,Single,Secondary,Employed,2,Current,2,101016,10,5,13,2,0.81,1,0,0,0,0
CUST2291,42,Male,Married,Secondary,Unemployed,56,Current,1,217290,21,7,10,0,0.5,0,1,0,0,0
CUST0847,36,Male,Single,Primary,Self-employed,52,Fixed Deposit,4,221043,18,0,14,1,0.52,2,1,0,0,0
CUST0983,30,Female,Single,None,Self-employed,143,Savings,1,131287,15,4,10,0,0.53,0,1,0,0,0
CUST0619,48,Male,Married,None,Employed,55,Savings,1,71232,11,10,9,0,0.9,0,1,1,0,0
CUST1927,43,Female,Divorced,Secondary,Employed,50,Current,2,102141,19,5,16,1,0.59,2,0,1,0,0
CUST0477,47,Male,Single,None,Unemployed,173,Savings,2,53074,17,8,14,0,0.52,3,1,1,0,0
CUST1999,42,Female,Married,Secondary,Employed,141,Current,4,72264,12,8,8,0,0.61,1,0,0,0,0
CUST0151,27,Female,Single,Secondary,Self-employed,2,Fixed Deposit,4,401537,15,14,8,0,0.6,1,0,1,0,1
CUST2714,32,Male,Divorced,Primary,Self-employed,54,Current,1,4051,9,4,12,0,1,2,1,1,0,1
CUST1638,18,Female,Single,Secondary,Self-employed,60,Savings,1,848139,13,5,6,0,0.83,1,1,0,0,0
CUST2815,33,Female,Married,Secondary,Employed,169,Current,2,301527,12,9,12,0,0.54,2,1,0,0,0
CUST2208,18,Male,Single,Primary,Self-employed,43,Current,3,155271,22,12,9,0,0.58,1,1,0,0,0
CUST2203,36,Female,Single,Secondary,Employed,15,Savings,2,123252,13,13,9,0,0.74,0,1,0,0,0
CUST2474,37,Female,Single,Primary,Employed,29,Savings,1,221311,14,4,12,0,0.86,0,1,0,0,0
CUST1029,29,Female,Married,University,Self-employed,135,Savings,4,118477,20,4,11,0,0.81,0,1,0,0,0
CUST0326,35,Male,Single,Primary,Unemployed,112,Current,1,73134,21,5,8,0,0.63,0,0,0,0,0
CUST2837,19,Female,Married,University,Self-employed,23,Savings,1,153356,17,6,7,0,0.53,1,1,1,0,0
CUST1956,39,Female,Single,University,Employed,94,Savings,2,95076,20,9,7,0,0.61,2,0,1,0,0
CUST1262,54,Female,Single,Secondary,Unemployed,122,Savings,2,102954,17,6,15,0,0.54,0,1,0,1,0
CUST1788,41,Female,Married,Secondary,Employed,70,Savings,1,235051,12,13,8,0,0.79,2,0,0,1,0
CUST1363,52,Male,Single,None,Employed,13,Current,4,33271,12,11,7,0,0.69,1,0,0,1,1
CUST0985,34,Male,Married,Secondary,Employed,50,Savings,2,143786,16,6,15,0,0.79,0,1,0,1,0
CUST2087,32,Female,Single,Primary,Employed,62,Current,3,12948,14,3,16,0,0.71,3,1,0,0,0
CUST2870,46,Male,Married,None,Employed,177,Current,2,67697,18,2,6,0,0.74,1,1,0,1,0
CUST0986,40,Male,Single,Primary,Self-employed,114,Savings,4,188411,20,5,11,1,0.51,0,1,0,0,0
CUST0137,43,Female,Married,Secondary,Unemployed,173,Current,1,46469,11,7,10,0,0.78,1,0,0,0,1
CUST2503,34,Female,Single,Primary,Employed,79,Current,2,283663,14,4,10,0,0.69,1,1,1,0,0
CUST1762,35,Male,Married,Primary,Employed,94,Savings,2,131644,9,4,12,0,0.99,0,1,0,0,0
CUST1584,38,Male,Married,Primary,Self-employed,60,Current,2,103817,14,12,10,0,0.71,0,0,1,1,0
CUST0589,35,Male,Married,Primary,Unemployed,123,Savings,2,51237,18,9,14,0,0.63,0,0,0,0,0
CUST1903,43,Female,Single,University,Employed,49,Current,2,44153,20,10,12,0,0.61,1,1,1,0,0
CUST2087,31,Male,Single,University,Employed,96,Fixed Deposit,1,4788,17,7,10,0,0.95,1,1,0,1,0
CUST2244,26,Female,Married,Secondary,Employed,154,Savings,1,120930,17,2,13,0,0.91,0,1,0,0,0
CUST1793,50,Male,Married,None,Self-employed,169,Savings,1,138828,18,6,6,0,0.71,1,0,1,0,0
CUST0680,28,Female,Married,Primary,Employed,156,Current,1,323211,12,5,12,1,0.52,1,1,0,0,0
CUST1630,38,Female,Married,Primary,Employed,60,Savings,1,85386,13,6,5,0,0.53,2,1,1,0,1
CUST2548,18,Male,Married,None,Employed,138,Savings,2,51652,14,7,11,1,0.92,0,1,0,0,0
CUST0985,29,Female,Married,Secondary,Self-employed,42,Savings,1,187677,12,11,14,0,0.96,0,1,0,0,0
CUST1808,59,Female,Married,None,Self-employed,63,Savings,1,3851,12,11,8,0,0.69,0,1,0,0,0
CUST0344,36,Female,Married,Secondary,Employed,96,Current,2,80664,11,5,8,0,0.6,1,1,0,0,1
CUST2507,43,Female,Single,Secondary,Self-employed,17,Savings,2,34926,22,2,4,0,0.51,1,1,1,0,1
CUST2992,40,Male,Married,University,Self-employed,81,Savings,1,185748,7,5,9,1,0.61,2,1,1,0,0
CUST2920,21,Female,Married,Secondary,Employed,140,Savings,1,157518,17,9,13,0,0.73,0,1,1,0,0
CUST0195,44,Male,Single,Primary,Self-employed,180,Fixed Deposit,3,1537,13,5,8,0,0.52,0,1,0,1,0
CUST1885,25,Male,Married,Secondary,Employed,14,Current,2,263211,13,10,5,0,0.94,1,1,0,0,1
CUST0876,42,Male,Single,None,Employed,7,Savings,1,243395,19,11,13,1,0.86,0,1,0,0,1
CUST2582,23,Male,Married,University,Unemployed,75,Savings,3,1863,8,10,8,0,0.8,1,1,0,0,0
CUST2225,35,Female,Married,Primary,Employed,65,Savings,2,21367,12,8,11,0,0.85,0,1,1,0,0
CUST0554,40,Male,Married,University,Self-employed,116,Current,3,47351,16,4,12,0,0.99,1,1,0,0,0
CUST2875,32,Male,Single,Primary,Employed,99,Savings,2,52014,19,4,10,0,0.61,2,1,0,1,1
CUST2132,34,Male,Single,University,Employed,115,Savings,1,41582,19,5,11,0,0.72,1,1,0,0,0
CUST1547,41,Female,Married,University,Self-employed,167,Savings,2,119639,19,9,10,1,0.81,2,1,1,0,0
CUST2681,42,Male,Single,University,Self-employed,10,Savings,4,455806,14,9,8,0,0.57,1,0,0,1,0
CUST1326,50,Male,Married,Primary,Self-employed,161,Savings,4,179447,18,10,12,0,0.78,2,0,0,0,0
CUST2645,63,Male,Single,University,Employed,98,Savings,1,341073,9,9,10,0,0.93,0,1,0,0,0
CUST0706,34,Female,Married,Primary,Self-employed,114,Current,4,14539,15,6,8,0,0.98,0,1,0,0,0
CUST2667,48,Male,Single,Secondary,Employed,130,Current,4,25377,13,4,5,0,0.96,2,1,1,1,0
CUST2758,42,Male,Divorced,Secondary,Employed,19,Fixed Deposit,4,52149,16,4,6,1,0.79,2,1,0,0,0
CUST0712,36,Female,Single,University,Employed,157,Savings,4,227522,9,7,5,0,0.81,2,0,1,0,1
CUST1452,34,Male,Single,Secondary,Self-employed,39,Savings,3,11330,16,12,11,0,0.88,2,1,0,1,0
CUST0672,25,Male,Married,Primary,Self-employed,61,Current,3,197604,17,3,11,0,0.56,3,1,0,0,0
CUST1274,45,Male,Married,University,Self-employed,66,Savings,1,169570,12,11,10,0,0.57,1,0,1,0,0
CUST1828,45,Male,Divorced,Secondary,Employed,85,Current,3,62299,21,7,10,0,0.62,1,0,0,0,0
CUST2446,30,Female,Single,University,Self-employed,101,Savings,3,71041,15,8,8,0,0.91,1,1,0,0,0
CUST0528,23,Male,Married,None,Employed,119,Savings,1,218798,16,8,9,0,0.77,0,0,0,0,1
CUST2429,35,Male,Single,University,Employed,139,Savings,2,16847,18,8,14,0,0.78,0,1,0,0,0
CUST1569,46,Male,Married,Secondary,Employed,157,Savings,2,70087,14,9,6,1,0.8,0,1,1,1,1
CUST2088,52,Male,Divorced,Primary,Employed,129,Savings,3,62558,15,7,13,0,0.69,0,0,1,0,0
CUST1960,29,Male,Single,Secondary,Employed,80,Savings,2,172153,11,8,8,0,0.73,2,0,0,0,0
CUST2570,34,Female,Single,Primary,Employed,15,Current,2,70936,13,10,11,0,0.69,1,1,0,0,0
CUST0473,52,Female,Single,University,Employed,84,Savings,2,413938,14,5,10,0,0.76,1,1,0,0,0
CUST2248,31,Female,Single,Primary,Employed,107,Current,3,14231,11,8,13,0,0.91,0,0,0,0,0
CUST2002,25,Female,Single,University,Employed,88,Savings,2,15786,10,13,5,1,0.76,1,1,0,1,0
CUST1149,38,Male,Married,Secondary,Unemployed,40,Savings,1,15623,20,6,11,0,0.83,2,1,0,0,1
CUST2037,59,Female,Single,Primary,Employed,142,Current,1,186757,19,9,16,0,0.93,0,1,0,0,0
CUST2313,27,Male,Married,Primary,Employed,164,Savings,2,153396,12,10,8,0,0.89,0,1,1,1,1
CUST2823,30,Female,Married,Primary,Self-employed,78,Current,1,31969,15,6,13,1,0.88,2,1,0,1,0
CUST1927,34,Female,Divorced,Secondary,Employed,162,Current,1,3438,13,10,5,0,0.59,1,1,0,0,1
CUST2234,36,Female,Single,Primary,Employed,126,Savings,1,140177,13,6,11,0,0.65,0,1,0,0,0
CUST0458,31,Female,Married,University,Employed,144,Savings,2,52945,12,12,8,0,0.97,1,1,0,0,1
CUST0831,40,Female,Single,Secondary,Employed,54,Current,1,125225,26,6,13,0,0.77,2,1,1,1,0
CUST1078,28,Male,Single,Secondary,Employed,17,Savings,2,8766,15,10,9,0,0.86,2,1,0,0,1
CUST0919,34,Female,Married,Primary,Self-employed,154,Savings,3,46029,13,7,10,0,0.88,2,1,0,0,0
CUST1562,42,Female,Married,University,Employed,176,Savings,3,393049,13,15,10,0,0.58,1,1,0,0,0
CUST2283,36,Female,Married,Secondary,Employed,117,Current,3,181923,9,10,9,2,0.76,4,1,0,0,0
CUST1313,42,Male,Single,Primary,Unemployed,131,Savings,2,179373,17,7,7,0,0.55,2,0,1,0,0
CUST0185,21,Female,Single,University,Employed,5,Fixed Deposit,3,153633,16,11,9,0,0.81,2,0,0,0,1
CUST0413,27,Male,Single,Secondary,Employed,123,Savings,1,118065,18,11,11,0,0.71,3,1,0,1,0
CUST0627,33,Male,Married,University,Employed,7,Savings,4,273482,11,10,3,0,0.81,0,1,1,1,1
CUST2570,19,Female,Single,University,Employed,111,Savings,1,47288,11,6,8,0,0.59,0,1,0,0,0
CUST1333,37,Female,Single,Primary,Self-employed,86,Savings,2,13967,8,7,9,0,0.8,0,0,0,0,0
CUST2253,44,Male,Married,Secondary,Employed,14,Current,2,162770,18,8,15,0,0.68,1,1,0,0,0
CUST1899,34,Female,Married,Secondary,Employed,120,Savings,3,50154,19,7,13,0,0.81,1,1,1,1,0
CUST0779,19,Female,Married,Secondary,Employed,162,Fixed Deposit,1,90813,19,5,11,0,0.9,3,0,0,0,0
CUST1561,33,Male,Married,Secondary,Employed,151,Fixed Deposit,4,49814,17,4,9,0,0.51,1,0,0,0,0
CUST0564,22,Male,Single,Secondary,Unemployed,58,Current,2,63854,21,7,10,0,0.71,1,1,0,0,0
CUST0794,32,Female,Single,Primary,Unemployed,49,Savings,4,198994,13,7,9,0,0.52,0,1,0,0,0
CUST1415,21,Female,Married,Primary,Unemployed,99,Current,2,19402,19,5,16,0,0.58,1,1,1,0,1
CUST2457,18,Female,Single,Secondary,Unemployed,155,Fixed Deposit,1,155991,16,6,12,0,0.63,0,1,0,0,0
CUST1370,44,Male,Married,University,Employed,158,Current,1,181694,11,9,14,0,0.97,0,0,0,0,0
CUST0160,38,Female,Married,Secondary,Self-employed,108,Current,1,21462,15,6,11,1,0.98,1,1,0,0,1
CUST2516,23,Female,Single,Primary,Self-employed,152,Fixed Deposit,3,21183,12,7,14,0,0.61,0,1,0,0,0
CUST2968,21,Female,Single,Primary,Employed,89,Savings,3,172592,7,1,9,0,0.83,1,1,0,0,1
CUST2505,23,Male,Single,Secondary,Self-employed,67,Savings,1,431300,9,10,9,0,0.61,1,1,0,0,0
CUST0617,30,Male,Single,Secondary,Employed,14,Savings,1,253434,7,13,14,0,0.55,0,0,1,0,1
CUST0357,47,Female,Single,Primary,Employed,76,Savings,1,552038,17,11,6,1,0.65,2,0,0,0,1
CUST0279,39,Female,Single,Secondary,Employed,166,Fixed Deposit,3,303023,9,8,8,0,0.65,1,1,1,0,0
CUST0270,25,Male,Married,Secondary,Employed,143,Current,4,178594,14,6,14,1,0.52,1,1,0,0,0
CUST2926,45,Male,Married,University,Self-employed,125,Savings,1,176746,21,8,13,3,0.89,1,0,0,0,0
CUST2694,21,Male,Single,Secondary,Self-employed,21,Fixed Deposit,2,104639,16,5,15,0,0.75,2,1,0,0,1
CUST2395,52,Female,Married,Primary,Employed,55,Savings,4,40178,17,5,9,0,0.6,1,1,1,1,0
CUST2266,32,Female,Divorced,Primary,Self-employed,98,Savings,3,107120,18,5,9,0,0.85,3,1,1,1,0
CUST0618,49,Male,Single,Primary,Employed,168,Savings,2,706261,17,6,13,0,0.54,1,1,0,0,0
CUST1905,25,Male,Single,Secondary,Employed,15,Fixed Deposit,1,361029,13,7,9,1,0.71,1,1,1,0,0
CUST2746,35,Female,Married,University,Self-employed,79,Savings,3,300983,17,3,7,0,0.62,1,1,0,0,0
CUST0337,30,Male,Divorced,University,Employed,40,Savings,1,84822,12,12,11,0,0.69,0,1,0,1,0
CUST2845,38,Male,Married,Primary,Employed,177,Savings,1,3981,23,5,12,0,0.66,0,1,0,0,0
CUST2074,25,Male,Married,Secondary,Employed,11,Current,2,211218,25,8,11,0,0.82,4,0,0,0,0
CUST0539,23,Male,Married,Secondary,Employed,41,Savings,1,21024,19,7,13,1,0.62,0,1,0,0,1
CUST0981,26,Male,Married,University,Employed,146,Savings,4,56826,21,5,8,1,0.69,1,0,0,0,0
CUST0956,53,Female,Married,Secondary,Self-employed,92,Savings,2,108295,12,9,15,0,0.64,1,0,1,0,0
CUST1781,37,Female,Single,Primary,Self-employed,24,Current,2,161006,12,16,11,1,0.67,0,1,0,1,1
CUST1690,45,Male,Single,None,Self-employed,16,Savings,2,87766,13,3,13,1,0.97,2,0,0,0,1
CUST2772,27,Female,Single,Primary,Employed,148,Savings,1,282061,13,7,10,1,0.53,0,1,0,1,0
CUST1522,34,Female,Single,None,Self-employed,134,Current,2,87813,8,3,12,0,0.6,1,1,0,0,0
CUST2719,34,Female,Married,Primary,Employed,105,Current,3,3994,16,11,8,0,0.61,0,1,1,1,0
CUST2909,32,Female,Married,Secondary,Employed,111,Savings,2,18172,10,4,8,0,0.99,2,1,0,0,0
CUST2705,34,Female,Single,Primary,Self-employed,73,Savings,2,168453,21,9,13,0,0.95,0,0,0,0,0
CUST1445,38,Female,Single,University,Employed,115,Savings,2,126682,16,4,17,0,0.56,0,0,0,0,0
CUST1081,27,Female,Married,Secondary,Employed,130,Savings,1,34981,20,5,8,0,0.81,1,1,1,0,0
CUST2708,43,Male,Single,Primary,Employed,150,Savings,2,7540,11,8,8,0,0.57,2,1,1,0,1
CUST2211,53,Female,Single,Primary,Unemployed,113,Current,2,72723,17,6,10,1,0.94,0,1,0,0,0
CUST2286,34,Male,Married,Primary,Self-employed,51,Savings,2,669982,11,10,8,0,0.93,2,1,0,0,0
CUST1697,40,Female,Single,University,Employed,9,Current,1,113540,12,9,6,0,0.95,1,1,0,0,0
CUST2626,37,Male,Single,Secondary,Employed,151,Savings,1,66302,20,7,7,0,0.86,0,0,0,1,0
CUST2378,35,Male,Married,Secondary,Employed,44,Savings,3,39818,18,7,15,0,0.8,3,0,0,0,1
CUST1413,39,Male,Married,Primary,Employed,146,Savings,1,25168,15,5,14,0,0.93,3,0,0,0,1
CUST0117,34,Male,Married,University,Self-employed,101,Fixed Deposit,3,161885,14,10,12,0,0.69,1,1,0,0,0
CUST0648,26,Female,Married,University,Employed,18,Savings,1,16286,21,9,14,1,0.6,0,1,1,0,0
CUST1079,34,Male,Married,Secondary,Employed,87,Savings,3,47256,19,7,8,0,0.87,0,0,0,0,1
CUST1241,47,Male,Single,Secondary,Employed,14,Savings,4,237454,12,10,14,0,0.8,1,1,0,1,0
CUST2645,41,Male,Single,Secondary,Self-employed,51,Savings,1,253112,11,11,11,0,0.54,1,0,0,1,0
CUST2605,39,Female,Married,Secondary,Employed,128,Savings,3,38357,15,8,8,0,0.59,0,1,0,1,0
CUST1706,34,Female,Married,Secondary,Self-employed,92,Current,3,168054,15,9,12,0,0.75,0,1,0,0,0
CUST2463,41,Female,Married,Primary,Employed,52,Fixed Deposit,2,29101,12,8,16,0,0.85,0,1,0,0,0
CUST0873,18,Male,Married,University,Employed,57,Current,2,149446,15,8,7,1,0.53,0,1,1,1,1
CUST2736,34,Female,Married,Primary,Self-employed,105,Savings,2,51746,20,5,9,1,0.91,0,1,0,1,0
CUST0757,20,Male,Married,Secondary,Self-employed,93,Fixed Deposit,2,61933,12,11,7,0,0.64,1,1,1,0,0
CUST1965,31,Male,Married,Secondary,Employed,50,Savings,2,16336,20,11,8,0,0.92,0,1,1,0,1
CUST0988,21,Female,Single,University,Employed,77,Fixed Deposit,2,223864,12,9,5,0,0.78,0,0,1,0,0
CUST2495,48,Female,Single,Primary,Employed,114,Savings,2,11591,10,5,14,0,0.57,3,1,0,0,0
CUST2869,28,Female,Divorced,Secondary,Self-employed,153,Savings,1,113229,12,6,11,0,0.87,2,1,0,0,0
CUST2879,30,Female,Married,Primary,Self-employed,72,Current,2,275800,20,11,8,0,0.57,1,1,0,0,0
CUST0711,47,Male,Married,University,Employed,75,Savings,1,126088,16,7,15,1,0.92,1,1,1,0,1
CUST1492,43,Female,Married,None,Employed,75,Savings,3,214081,12,7,19,0,0.98,3,1,1,0,0
CUST1234,32,Male,Married,University,Unemployed,95,Savings,1,233903,17,3,7,0,0.5,2,1,0,0,0
CUST0349,18,Male,Married,Secondary,Self-employed,150,Savings,1,88259,21,7,8,0,0.9,0,0,0,0,0
CUST1425,43,Female,Married,Primary,Employed,128,Savings,1,105888,14,12,13,0,0.89,2,1,0,1,0
CUST2225,31,Female,Single,University,Self-employed,119,Savings,1,95889,17,8,9,0,0.9,2,0,0,0,0
CUST0386,28,Male,Married,University,Employed,153,Current,1,173545,13,8,6,1,0.86,0,0,1,0,0
CUST1165,30,Male,Single,Secondary,Self-employed,170,Current,2,178908,18,3,10,1,0.94,1,0,0,0,1
CUST2072,24,Male,Married,Primary,Employed,158,Savings,2,242762,15,12,9,0,0.89,1,1,0,0,0
CUST2993,21,Male,Single,Primary,Self-employed,23,Current,4,163572,17,7,11,1,0.94,1,1,0,0,0
CUST1987,25,Male,Married,Secondary,Employed,51,Savings,2,109721,11,9,14,0,0.61,0,0,1,0,1
CUST1154,46,Male,Married,None,Employed,148,Savings,3,215716,16,4,9,0,0.65,1,1,1,0,0
CUST2213,25,Female,Married,Secondary,Employed,83,Fixed Deposit,1,20495,13,5,16,0,0.77,2,0,1,0,0
CUST1727,32,Male,Married,Secondary,Employed,10,Savings,3,98717,20,11,12,0,0.53,1,1,0,0,0
CUST1612,40,Female,Divorced,Primary,Employed,101,Current,4,41603,16,4,16,1,0.6,1,0,0,1,0
CUST1401,39,Female,Married,Secondary,Employed,67,Savings,1,77568,13,8,14,1,0.74,1,1,0,0,1
CUST2218,18,Male,Single,Secondary,Self-employed,33,Savings,4,213342,21,8,5,0,0.79,1,1,0,1,0
CUST1469,50,Female,Married,Secondary,Unemployed,148,Fixed Deposit,4,21193,18,10,11,0,0.75,0,1,1,0,0
CUST0710,37,Male,Single,Primary,Employed,116,Fixed Deposit,2,34173,12,12,15,0,0.86,0,0,0,1,0
CUST1258,45,Female,Single,Primary,Employed,132,Savings,4,588812,22,6,9,0,0.8,0,1,0,1,1
CUST2470,26,Female,Single,None,Employed,119,Savings,1,219573,13,14,6,0,0.93,0,1,1,0,0
CUST2556,31,Female,Married,None,Employed,35,Current,3,28978,16,7,6,0,0.55,2,1,1,0,0
CUST2112,32,Male,Single,None,Employed,159,Savings,4,45100,15,8,9,0,0.76,0,1,1,0,0
CUST2128,42,Male,Single,Primary,Employed,21,Current,3,36135,19,14,11,1,0.88,1,0,0,0,0
CUST1507,23,Female,Married,Primary,Self-employed,168,Current,2,70904,17,8,11,0,0.98,1,0,0,0,0
CUST2596,30,Male,Married,Secondary,Employed,94,Savings,2,2122,13,11,10,2,0.84,0,1,1,0,0
CUST2523,41,Male,Married,University,Employed,115,Current,2,293556,19,11,7,0,0.8,4,1,0,0,0
CUST2339,46,Male,Married,Secondary,Employed,62,Savings,4,47348,14,9,11,0,0.97,2,1,0,0,0
CUST2813,26,Male,Divorced,Primary,Employed,175,Savings,2,246109,17,11,10,0,0.53,1,1,1,0,0
CUST1347,49,Male,Divorced,University,Employed,73,Current,3,138045,13,6,10,1,0.82,0,1,0,0,0
CUST2527,34,Female,Single,Secondary,Employed,76,Current,2,23149,10,7,7,0,0.71,0,0,0,0,0
CUST0791,33,Female,Married,Secondary,Employed,2,Savings,3,124354,18,4,7,0,1,1,0,1,0,0
CUST1987,42,Male,Married,Secondary,Employed,148,Current,1,68236,19,12,7,0,0.74,1,1,0,0,1
CUST0905,44,Female,Single,Secondary,Self-employed,60,Current,1,83279,11,10,6,0,0.66,0,1,0,0,0
CUST1341,27,Male,Single,Secondary,Unemployed,66,Savings,3,515760,15,4,8,0,0.91,0,0,0,0,1
CUST0807,44,Female,Married,Secondary,Employed,94,Savings,2,209856,15,10,9,0,0.54,0,0,0,0,1
CUST1246,26,Male,Single,University,Employed,28,Current,4,63730,10,12,15,1,0.5,1,1,0,0,0
CUST1311,43,Female,Divorced,Secondary,Self-employed,167,Savings,2,86719,12,4,12,0,0.97,1,1,0,1,0
CUST1758,30,Female,Married,Primary,Employed,159,Savings,3,287344,4,5,9,1,0.75,1,1,0,0,1
CUST0292,27,Female,Single,Primary,Employed,168,Savings,4,31201,21,8,6,0,0.53,1,1,1,0,0
CUST1250,46,Female,Single,Secondary,Self-employed,43,Savings,3,20286,13,4,13,1,0.81,2,0,1,1,1
CUST1814,40,Female,Married,Primary,Self-employed,122,Savings,1,117863,9,9,10,0,0.54,2,1,0,0,0
CUST1708,23,Male,Single,Secondary,Self-employed,86,Savings,1,65200,10,6,8,1,0.53,3,1,1,0,0
CUST0297,44,Male,Married,Primary,Self-employed,55,Current,4,6001,19,14,8,0,0.75,3,0,0,0,0
CUST0860,32,Female,Single,Primary,Self-employed,101,Current,1,68279,18,10,8,0,0.97,4,1,1,0,1
CUST0605,41,Male,Married,Secondary,Employed,44,Current,1,62662,18,9,13,0,0.5,0,1,1,0,0
CUST2685,40,Male,Single,Secondary,Employed,93,Savings,2,273905,14,12,9,1,0.57,1,1,1,0,1
CUST1835,25,Female,Single,Primary,Employed,129,Savings,1,60021,18,7,7,0,0.72,1,1,1,0,0
CUST1261,34,Male,Single,None,Unemployed,73,Current,3,116665,12,7,12,0,0.82,2,1,0,1,0
CUST2213,35,Female,Married,None,Employed,180,Savings,4,95162,14,10,7,0,0.67,1,0,0,0,1
CUST0619,31,Female,Married,University,Unemployed,100,Savings,4,56455,18,6,8,0,0.75,1,0,0,1,0
CUST1057,18,Female,Single,Secondary,Employed,40,Current,1,66845,19,6,9,0,0.62,1,0,1,1,0
CUST0083,30,Female,Married,Secondary,Self-employed,167,Current,2,84144,30,6,7,0,0.58,0,0,1,1,0
CUST0866,40,Male,Married,Secondary,Employed,70,Fixed Deposit,2,480631,15,10,12,0,0.95,1,0,0,1,0
CUST2325,45,Male,Divorced,Secondary,Self-employed,136,Savings,2,97638,14,11,10,0,0.52,0,1,0,0,0
CUST1023,46,Female,Married,Secondary,Employed,49,Current,3,29869,19,9,8,0,0.61,0,0,1,0,0
CUST0076,42,Male,Married,Secondary,Self-employed,156,Savings,3,10158,17,5,12,3,0.87,0,0,0,1,1
CUST1118,33,Female,Single,Secondary,Self-employed,151,Savings,2,69010,20,10,13,0,0.56,2,1,0,1,0
CUST2994,32,Male,Married,University,Employed,77,Savings,2,210302,8,6,14,0,0.68,1,1,0,0,0
CUST2422,29,Female,Married,Primary,Employed,141,Fixed Deposit,2,50135,11,8,13,0,0.86,0,0,0,1,0
CUST2371,44,Female,Single,Secondary,Employed,30,Savings,1,300937,18,9,11,0,0.77,0,0,0,1,1
CUST2163,29,Male,Married,Secondary,Employed,157,Savings,1,24754,22,11,8,1,0.75,3,1,1,0,1
CUST1401,37,Female,Single,None,Self-employed,85,Current,3,66469,15,9,11,0,0.99,0,1,0,0,0
CUST2898,44,Male,Single,Secondary,Unemployed,168,Current,3,134654,16,10,11,0,0.98,1,1,0,0,0
CUST2656,39,Male,Married,Secondary,Self-employed,16,Savings,1,75494,16,5,9,0,0.64,2,0,1,0,1
CUST1382,37,Female,Married,University,Employed,136,Current,1,47883,21,13,12,0,0.78,1,0,0,1,0
CUST0682,31,Male,Single,University,Employed,169,Current,1,52437,10,5,7,1,0.95,1,0,0,0,0
CUST1448,23,Male,Single,University,Employed,42,Savings,2,416894,14,8,9,1,0.81,0,1,1,0,1
CUST2986,32,Female,Single,Secondary,Employed,83,Savings,2,8327,17,12,10,0,0.94,1,1,0,0,1
CUST1562,26,Female,Single,Primary,Employed,89,Savings,2,46687,10,10,7,0,0.99,1,0,1,1,0
CUST2445,36,Female,Divorced,Secondary,Employed,79,Current,1,48962,14,12,8,0,1,0,0,0,0,1
CUST0989,35,Female,Single,Primary,Self-employed,33,Savings,1,182830,18,4,8,0,0.88,1,0,0,0,1
CUST1961,32,Male,Single,University,Employed,135,Current,1,106545,14,9,13,0,0.65,3,1,0,0,0
CUST2440,41,Female,Married,Secondary,Self-employed,64,Current,1,23392,15,9,9,1,0.89,0,0,0,0,0
CUST1738,50,Female,Married,Secondary,Employed,13,Current,4,74875,17,8,13,0,0.89,0,1,0,0,1
CUST2641,36,Female,Single,University,Employed,31,Current,1,39141,14,7,11,0,0.85,1,0,0,0,1
CUST1471,40,Male,Married,None,Employed,85,Savings,1,107238,20,11,13,0,0.61,1,1,1,0,1
CUST1362,25,Female,Single,Secondary,Self-employed,1,Savings,1,577255,12,7,6,0,0.68,1,0,0,0,0
CUST2792,34,Female,Single,Primary,Employed,139,Fixed Deposit,1,220750,13,4,13,0,0.85,0,1,0,0,0
CUST0243,35,Male,Single,University,Employed,26,Current,2,83990,20,8,12,0,0.83,3,0,0,1,1
CUST2154,40,Female,Single,Secondary,Employed,19,Current,4,331494,15,8,8,0,0.64,1,0,0,1,0
CUST2059,39,Female,Single,Secondary,Employed,93,Current,2,121412,21,10,17,0,0.94,1,0,1,0,0
CUST0625,37,Female,Married,Primary,Employed,79,Current,2,371112,13,9,12,0,0.97,1,1,0,0,1
CUST0386,39,Male,Married,Secondary,Self-employed,111,Savings,1,44861,15,9,10,0,0.89,3,1,1,1,0
CUST2451,26,Female,Single,Secondary,Self-employed,64,Current,3,195696,17,8,12,1,0.74,2,1,0,0,1
CUST0461,37,Male,Single,University,Employed,27,Savings,1,49736,11,9,12,0,0.94,0,1,0,1,0
CUST0141,19,Male,Married,Secondary,Employed,159,Savings,2,460134,15,8,5,0,0.52,0,1,1,0,0
CUST0031,44,Female,Married,Secondary,Employed,99,Savings,2,88006,14,8,9,0,0.98,1,1,1,0,0
CUST1950,42,Male,Married,Primary,Unemployed,74,Savings,3,259443,18,4,14,0,0.68,2,1,0,1,0
CUST1139,35,Male,Married,Secondary,Self-employed,126,Fixed Deposit,4,84312,13,9,14,1,0.78,1,0,0,0,0
CUST1814,52,Female,Married,Primary,Employed,34,Current,1,475748,15,6,5,0,0.51,1,1,0,0,0
CUST0094,30,Male,Single,Primary,Employed,136,Current,3,230092,17,11,10,0,0.51,1,0,0,0,0
CUST0016,48,Female,Single,None,Employed,153,Savings,1,22230,14,8,8,1,0.96,3,1,0,0,0
CUST0178,42,Female,Single,Secondary,Self-employed,171,Savings,2,124846,16,10,18,0,0.86,3,1,0,0,0
CUST1436,57,Male,Married,University,Employed,35,Current,1,201632,13,8,10,1,0.99,1,0,0,0,1
CUST2225,48,Female,Single,Secondary,Self-employed,51,Savings,4,44849,15,11,5,0,0.79,0,0,0,1,0
CUST0524,43,Female,Married,Primary,Employed,66,Current,3,86669,15,6,9,0,0.99,1,1,0,0,1
CUST1461,41,Female,Married,Secondary,Self-employed,120,Savings,1,3362,19,21,9,1,0.77,0,1,0,0,0
CUST0924,40,Male,Single,University,Employed,119,Savings,2,337775,14,9,4,0,0.78,0,0,0,0,1
CUST1602,44,Female,Married,Secondary,Self-employed,87,Savings,3,115448,17,5,10,0,0.91,0,0,1,0,0
CUST0204,43,Male,Single,None,Unemployed,177,Current,2,175733,13,8,8,1,0.75,1,0,1,1,0
CUST2421,47,Female,Single,University,Employed,115,Current,1,102097,16,9,6,0,0.64,1,1,0,0,1
CUST2694,34,Female,Single,Secondary,Employed,53,Savings,1,324562,19,5,10,0,0.85,0,1,0,0,1
CUST2432,53,Male,Single,University,Employed,77,Savings,1,44724,17,8,13,2,0.7,0,1,0,1,0
CUST1146,35,Female,Single,Primary,Employed,1,Current,4,93005,20,4,13,0,0.54,1,1,0,0,0
CUST2363,22,Male,Married,University,Employed,23,Savings,3,42570,18,5,22,0,0.66,0,1,0,0,0
CUST0259,48,Male,Married,Secondary,Employed,175,Savings,4,71227,15,9,6,0,0.8,0,1,0,0,0
CUST0494,21,Female,Married,Primary,Self-employed,39,Current,1,197319,14,9,6,0,0.72,2,0,0,1,0
CUST1889,35,Female,Single,Secondary,Employed,124,Savings,3,62673,18,4,10,0,0.63,1,1,1,0,1
CUST1784,27,Female,Married,Primary,Employed,15,Savings,1,188470,22,8,7,0,0.85,1,1,0,0,0
CUST1313,48,Male,Married,Primary,Self-employed,145,Savings,1,220131,11,6,10,0,0.73,2,1,1,0,0
CUST1355,42,Male,Married,Secondary,Employed,74,Savings,1,184947,12,9,8,0,0.91,1,1,0,0,0
CUST1132,28,Male,Married,Primary,Self-employed,100,Savings,1,169234,16,7,11,0,0.77,0,1,0,0,0
CUST1325,46,Female,Single,Secondary,Employed,161,Savings,1,50239,16,9,7,0,0.62,2,0,1,0,1
CUST0010,37,Female,Single,None,Employed,81,Current,1,309522,11,6,10,0,0.69,0,0,1,0,0
CUST0170,42,Male,Married,Primary,Employed,101,Savings,2,14302,19,4,12,0,0.91,1,0,0,1,0
CUST2450,44,Male,Single,Secondary,Employed,28,Savings,1,8173,13,11,8,0,0.88,1,1,0,0,1
CUST1233,30,Male,Married,Primary,Employed,143,Current,1,10159,21,10,11,1,0.76,2,1,0,0,0
CUST1851,38,Female,Single,Primary,Employed,147,Savings,1,189870,16,13,8,2,0.96,1,1,1,0,0
CUST1673,18,Female,Divorced,Secondary,Employed,14,Current,2,163877,18,9,8,0,1,2,0,1,0,0
CUST0108,31,Female,Married,Secondary,Self-employed,157,Savings,1,171771,14,7,14,1,0.91,0,1,1,0,0
CUST0008,43,Female,Single,None,Employed,139,Savings,1,262809,13,10,13,0,0.77,3,1,0,1,0
CUST0626,45,Female,Single,University,Self-employed,11,Savings,1,163490,22,4,11,0,0.63,0,1,1,0,0
CUST0261,41,Female,Married,Primary,Employed,162,Current,1,55141,15,4,7,0,0.98,1,1,0,0,0
CUST2589,37,Male,Single,Secondary,Employed,167,Current,1,17285,15,5,12,0,0.77,3,1,0,0,1
CUST2374,42,Female,Married,Primary,Self-employed,103,Savings,2,788687,15,9,5,0,0.89,0,1,0,0,1
CUST1098,26,Male,Married,Primary,Self-employed,22,Current,3,125728,12,7,5,0,0.9,0,1,1,0,0
CUST2330,28,Male,Single,Primary,Self-employed,12,Savings,1,618655,13,13,17,0,0.95,1,0,1,0,1
CUST1609,26,Female,Divorced,University,Employed,135,Savings,1,39364,17,7,13,0,0.81,1,1,1,0,1
CUST1911,39,Male,Divorced,Secondary,Employed,24,Current,3,142220,14,5,7,0,0.99,1,0,0,1,0
CUST1286,36,Female,Divorced,Secondary,Self-employed,116,Current,3,237194,10,10,12,0,0.54,0,1,0,0,0
CUST1760,39,Female,Single,Primary,Self-employed,160,Savings,4,622608,8,7,8,0,0.55,0,1,0,0,0
CUST0204,39,Female,Single,None,Employed,11,Savings,1,437188,12,10,10,0,0.81,1,1,0,0,0
CUST1747,47,Male,Married,University,Employed,153,Savings,3,142892,14,7,9,0,0.95,0,1,0,1,0
CUST1243,52,Female,Single,Primary,Unemployed,17,Current,3,238122,9,5,13,1,0.55,2,1,0,0,1
CUST2744,22,Female,Married,University,Employed,74,Current,3,33811,17,10,8,0,0.7,2,1,1,0,0
CUST0667,39,Male,Married,Secondary,Employed,81,Savings,1,46230,14,9,9,0,0.61,0,1,0,0,0
CUST0990,29,Male,Single,University,Employed,10,Current,1,2496,18,11,8,0,0.58,1,0,0,0,0
CUST1143,49,Male,Single,University,Self-employed,116,Savings,1,84264,8,11,11,0,0.69,0,1,0,0,0
CUST0452,42,Female,Divorced,None,Employed,97,Current,2,385793,24,10,11,1,0.87,0,0,0,0,0
CUST0856,47,Male,Single,Primary,Employed,136,Savings,2,41105,18,8,11,0,0.55,1,0,1,0,1
CUST1948,23,Male,Married,Secondary,Self-employed,10,Savings,1,246715,9,7,12,0,0.68,3,0,0,1,0
CUST1603,36,Male,Divorced,Primary,Employed,112,Savings,1,133829,12,6,13,1,1,1,0,0,0,0
CUST2670,51,Female,Married,Secondary,Employed,23,Savings,1,194873,15,11,12,0,0.88,1,0,0,0,0
CUST1960,26,Female,Single,Primary,Unemployed,151,Current,2,2896,6,6,12,0,0.55,1,1,0,0,1
CUST0646,25,Female,Married,Secondary,Employed,137,Savings,2,46344,9,5,9,0,0.85,0,1,0,0,0
CUST1060,34,Female,Single,Secondary,Employed,106,Current,2,29918,19,16,10,0,0.64,0,1,0,1,0
CUST1264,28,Male,Married,Primary,Employed,179,Savings,2,30441,17,10,14,1,0.61,1,1,0,0,0
CUST0891,43,Female,Married,Secondary,Unemployed,82,Savings,2,507217,8,8,11,3,0.76,1,1,1,0,1
CUST1656,31,Female,Married,Secondary,Self-employed,118,Savings,1,97928,18,7,10,2,0.94,0,1,0,1,1
CUST1886,33,Male,Divorced,Secondary,Employed,84,Savings,1,112230,20,9,7,0,0.55,0,0,1,0,1
CUST1328,22,Male,Married,Primary,Self-employed,151,Fixed Deposit,2,102713,11,6,13,0,0.67,3,0,0,0,1
CUST0665,39,Male,Single,Primary,Self-employed,129,Current,2,90421,12,7,10,0,0.58,1,1,0,0,0
CUST2035,42,Female,Married,Primary,Self-employed,151,Current,1,32184,13,6,6,0,0.7,2,1,0,0,0
CUST1636,22,Male,Married,Primary,Employed,162,Current,1,102081,16,9,7,0,0.69,0,0,0,0,0
CUST0793,49,Female,Married,Secondary,Employed,173,Savings,2,271707,11,10,11,0,0.72,3,1,1,0,0
CUST1412,26,Female,Single,Primary,Employed,90,Fixed Deposit,1,73319,17,7,9,0,0.94,1,0,0,0,0
CUST2511,40,Female,Married,None,Self-employed,113,Current,4,1506,19,5,5,0,0.91,1,0,0,0,1
CUST1204,37,Female,Single,University,Unemployed,49,Current,1,446982,14,10,10,0,0.91,1,0,0,0,1
CUST0278,26,Male,Married,Secondary,Unemployed,108,Current,3,38952,11,7,7,0,0.96,3,0,1,0,1
CUST0241,29,Female,Married,Primary,Employed,31,Current,2,157680,18,7,11,0,0.54,1,1,0,0,1
CUST0024,44,Male,Single,Secondary,Self-employed,126,Savings,3,69964,16,8,9,0,0.9,1,1,1,0,0
CUST2727,34,Male,Single,Secondary,Self-employed,178,Current,2,524225,12,7,14,0,0.67,1,1,0,1,0
CUST1727,33,Male,Single,None,Self-employed,101,Savings,1,65993,19,8,13,0,0.52,1,1,0,1,0
CUST2085,44,Male,Married,Primary,Self-employed,61,Savings,2,78183,15,11,7,0,0.57,2,1,0,0,0
CUST2734,39,Female,Married,Secondary,Employed,98,Savings,2,69212,13,11,8,1,0.58,2,0,0,1,1
CUST2614,33,Female,Single,Primary,Self-employed,76,Savings,1,276734,18,5,7,0,0.69,0,0,0,0,0
CUST1327,37,Female,Single,None,Employed,102,Current,2,120131,15,8,12,0,0.6,1,1,1,0,0
CUST1743,22,Male,Single,Primary,Self-employed,65,Savings,1,75130,15,8,7,0,0.95,1,1,1,0,0
CUST2067,38,Male,Single,University,Self-employed,10,Savings,3,32293,14,8,13,1,0.67,1,1,0,0,0
CUST1695,57,Female,Single,Secondary,Self-employed,14,Savings,1,30132,24,7,18,0,0.57,1,1,0,0,0
CUST0378,33,Female,Single,Secondary,Self-employed,178,Savings,1,109258,17,3,11,0,0.67,2,1,0,0,0
CUST0549,29,Female,Single,Secondary,Employed,123,Fixed Deposit,2,337069,11,6,7,0,0.97,3,1,0,0,1
CUST1639,49,Male,Single,University,Employed,84,Current,3,57746,17,8,7,0,0.62,1,1,0,0,0
CUST1268,43,Female,Single,University,Employed,108,Savings,1,379607,12,8,5,0,0.77,1,0,0,0,0
CUST2096,49,Male,Single,Secondary,Employed,109,Savings,2,115732,21,8,9,0,0.82,3,0,0,0,0
CUST2512,41,Female,Single,University,Self-employed,31,Savings,3,152121,15,3,6,0,0.93,2,0,1,0,1
CUST0393,39,Female,Married,Primary,Employed,43,Savings,1,96934,12,6,7,0,0.78,1,0,0,0,0
CUST1395,42,Male,Married,None,Employed,33,Savings,2,89235,11,6,11,0,0.94,2,1,0,0,0
CUST0670,26,Male,Married,Secondary,Self-employed,9,Savings,2,158405,12,3,9,0,0.74,1,1,0,0,0
CUST1213,38,Male,Married,Secondary,Employed,70,Current,1,421173,11,9,13,1,0.52,0,1,0,1,0
CUST0311,39,Male,Single,Primary,Employed,55,Current,2,113820,17,14,16,0,0.55,1,1,0,0,0
CUST2237,54,Male,Single,Secondary,Employed,101,Current,2,57580,14,8,10,0,0.79,0,1,0,1,0
CUST1442,44,Female,Divorced,Primary,Employed,101,Fixed Deposit,1,105142,8,3,12,1,0.84,2,1,0,0,0
CUST1406,51,Male,Married,Secondary,Self-employed,51,Current,1,498778,15,6,9,0,0.76,0,1,0,0,0
CUST2086,36,Female,Married,University,Employed,137,Current,1,133615,15,5,12,0,0.55,1,1,0,0,0
CUST1108,27,Female,Single,Primary,Unemployed,30,Current,4,67677,14,6,11,0,0.53,1,0,0,0,1
CUST0319,27,Female,Married,University,Employed,69,Savings,1,313721,11,12,8,1,0.67,1,1,0,1,0
CUST2734,22,Female,Single,Primary,Employed,129,Current,1,87092,23,13,11,0,0.59,0,1,0,0,1
CUST2894,18,Female,Single,Primary,Employed,91,Current,1,177186,15,10,9,1,0.74,2,1,0,0,0
CUST1862,31,Female,Married,Primary,Self-employed,130,Savings,1,224524,17,5,8,0,0.83,0,0,0,0,0
CUST1666,30,Male,Divorced,Secondary,Employed,38,Savings,1,159884,14,9,8,0,0.95,0,1,0,0,0
CUST0120,49,Female,Married,University,Employed,61,Fixed Deposit,1,62687,15,11,11,0,0.96,2,1,1,1,0
CUST2760,19,Female,Single,University,Self-employed,14,Current,3,31027,12,9,10,1,0.74,0,1,0,1,0
CUST1557,37,Female,Married,Secondary,Unemployed,114,Savings,1,10916,17,5,13,0,0.58,2,1,0,0,0
CUST2489,31,Female,Married,Secondary,Employed,122,Savings,3,194511,16,17,9,1,0.81,0,1,0,1,0
CUST0599,42,Female,Single,Primary,Employed,151,Current,1,42656,12,11,8,0,0.82,0,1,1,1,0
CUST2120,43,Female,Married,University,Self-employed,85,Savings,1,379732,16,10,8,0,0.97,1,1,1,1,0
CUST1339,27,Female,Single,University,Employed,94,Savings,1,199765,10,3,12,0,0.55,0,0,0,0,0
CUST2762,33,Female,Divorced,Primary,Employed,69,Savings,1,279379,20,7,9,0,0.97,2,0,0,0,0
CUST2725,33,Male,Single,Secondary,Employed,3,Savings,3,230468,15,8,11,0,0.88,1,0,0,0,0
CUST2129,24,Male,Single,Secondary,Employed,32,Savings,3,325856,9,8,10,0,0.74,0,1,1,0,0
CUST1079,36,Female,Married,Secondary,Self-employed,129,Current,2,63095,13,5,10,1,0.77,2,1,0,0,0
CUST0134,31,Male,Single,Secondary,Employed,100,Savings,1,102321,13,11,5,1,0.94,1,1,0,0,0
CUST0424,29,Male,Married,University,Unemployed,98,Current,2,138883,12,6,10,0,0.75,1,1,0,1,0
CUST2804,25,Male,Single,None,Employed,89,Current,2,29370,17,5,8,1,0.99,1,1,0,0,0
CUST2054,36,Female,Married,Primary,Employed,36,Savings,3,29445,15,4,9,0,0.73,0,0,0,0,0
CUST0879,36,Female,Single,University,Employed,122,Savings,1,150383,15,8,15,1,0.89,1,1,1,0,1
CUST0668,29,Male,Single,Primary,Employed,86,Current,4,8763,15,16,11,0,0.85,1,1,0,0,1
CUST1824,51,Female,Divorced,Primary,Employed,114,Current,2,77259,13,8,16,0,0.53,1,0,0,0,0
CUST0049,23,Male,Married,Secondary,Employed,125,Savings,1,18965,16,6,11,0,0.65,1,1,0,0,0
CUST1500,33,Male,Married,Primary,Employed,91,Savings,4,43524,14,10,11,0,0.66,1,1,0,0,0
CUST0193,28,Male,Single,Primary,Employed,3,Savings,1,251008,15,8,10,0,0.92,0,0,0,1,1
CUST2757,44,Male,Married,Secondary,Self-employed,145,Savings,4,294854,17,10,11,0,0.86,1,0,0,0,0
CUST2507,46,Female,Married,Secondary,Self-employed,167,Fixed Deposit,2,117087,12,7,9,0,0.6,1,1,0,1,0
CUST0303,18,Male,Married,Secondary,Employed,148,Savings,3,38920,10,9,7,0,0.59,2,0,0,1,0
CUST2946,29,Female,Divorced,None,Employed,9,Current,2,84110,13,9,9,0,0.87,1,1,0,0,0
CUST2238,18,Female,Married,Secondary,Self-employed,177,Fixed Deposit,1,93851,17,3,7,0,0.56,0,0,0,1,0
CUST0191,53,Female,Married,Primary,Unemployed,38,Savings,1,84405,16,5,7,0,0.83,1,1,0,0,1
CUST2494,36,Male,Married,University,Employed,100,Savings,2,270039,19,12,12,0,0.83,1,1,1,0,0
CUST2167,39,Male,Married,Secondary,Employed,177,Savings,1,18932,16,7,9,0,0.5,1,0,0,0,0
CUST1651,35,Female,Married,None,Self-employed,145,Current,1,64708,19,7,12,0,0.85,0,1,1,0,0
CUST0817,19,Male,Divorced,Primary,Employed,13,Savings,2,384301,16,8,11,0,0.72,1,1,0,1,0
CUST2109,19,Male,Divorced,Primary,Employed,175,Savings,3,152632,19,10,15,0,0.93,0,0,0,0,0
CUST1446,44,Female,Single,Secondary,Employed,125,Savings,2,157265,17,12,12,0,0.91,4,0,0,0,1
CUST1316,39,Male,Divorced,Primary,Employed,82,Fixed Deposit,3,487026,14,7,9,0,0.62,2,1,1,0,0
CUST1397,28,Male,Single,Primary,Self-employed,61,Savings,2,187641,19,7,17,0,0.87,0,1,0,0,1
CUST1559,21,Female,Married,University,Employed,160,Savings,4,175287,18,8,6,0,0.94,0,1,1,1,0
CUST2163,42,Male,Married,University,Employed,46,Savings,3,201128,9,7,11,0,0.84,0,1,0,1,1
CUST2978,26,Female,Married,Secondary,Self-employed,94,Savings,2,104642,18,9,4,1,0.68,2,1,1,0,0
CUST1624,32,Male,Single,Secondary,Employed,101,Savings,1,133126,19,5,9,0,0.67,1,1,0,1,0
CUST0950,43,Male,Divorced,Secondary,Unemployed,25,Savings,1,105199,19,9,10,0,0.64,0,1,1,1,1
CUST1437,26,Female,Married,Primary,Employed,153,Savings,3,110944,14,2,9,0,0.58,0,0,0,0,0
CUST0698,22,Male,Single,Primary,Employed,64,Current,2,439281,11,7,7,1,0.95,2,1,0,0,0
CUST1787,54,Female,Single,University,Employed,170,Current,3,33681,14,10,7,0,0.65,0,0,1,0,0
CUST1227,30,Male,Divorced,University,Employed,20,Current,1,143234,17,5,8,0,0.57,0,1,1,1,0
CUST0758,53,Female,Single,Primary,Employed,82,Current,2,24034,10,11,1,0,0.6,0,1,0,0,0
CUST0993,30,Male,Single,Primary,Employed,165,Savings,1,114107,10,12,15,0,0.62,1,1,0,0,0
CUST1464,39,Male,Single,Primary,Employed,180,Savings,4,431748,19,7,6,0,0.91,0,0,0,0,0
CUST2995,40,Male,Married,Secondary,Employed,127,Fixed Deposit,2,15005,12,11,9,0,0.55,1,1,0,0,0
CUST2738,23,Male,Married,University,Employed,129,Savings,1,28970,15,11,7,1,0.86,1,0,0,0,1
CUST0251,28,Female,Married,Primary,Self-employed,24,Savings,2,14053,17,11,9,0,0.7,1,1,1,1,1
CUST2608,54,Female,Single,Secondary,Employed,64,Fixed Deposit,4,11722,5,8,9,0,0.92,0,1,1,0,1
CUST0643,35,Male,Single,Primary,Employed,147,Savings,1,130504,14,5,8,0,0.79,2,1,1,1,1
CUST2593,46,Female,Married,None,Self-employed,4,Savings,2,380118,16,6,11,1,0.89,0,1,0,0,0
CUST0990,19,Male,Divorced,Primary,Employed,11,Current,1,13374,15,11,14,0,0.83,0,0,1,0,0
CUST2210,44,Male,Married,University,Employed,7,Current,2,25259,20,6,12,1,0.69,1,1,1,0,1
CUST1346,32,Female,Single,University,Unemployed,39,Savings,1,285719,9,4,4,0,0.87,2,0,0,0,0
CUST2624,33,Female,Married,Secondary,Self-employed,58,Savings,3,335856,20,10,10,0,0.67,0,1,1,0,1
CUST2216,30,Male,Married,Secondary,Self-employed,40,Savings,1,89821,12,13,8,0,0.75,3,1,0,0,0
CUST2836,34,Female,Single,Secondary,Employed,180,Current,1,25892,19,8,7,0,0.79,0,1,0,0,0
CUST2126,37,Male,Divorced,Secondary,Employed,72,Savings,1,37264,8,12,6,0,0.67,1,0,0,0,1
CUST0665,18,Female,Single,Primary,Self-employed,74,Savings,2,350304,13,7,10,0,0.79,0,0,0,0,0
CUST1517,27,Female,Married,Primary,Employed,51,Savings,2,55427,16,5,9,0,0.52,0,1,1,0,1
CUST1448,40,Male,Married,Primary,Self-employed,34,Savings,1,95512,20,8,9,1,0.91,1,0,0,1,1
CUST0445,34,Male,Married,University,Employed,114,Current,1,19886,22,3,10,0,0.83,0,1,0,0,0
CUST0095,36,Male,Married,None,Employed,81,Savings,1,86940,18,3,8,0,0.62,1,1,0,1,0
CUST0379,32,Male,Married,Secondary,Self-employed,79,Fixed Deposit,2,240331,14,10,11,0,0.65,1,1,0,1,1
CUST1366,47,Male,Single,None,Self-employed,61,Savings,1,421948,13,8,3,0,0.6,3,1,1,0,1
CUST2269,35,Female,Single,University,Employed,30,Current,3,14123,10,8,7,0,0.88,1,0,0,1,0
CUST2744,34,Female,Married,Secondary,Employed,157,Current,1,335088,14,10,15,0,0.89,2,0,1,0,0
CUST0620,42,Male,Married,Secondary,Employed,33,Savings,2,203481,8,9,4,0,0.63,0,0,0,0,1
CUST0448,58,Female,Married,Primary,Employed,162,Current,3,106346,18,8,6,0,0.63,1,1,0,0,0
CUST0242,40,Female,Single,Secondary,Employed,33,Savings,3,250493,15,7,10,0,0.5,1,0,0,0,1
CUST2975,47,Male,Married,Primary,Self-employed,71,Savings,2,53817,11,7,7,0,0.67,2,1,0,0,0
CUST2862,27,Male,Married,Primary,Unemployed,128,Current,2,123501,20,10,11,0,0.87,1,1,1,1,0
CUST1992,36,Male,Married,Secondary,Self-employed,80,Savings,2,224863,7,5,6,0,0.86,1,1,0,0,0
CUST2974,30,Female,Married,Secondary,Employed,139,Savings,1,6490,13,7,11,1,0.77,0,0,0,0,0
CUST0407,44,Female,Married,Secondary,Employed,50,Current,3,27586,17,6,7,0,0.59,0,1,1,0,1
CUST2277,36,Female,Married,Primary,Unemployed,176,Savings,2,141931,10,11,10,0,0.51,4,0,0,0,1
CUST2833,41,Male,Divorced,Primary,Employed,143,Current,4,73202,13,11,12,0,0.65,1,0,0,0,0
CUST1498,62,Female,Single,Secondary,Unemployed,62,Savings,3,396844,13,3,4,0,0.96,3,1,0,0,1
CUST2747,28,Male,Married,Secondary,Self-employed,42,Savings,1,79673,10,7,17,0,0.6,2,0,0,1,1
CUST1465,41,Male,Single,Secondary,Employed,77,Savings,2,149158,14,3,15,0,0.68,2,1,0,1,1
CUST0218,25,Female,Married,Primary,Employed,130,Savings,1,138463,15,9,18,0,0.95,3,0,0,0,1
CUST0648,28,Female,Single,Secondary,Employed,70,Current,1,190362,16,6,5,0,0.82,0,1,0,0,0
CUST0079,46,Female,Married,University,Employed,143,Current,2,92229,10,8,13,0,0.93,2,1,0,0,0
CUST1531,34,Female,Single,University,Employed,29,Current,2,263806,13,7,10,0,0.6,1,0,0,0,0
CUST2285,39,Male,Married,Secondary,Employed,52,Current,1,1682,16,9,14,0,0.57,2,0,0,1,1
CUST0579,28,Male,Married,Secondary,Unemployed,163,Savings,3,40595,15,10,12,0,0.93,0,1,1,0,0
CUST1831,34,Male,Married,Secondary,Employed,131,Current,1,17834,16,8,7,0,0.9,3,0,0,0,1
CUST2977,25,Male,Single,None,Employed,33,Savings,3,350174,14,12,12,1,0.78,3,1,0,1,1
CUST0422,41,Female,Divorced,University,Employed,133,Savings,1,118657,13,5,11,0,0.75,2,1,0,0,0
CUST0493,26,Female,Single,Secondary,Employed,29,Current,1,146709,15,5,10,1,0.7,1,1,1,0,0
CUST0730,32,Female,Single,Secondary,Employed,88,Fixed Deposit,1,138154,10,13,13,0,0.53,1,0,0,0,0
CUST1820,31,Male,Married,Primary,Employed,5,Savings,1,139970,13,11,9,1,0.88,1,1,0,0,0
CUST2257,37,Female,Single,Secondary,Employed,167,Savings,4,407769,16,9,15,1,0.82,0,1,1,0,0
CUST0599,31,Male,Married,Primary,Employed,42,Current,2,39449,12,7,11,0,0.86,0,1,0,0,1
CUST0877,22,Male,Single,Secondary,Self-employed,62,Savings,3,13762,13,6,10,1,0.78,0,0,0,0,0
CUST2406,38,Female,Married,Secondary,Self-employed,29,Savings,1,47036,18,5,13,0,0.84,0,1,0,0,0
CUST1065,43,Female,Single,Primary,Self-employed,35,Current,1,26451,6,5,7,0,0.54,0,1,0,0,0
CUST0904,52,Male,Single,Secondary,Employed,89,Current,3,181802,14,7,13,0,0.74,2,0,1,0,0
CUST0848,20,Female,Single,None,Self-employed,19,Savings,1,6018,19,5,7,0,0.82,0,0,0,0,0
CUST2934,49,Male,Married,Primary,Self-employed,4,Savings,3,8254,15,9,7,0,0.81,0,1,0,0,1
CUST0450,25,Female,Married,Primary,Employed,147,Current,1,241868,15,14,13,0,0.69,2,0,1,0,0
CUST1256,33,Male,Married,None,Self-employed,128,Fixed Deposit,2,356100,10,5,5,1,0.7,1,0,1,1,1
CUST1358,23,Female,Divorced,University,Unemployed,123,Savings,2,29768,18,3,10,0,0.58,0,1,0,0,0
CUST2444,50,Male,Single,None,Self-employed,179,Savings,2,9340,26,8,9,0,0.75,0,1,0,0,0
CUST1864,36,Male,Single,Primary,Self-employed,177,Savings,3,257275,12,8,15,0,0.78,0,1,0,0,0
CUST2687,35,Male,Married,Primary,Self-employed,5,Savings,2,79267,5,8,8,0,0.89,2,1,0,0,0
CUST0041,39,Female,Married,University,Employed,117,Current,1,243581,13,5,16,0,0.8,1,0,1,0,1
CUST0201,64,Male,Married,University,Employed,61,Current,2,423514,6,9,7,0,0.58,1,1,1,0,0
CUST0052,28,Female,Married,Primary,Employed,114,Current,1,10654,10,8,5,0,0.91,2,1,0,1,1
CUST1249,39,Male,Single,Primary,Self-employed,135,Current,4,252154,15,8,9,0,0.62,4,1,0,0,0
CUST2115,36,Female,Married,None,Employed,11,Savings,3,203408,17,10,10,0,0.92,0,1,0,0,1
CUST0680,37,Female,Married,Secondary,Employed,158,Current,1,27553,13,6,18,0,0.75,1,0,0,0,1
CUST0577,46,Male,Married,Primary,Employed,113,Savings,1,198867,11,7,14,0,0.5,2,0,1,0,0
CUST0457,37,Female,Single,None,Employed,22,Current,3,35900,22,12,13,0,0.63,4,1,0,0,1
CUST1015,34,Female,Single,Primary,Employed,56,Savings,2,112826,18,5,11,1,0.8,2,1,0,0,0
CUST1927,38,Female,Divorced,Primary,Self-employed,125,Savings,2,68842,20,6,8,2,0.7,2,1,0,0,1
CUST1565,28,Male,Single,University,Employed,125,Savings,3,166130,13,8,8,0,0.62,0,1,0,1,0
CUST1044,54,Female,Married,Primary,Employed,30,Savings,3,59749,17,13,19,0,0.76,1,1,0,0,0
CUST1230,54,Male,Single,None,Employed,73,Current,4,165670,13,8,10,0,0.73,0,0,0,0,0
CUST2172,27,Female,Single,Primary,Self-employed,14,Savings,3,343597,27,9,11,0,0.67,1,1,1,0,0
CUST2640,18,Male,Single,University,Employed,66,Savings,4,66840,19,11,8,1,0.54,0,0,0,0,0
CUST2788,55,Female,Divorced,Secondary,Self-employed,166,Savings,3,119429,14,9,11,1,0.65,1,1,0,0,0
CUST2093,40,Male,Single,Primary,Self-employed,152,Savings,2,49277,23,9,7,0,0.97,0,1,0,1,0
CUST2139,21,Male,Divorced,None,Unemployed,18,Savings,1,19575,18,5,13,0,0.76,0,1,0,0,0
CUST2701,27,Female,Married,University,Employed,30,Savings,2,31048,17,5,13,0,0.73,1,1,0,0,1
CUST2004,25,Female,Divorced,Primary,Employed,143,Fixed Deposit,1,110697,13,11,7,2,0.59,1,0,1,1,0
CUST0606,36,Female,Married,Secondary,Self-employed,79,Savings,1,190144,17,11,18,1,0.63,0,1,0,0,0
CUST2175,32,Male,Single,Secondary,Self-employed,143,Savings,2,16630,19,6,5,0,0.91,0,0,1,0,0
CUST0839,49,Male,Single,University,Self-employed,50,Savings,2,123536,16,8,8,0,0.96,2,0,0,0,0
CUST2041,54,Male,Married,Primary,Unemployed,96,Fixed Deposit,3,84516,13,6,15,0,0.98,0,0,1,0,0
CUST2643,44,Male,Single,Primary,Employed,11,Savings,2,285211,13,6,7,0,0.54,1,1,0,0,0
CUST2795,35,Female,Married,University,Self-employed,51,Current,4,216990,19,9,12,0,0.99,3,0,1,0,0
CUST0499,46,Female,Married,Primary,Self-employed,42,Savings,1,557905,15,9,11,0,0.54,1,1,1,0,1
CUST0599,28,Female,Married,Secondary,Employed,78,Savings,1,122004,20,11,15,0,0.52,1,1,0,0,0
CUST1658,29,Female,Married,Primary,Self-employed,108,Savings,3,177844,18,11,11,0,0.81,2,0,0,0,1
CUST0931,35,Male,Single,None,Employed,27,Current,1,286308,11,8,6,0,0.7,1,1,0,1,0
CUST2950,33,Male,Single,Secondary,Unemployed,22,Current,2,66910,17,3,9,0,0.54,1,0,1,0,1
CUST0071,27,Female,Single,Secondary,Employed,173,Savings,3,274767,16,8,5,0,0.81,0,1,0,0,0
CUST1796,39,Female,Married,University,Self-employed,148,Current,2,363923,15,8,6,0,0.91,0,0,1,0,0
CUST0081,29,Male,Married,Primary,Employed,81,Fixed Deposit,1,113214,12,6,10,0,0.53,1,1,0,0,1
CUST2824,46,Male,Married,Primary,Employed,147,Fixed Deposit,1,41751,11,8,11,0,0.92,3,0,1,0,1
CUST0876,31,Male,Single,Secondary,Self-employed,145,Current,1,222296,9,7,9,0,0.74,0,0,0,1,1
CUST0896,31,Male,Single,Secondary,Employed,74,Savings,1,261206,14,7,10,0,0.83,0,0,0,1,0
CUST1774,34,Female,Married,Primary,Employed,36,Current,1,166852,12,10,8,0,0.81,0,0,1,0,0
CUST0270,49,Male,Single,Secondary,Self-employed,144,Savings,2,165464,11,6,10,1,0.54,3,0,0,0,0
CUST1436,41,Male,Married,University,Self-employed,63,Savings,2,251734,13,9,12,0,0.9,0,0,0,1,1
CUST1670,39,Male,Single,University,Employed,145,Savings,2,113878,13,4,7,0,0.5,1,1,0,0,0
CUST2185,45,Male,Single,Secondary,Employed,3,Savings,2,1239,13,14,10,0,0.9,1,1,0,1,0
CUST2721,24,Male,Single,None,Employed,110,Savings,3,108723,18,11,13,0,0.66,2,1,0,0,1
CUST0628,46,Female,Single,Secondary,Employed,73,Savings,3,163050,18,10,9,0,0.73,0,1,0,0,0
CUST1070,35,Female,Married,Primary,Self-employed,126,Savings,2,190520,16,10,11,0,0.72,3,0,0,0,0
CUST2112,21,Male,Married,University,Self-employed,104,Current,3,229059,13,8,7,0,0.68,1,1,0,0,1
CUST2579,29,Female,Married,Secondary,Employed,36,Current,2,110118,19,9,7,0,0.71,2,1,0,0,0
CUST2277,31,Female,Single,University,Employed,114,Current,3,329834,13,9,9,0,0.95,0,0,1,0,0
CUST1634,50,Female,Married,Primary,Employed,36,Current,2,351072,8,3,13,0,0.85,1,1,0,0,0
CUST0836,18,Male,Married,Primary,Employed,109,Savings,2,75691,11,11,12,0,0.64,0,0,0,0,0
CUST1531,32,Female,Single,Primary,Self-employed,155,Current,2,64165,12,4,9,0,1,0,0,0,0,0
CUST0602,25,Female,Married,Secondary,Self-employed,161,Fixed Deposit,2,175718,16,10,13,0,0.6,0,1,0,0,0
CUST0331,38,Female,Single,Secondary,Self-employed,70,Savings,3,71445,21,11,6,0,0.84,2,1,1,0,0
CUST0901,35,Male,Divorced,Primary,Self-employed,55,Current,4,248052,21,7,9,1,0.71,1,1,0,0,1
CUST2550,46,Female,Married,None,Employed,24,Savings,1,421672,13,12,16,0,0.83,0,1,0,0,0
CUST1811,45,Female,Married,None,Employed,170,Savings,4,29416,12,9,18,0,0.62,3,1,1,0,0
CUST0291,42,Female,Married,Secondary,Employed,19,Fixed Deposit,1,308868,18,8,5,0,0.68,0,1,0,0,0
CUST0743,53,Female,Married,Secondary,Employed,150,Current,4,124570,14,10,12,0,0.87,0,1,1,0,0
CUST0829,24,Female,Married,Secondary,Employed,31,Savings,1,100041,21,6,4,0,0.58,2,1,0,0,0
CUST0919,30,Female,Single,None,Self-employed,55,Savings,4,73091,14,16,10,0,0.57,1,1,0,0,0
CUST2777,45,Male,Single,Secondary,Self-employed,147,Savings,1,90806,15,9,4,0,0.58,1,0,1,1,0
CUST1471,29,Female,Married,University,Employed,112,Current,1,114872,14,5,12,0,0.96,0,0,0,0,0
CUST2040,23,Female,Divorced,None,Self-employed,99,Current,1,59326,15,5,8,0,0.57,3,0,1,0,0
CUST1365,39,Male,Single,Primary,Employed,98,Savings,3,18255,26,8,8,0,0.86,0,1,1,0,0
CUST2117,43,Male,Single,University,Employed,65,Current,1,31583,21,7,17,0,0.78,1,1,0,1,0
CUST0504,30,Male,Married,Secondary,Employed,180,Current,1,124588,13,11,10,0,0.56,0,1,0,1,0
CUST1026,18,Female,Married,Primary,Employed,57,Savings,4,29029,11,2,17,0,0.6,1,1,0,0,0
CUST2934,24,Female,Married,University,Employed,82,Current,3,268758,21,6,7,0,0.76,3,1,0,0,0
CUST0786,22,Male,Married,Primary,Self-employed,74,Savings,2,81406,9,8,13,0,0.93,1,1,1,0,1
CUST1796,29,Male,Married,Secondary,Employed,82,Savings,4,351279,14,4,11,0,0.98,0,0,0,0,1
CUST0855,31,Female,Single,Primary,Employed,139,Current,1,20014,15,8,5,0,0.77,0,0,0,0,0
CUST0374,45,Male,Single,Secondary,Self-employed,92,Savings,1,89235,20,6,11,0,0.8,1,1,0,0,1
CUST1096,21,Male,Married,None,Employed,97,Current,4,61682,16,7,9,0,0.54,0,0,0,1,1
CUST0449,29,Female,Married,None,Employed,44,Savings,1,56735,18,9,11,0,0.88,1,1,0,1,0
CUST2936,28,Female,Married,None,Employed,80,Savings,2,145103,19,6,15,0,0.82,0,1,1,0,0
CUST1547,49,Female,Single,Secondary,Self-employed,57,Savings,3,64082,13,11,10,0,0.81,1,1,0,0,0
CUST0335,20,Male,Single,Primary,Self-employed,150,Savings,1,117397,14,8,10,1,0.57,1,1,1,0,0
CUST0618,20,Female,Married,Secondary,Self-employed,105,Savings,1,331648,20,10,7,0,0.91,1,0,0,0,0
CUST2319,45,Female,Divorced,Primary,Self-employed,164,Savings,2,20153,21,12,8,0,0.54,0,0,1,0,0
CUST0207,35,Male,Married,Secondary,Employed,153,Savings,2,287243,15,10,8,0,0.6,1,1,0,0,0
CUST0436,29,Male,Married,Secondary,Employed,98,Savings,1,267239,9,3,6,0,0.63,2,1,1,0,0
CUST2924,28,Female,Married,University,Employed,135,Fixed Deposit,1,102131,18,7,13,0,0.52,0,0,1,0,0
CUST0601,18,Male,Married,Primary,Unemployed,127,Current,3,298222,18,8,14,0,0.6,1,1,0,1,0
CUST1316,38,Male,Married,Primary,Employed,168,Fixed Deposit,1,8165,16,4,15,0,0.81,0,1,0,1,0
CUST0387,34,Male,Married,Secondary,Self-employed,147,Current,1,162601,12,13,10,0,0.89,1,1,1,0,1
CUST2792,46,Male,Married,University,Employed,125,Savings,2,341050,16,11,12,0,0.83,0,1,1,0,1
CUST2613,30,Male,Single,None,Employed,177,Savings,1,124440,15,7,11,0,0.72,0,1,0,0,0
CUST1381,45,Female,Married,None,Self-employed,130,Current,2,18657,15,11,12,0,0.6,0,1,0,0,1
CUST2840,38,Female,Single,Primary,Employed,65,Fixed Deposit,2,167793,12,9,13,0,0.72,0,1,0,0,0
CUST0742,42,Female,Single,Secondary,Self-employed,28,Current,3,272787,15,4,12,0,0.53,2,0,0,0,1
CUST0836,18,Male,Married,Secondary,Employed,151,Current,1,4909,13,5,12,0,0.51,1,1,0,0,0
CUST1859,45,Female,Married,Primary,Employed,19,Savings,2,10028,19,8,15,0,0.55,0,1,0,0,0
CUST0523,43,Female,Single,University,Unemployed,137,Savings,2,3987,20,6,15,0,0.85,2,0,0,1,1
CUST0586,48,Male,Single,Secondary,Employed,121,Savings,4,24569,8,11,11,0,0.97,2,1,1,1,0
CUST0256,34,Female,Single,University,Unemployed,143,Current,1,350260,11,7,16,0,0.81,0,0,0,1,0
CUST0901,24,Female,Married,Primary,Employed,87,Savings,3,50133,18,14,4,0,0.6,3,0,0,1,0
CUST0088,34,Male,Single,None,Employed,89,Fixed Deposit,3,60988,15,5,11,0,0.59,0,1,0,0,0
CUST1440,43,Female,Divorced,Primary,Employed,93,Savings,1,41117,11,10,15,0,0.92,2,1,0,0,0
CUST1881,44,Female,Single,Primary,Employed,95,Savings,1,63703,14,4,11,0,0.56,1,1,0,0,0
CUST2059,48,Female,Married,Secondary,Employed,33,Current,2,9338,18,10,10,1,0.87,2,1,0,0,0
CUST0586,34,Male,Single,Primary,Employed,6,Current,1,471234,13,13,9,0,0.73,3,1,0,1,0
CUST0463,51,Female,Divorced,University,Unemployed,152,Savings,1,339046,16,8,17,0,0.56,4,1,0,0,0
CUST2748,27,Female,Married,Secondary,Self-employed,164,Savings,2,9133,24,3,10,0,0.74,1,0,0,0,1
CUST2890,18,Male,Married,Primary,Employed,152,Current,4,125503,21,6,8,0,0.85,0,1,1,0,1
CUST0685,37,Female,Single,Secondary,Self-employed,64,Savings,2,504690,14,6,10,1,0.54,0,0,0,0,0
CUST2328,35,Female,Single,Secondary,Employed,149,Current,4,111005,13,5,11,0,0.72,1,1,0,0,0
CUST0803,22,Female,Single,Secondary,Self-employed,6,Current,1,395548,10,9,12,1,0.54,0,1,0,1,0
CUST2290,36,Female,Married,Secondary,Self-employed,173,Current,3,235914,14,5,14,1,0.98,1,1,1,0,0
CUST0778,23,Female,Divorced,University,Employed,14,Savings,2,160668,12,11,4,1,0.85,0,1,0,1,0
CUST1088,27,Female,Single,Secondary,Self-employed,79,Savings,3,77602,9,4,15,0,0.54,3,0,0,0,0
CUST1352,49,Female,Married,University,Employed,167,Current,2,68784,17,7,10,1,0.72,0,1,0,0,0
CUST2220,18,Female,Married,Secondary,Employed,143,Savings,1,117278,16,4,12,0,0.87,2,0,0,0,1
CUST1322,38,Male,Married,Secondary,Self-employed,83,Savings,3,3790,15,7,9,0,0.91,2,1,0,0,1
CUST2208,30,Male,Single,Primary,Unemployed,123,Current,1,56235,11,6,7,0,0.83,1,0,0,1,0
CUST1703,29,Male,Married,Primary,Employed,103,Savings,2,143082,19,6,9,0,0.86,1,0,0,0,1
CUST1553,36,Male,Single,Primary,Employed,28,Savings,1,120583,8,8,5,0,0.94,1,1,1,0,0
CUST2516,30,Male,Married,Secondary,Unemployed,44,Current,2,23281,14,8,7,1,0.92,0,1,1,0,1
CUST0929,30,Female,Single,None,Employed,99,Current,1,191986,22,10,12,0,0.67,2,0,1,0,0
CUST2789,21,Male,Married,Secondary,Self-employed,19,Savings,3,8523,10,4,10,0,0.77,0,1,0,1,1
CUST1994,51,Female,Single,Secondary,Employed,98,Savings,1,810256,25,12,10,0,0.97,1,1,1,0,1
CUST2413,44,Female,Married,Secondary,Employed,102,Current,1,62726,15,11,9,0,0.61,1,1,0,0,0
CUST1994,22,Female,Married,Secondary,Self-employed,112,Savings,3,68147,17,6,9,0,0.93,1,1,0,1,0
CUST1922,32,Male,Divorced,Secondary,Employed,10,Savings,4,91689,11,6,9,0,0.67,1,1,1,0,0
CUST2639,42,Male,Single,Secondary,Employed,117,Savings,1,8685,17,5,9,0,0.94,3,1,0,0,0
CUST2024,29,Female,Divorced,Primary,Employed,134,Savings,1,138108,19,8,8,0,0.79,0,1,1,0,0
CUST1251,35,Female,Married,University,Employed,71,Savings,4,131260,10,4,9,0,0.9,2,1,0,1,0
CUST2882,36,Female,Single,Secondary,Self-employed,30,Current,1,95872,23,9,10,0,0.99,2,1,0,1,0
CUST1646,51,Male,Divorced,Secondary,Employed,6,Current,2,10119,13,6,8,0,0.7,0,1,0,0,0
CUST1339,27,Male,Married,Primary,Employed,177,Savings,3,1873,12,6,6,1,0.8,3,1,0,0,0
CUST2291,43,Female,Married,None,Employed,34,Savings,2,174459,18,5,5,0,0.63,3,1,0,0,0
CUST0535,29,Female,Single,University,Employed,19,Savings,3,97158,22,5,7,0,0.97,0,1,0,0,0
CUST0793,32,Male,Married,Secondary,Self-employed,163,Fixed Deposit,2,352784,17,8,10,0,0.5,0,1,1,0,1
CUST0982,35,Female,Single,Secondary,Employed,85,Savings,3,120433,11,7,9,1,0.86,1,0,0,0,1
CUST2160,38,Male,Married,Primary,Self-employed,177,Savings,3,207362,27,3,12,0,0.78,1,1,0,0,1
CUST0456,36,Male,Married,Primary,Self-employed,33,Savings,1,203342,13,9,6,0,0.71,0,1,1,1,1
CUST0789,30,Male,Divorced,None,Self-employed,108,Savings,3,7329,23,11,9,0,0.92,1,1,1,1,0
CUST2679,35,Male,Divorced,University,Employed,20,Current,3,112237,17,6,10,0,0.83,1,1,0,1,1
CUST2096,38,Female,Married,University,Self-employed,19,Savings,1,242113,13,12,7,0,0.64,0,0,0,0,1
CUST0482,39,Female,Married,Secondary,Self-employed,124,Savings,1,3302,12,11,14,0,0.63,2,0,1,0,1
CUST1272,22,Female,Married,Primary,Self-employed,123,Current,1,115495,10,8,7,0,0.91,0,0,0,0,0
CUST2153,33,Male,Married,Secondary,Unemployed,120,Fixed Deposit,3,94069,15,11,11,0,0.91,1,1,0,0,0
CUST1195,53,Female,Single,Primary,Employed,7,Savings,3,294757,17,6,8,0,0.9,0,0,0,1,0
CUST0696,29,Female,Married,Primary,Employed,80,Current,4,241417,20,10,13,0,0.81,0,0,0,0,0
CUST0459,36,Female,Married,Secondary,Unemployed,77,Savings,1,132071,15,9,14,0,0.57,1,0,0,0,0
CUST2564,45,Female,Married,Secondary,Self-employed,131,Savings,3,2926,15,9,5,0,0.82,0,1,0,0,0
CUST2887,23,Female,Married,Secondary,Employed,108,Fixed Deposit,1,49313,10,4,8,0,0.81,1,0,0,0,0
CUST1336,22,Male,Married,University,Employed,96,Fixed Deposit,1,164743,9,8,9,1,0.53,2,0,0,0,0
CUST1586,47,Female,Married,Secondary,Employed,55,Savings,1,343201,21,4,12,0,0.86,1,0,1,1,0
CUST2940,41,Male,Single,University,Employed,10,Savings,1,12024,17,6,6,1,0.81,0,1,0,0,0
CUST0139,24,Female,Married,None,Employed,155,Savings,3,78771,17,7,17,0,0.93,0,1,0,0,0
CUST1782,50,Male,Divorced,Secondary,Employed,113,Fixed Deposit,3,212048,14,7,15,0,0.97,2,1,0,0,0
CUST0481,45,Female,Married,Primary,Employed,172,Savings,2,21859,16,3,10,1,0.89,1,1,0,0,0
CUST0843,52,Female,Married,Primary,Employed,134,Fixed Deposit,1,590899,14,5,7,0,0.64,1,1,0,0,0
CUST1852,23,Female,Married,Secondary,Employed,73,Savings,3,57010,24,8,7,1,0.8,0,0,1,1,1
CUST0250,45,Male,Single,Secondary,Self-employed,83,Savings,1,29355,15,14,10,0,0.81,1,1,0,0,0
CUST1621,36,Female,Married,University,Self-employed,18,Current,2,68668,10,6,12,0,0.85,2,0,0,1,1
CUST2378,18,Female,Married,Secondary,Self-employed,112,Savings,1,193015,16,9,6,0,0.52,1,1,0,0,0
CUST0633,27,Male,Married,University,Self-employed,70,Fixed Deposit,2,324273,18,9,13,0,0.75,4,1,1,1,0
CUST1650,42,Male,Married,Secondary,Employed,163,Current,1,113248,13,11,6,0,0.93,2,0,0,1,1
CUST0195,43,Male,Single,Secondary,Employed,3,Fixed Deposit,2,113687,15,11,12,0,0.84,1,1,0,1,0
CUST1123,20,Male,Single,Secondary,Employed,48,Savings,2,16824,20,7,11,0,0.89,1,1,1,0,1
CUST1122,35,Male,Single,Secondary,Employed,51,Current,2,308278,21,10,8,0,0.67,0,1,0,1,0
CUST1082,18,Male,Married,None,Unemployed,152,Fixed Deposit,1,81181,13,4,8,0,0.63,0,1,0,0,0
CUST1448,44,Male,Married,Secondary,Employed,55,Savings,3,136252,15,5,15,0,0.71,0,1,0,0,1
CUST1549,40,Female,Single,Primary,Employed,108,Savings,4,187280,6,4,10,0,0.95,1,1,1,0,1
CUST2056,52,Female,Single,None,Self-employed,96,Savings,2,122521,21,7,13,1,0.95,0,1,0,0,1
CUST2306,32,Female,Married,None,Employed,112,Savings,3,26082,11,13,11,0,0.84,1,0,1,1,0
CUST2683,40,Male,Married,Secondary,Self-employed,25,Current,3,114428,9,12,12,0,0.61,1,1,1,0,0
CUST2310,28,Female,Single,Secondary,Self-employed,23,Current,1,16051,13,8,8,0,0.8,1,1,0,0,0
CUST2647,25,Female,Married,None,Unemployed,59,Savings,1,38912,15,10,13,0,0.68,1,0,0,0,0
CUST1553,45,Male,Single,Secondary,Employed,164,Savings,2,150580,11,7,6,1,0.61,1,1,0,0,0
CUST2976,44,Male,Married,University,Employed,178,Savings,2,422846,13,9,8,1,0.99,0,1,1,0,0
CUST0206,38,Male,Married,University,Employed,153,Savings,1,217091,19,7,11,0,0.69,0,1,1,0,0
CUST0199,40,Male,Single,Primary,Employed,121,Current,2,335658,15,8,3,2,0.52,0,1,0,0,0
CUST1613,38,Male,Married,Secondary,Employed,135,Savings,3,32231,11,7,8,1,0.75,1,1,1,0,0
CUST1864,39,Male,Single,University,Unemployed,29,Fixed Deposit,1,168619,18,17,10,0,0.59,1,1,0,1,0
CUST0459,37,Female,Single,Primary,Self-employed,116,Current,4,43368,18,14,12,1,0.7,1,1,0,0,0
CUST1258,22,Female,Single,Secondary,Self-employed,123,Savings,2,41126,12,8,9,0,0.68,2,0,1,1,1
CUST1553,18,Female,Divorced,Primary,Employed,81,Current,3,229023,13,12,10,1,0.64,1,1,0,0,1
CUST1079,22,Female,Married,Secondary,Employed,97,Savings,1,23929,15,6,12,0,0.65,1,0,0,1,1
CUST2028,47,Female,Single,Primary,Self-employed,87,Savings,3,58388,18,10,7,0,0.59,0,0,1,0,0
CUST1916,24,Male,Married,University,Employed,24,Savings,1,869751,13,4,11,0,0.87,3,1,0,0,0
CUST1555,41,Male,Married,University,Self-employed,56,Savings,1,88660,16,6,11,0,0.9,2,1,0,0,1
CUST2801,43,Female,Single,Secondary,Self-employed,146,Savings,1,88102,21,4,13,0,0.63,2,0,0,0,0
CUST1512,37,Female,Divorced,University,Employed,34,Savings,4,70798,16,11,8,0,0.93,2,0,0,0,0
CUST1295,38,Female,Married,Secondary,Employed,38,Savings,2,81388,16,12,8,0,0.88,0,0,0,0,0
CUST0398,42,Male,Single,Primary,Unemployed,4,Savings,2,427399,23,7,5,0,0.81,0,1,0,0,0
CUST1242,51,Female,Single,Secondary,Self-employed,49,Current,1,505779,17,8,7,0,0.86,2,1,0,1,0
CUST1179,35,Female,Married,Secondary,Self-employed,142,Savings,1,39386,18,10,4,0,0.92,2,1,1,1,0
CUST1233,32,Male,Single,None,Self-employed,16,Savings,2,378774,18,12,12,1,0.77,1,1,0,0,0
CUST2866,29,Male,Married,Primary,Employed,66,Savings,2,146708,17,12,15,0,0.86,1,1,1,1,0
CUST2834,44,Male,Single,None,Self-employed,14,Savings,3,34219,15,12,11,0,0.99,0,1,0,0,1
CUST0660,36,Female,Married,Primary,Self-employed,161,Current,1,232850,15,5,9,1,0.68,1,1,1,0,1
CUST0347,46,Male,Single,Secondary,Employed,22,Savings,2,396256,11,6,8,0,0.65,2,1,1,0,0
CUST1589,21,Male,Single,None,Self-employed,70,Current,1,151340,13,5,12,0,0.64,0,1,0,0,1
CUST0671,30,Male,Married,Primary,Employed,87,Current,2,22058,17,11,12,0,0.61,0,1,1,0,0
CUST1363,32,Male,Married,Primary,Employed,10,Current,3,87107,15,6,12,0,0.61,1,1,0,0,1
CUST2103,40,Female,Married,University,Employed,91,Current,2,309925,15,8,7,0,0.96,2,0,0,0,0
CUST1271,42,Male,Single,University,Employed,78,Current,1,519913,12,11,6,1,0.88,0,1,0,1,0
CUST1394,33,Male,Single,Primary,Employed,49,Current,2,565401,16,8,12,0,0.74,1,0,0,1,0
CUST0876,37,Female,Married,Primary,Self-employed,51,Fixed Deposit,4,113935,20,10,8,0,0.79,0,0,0,0,0
CUST1068,23,Male,Single,Primary,Employed,130,Savings,1,356240,13,10,8,1,0.52,0,1,0,1,1
CUST0860,55,Male,Married,Primary,Employed,28,Fixed Deposit,2,392250,16,9,9,1,0.86,0,0,0,1,1
CUST1400,32,Male,Single,Primary,Unemployed,36,Current,3,204809,11,12,9,1,0.99,6,1,0,0,1
CUST0932,34,Female,Married,Primary,Unemployed,33,Savings,1,428728,15,2,9,0,0.97,0,1,0,0,0
CUST1108,31,Female,Married,Secondary,Employed,40,Fixed Deposit,3,124815,11,7,6,0,0.86,0,1,0,0,1
CUST2583,25,Female,Married,Primary,Self-employed,111,Fixed Deposit,1,77749,11,8,11,0,0.73,2,1,0,0,0
CUST1733,44,Female,Single,None,Self-employed,24,Current,2,101049,11,7,10,0,0.58,0,1,0,1,0
CUST2242,18,Female,Married,Primary,Employed,32,Current,4,81332,13,8,13,0,0.96,1,1,0,0,0
CUST2508,32,Female,Single,Primary,Employed,160,Savings,3,135941,9,8,8,0,0.88,2,1,0,0,1
CUST1854,36,Male,Married,Secondary,Employed,161,Savings,2,237968,10,3,3,0,0.58,1,1,0,0,1
CUST2624,20,Female,Single,Secondary,Self-employed,120,Savings,4,63859,13,9,8,0,0.87,0,0,0,1,1
CUST0998,46,Female,Single,Secondary,Employed,28,Savings,2,29396,16,12,15,0,0.51,2,1,0,0,0
CUST1682,30,Male,Single,Secondary,Self-employed,6,Savings,1,2412,15,6,13,0,0.62,1,1,1,0,1
CUST0713,42,Male,Married,Secondary,Employed,163,Savings,1,93075,12,4,11,1,0.91,0,1,0,0,0
CUST2403,18,Female,Married,Secondary,Employed,33,Savings,1,46784,16,9,9,0,0.86,0,0,0,0,0
CUST2518,32,Female,Single,Secondary,Unemployed,163,Savings,1,26072,20,9,9,0,0.84,0,1,0,0,0
CUST2387,36,Female,Divorced,None,Employed,52,Savings,1,27099,16,5,14,0,0.52,1,1,1,0,1
CUST0200,21,Male,Married,Primary,Self-employed,103,Savings,4,42129,20,9,10,0,0.97,1,1,1,1,0
CUST0993,44,Female,Single,Primary,Employed,72,Current,1,36726,19,6,15,0,0.88,0,0,0,0,0
CUST0258,38,Female,Married,Secondary,Self-employed,156,Savings,1,64504,11,8,12,0,0.88,3,1,0,0,0
CUST1404,34,Male,Single,University,Employed,157,Savings,2,249255,22,12,7,0,0.83,2,1,0,0,0
CUST1963,37,Female,Married,Secondary,Employed,179,Savings,2,66725,17,7,8,0,0.55,0,1,0,0,0
CUST2941,34,Male,Single,Secondary,Employed,45,Savings,2,6994,15,6,14,0,0.63,1,1,0,0,0
CUST2814,42,Male,Single,University,Unemployed,177,Fixed Deposit,2,78661,11,5,9,0,0.63,1,0,0,0,0
CUST1136,37,Female,Married,University,Unemployed,171,Savings,3,528603,13,9,13,0,0.91,1,0,0,0,1
CUST0469,50,Male,Married,University,Self-employed,49,Savings,2,212993,11,8,8,0,0.85,2,1,0,1,0
CUST2527,31,Female,Married,University,Employed,62,Fixed Deposit,1,273334,19,14,11,0,0.82,1,0,0,0,0
CUST0612,44,Male,Single,University,Employed,69,Savings,1,117225,21,10,7,0,0.69,1,1,0,0,0
CUST1435,36,Male,Married,None,Self-employed,69,Savings,3,85087,20,5,16,0,0.74,0,0,0,1,0
CUST1923,57,Male,Married,Primary,Self-employed,86,Savings,1,59110,13,11,9,1,0.53,2,1,0,0,0
CUST2794,35,Female,Married,Secondary,Employed,40,Current,2,393205,15,7,10,0,0.88,2,0,1,0,0
CUST1082,36,Female,Divorced,Secondary,Employed,178,Savings,3,61577,13,5,10,0,0.66,1,0,0,0,1
CUST0290,31,Female,Married,Secondary,Employed,77,Savings,2,126975,19,10,6,0,0.99,2,1,0,0,1
CUST0466,18,Female,Married,None,Employed,42,Savings,2,73267,16,15,13,0,0.77,0,1,1,1,0
CUST2536,18,Female,Single,Primary,Unemployed,38,Savings,2,17288,15,12,17,0,0.97,0,1,0,0,1
CUST0814,34,Male,Married,University,Employed,143,Savings,1,172181,13,1,11,0,0.78,1,1,0,1,1
CUST2639,36,Female,Single,Secondary,Employed,23,Savings,4,14002,19,9,12,0,0.87,1,1,1,0,0
CUST1937,28,Female,Married,University,Unemployed,133,Current,2,61410,17,13,10,2,0.67,3,1,0,0,1
CUST1928,41,Male,Married,Secondary,Self-employed,3,Savings,1,54802,15,7,11,0,0.64,0,1,1,0,0
CUST2369,49,Male,Single,Secondary,Employed,4,Current,2,149847,14,7,14,0,0.62,0,1,0,0,0
CUST0009,52,Female,Single,None,Unemployed,127,Savings,2,36069,18,16,9,0,0.74,1,1,0,0,1
CUST0867,18,Male,Single,Secondary,Self-employed,126,Fixed Deposit,2,38662,17,8,3,0,0.7,1,1,0,0,0
CUST2329,43,Male,Married,Primary,Self-employed,133,Savings,1,168166,13,7,11,0,0.74,1,1,0,0,0
CUST0642,44,Male,Single,Primary,Self-employed,75,Current,2,10734,15,12,12,0,0.57,3,0,0,0,1
CUST0907,42,Female,Married,University,Unemployed,22,Savings,1,367517,19,8,9,0,0.52,0,0,0,0,0
CUST2756,46,Male,Married,University,Employed,2,Savings,3,43410,18,5,17,0,0.56,0,0,0,0,1
CUST1064,34,Male,Married,Secondary,Self-employed,131,Current,1,684829,11,5,9,1,0.91,3,1,1,1,0
CUST0018,32,Female,Divorced,Secondary,Self-employed,148,Savings,2,337040,17,5,17,0,0.87,2,0,1,0,0
CUST0950,45,Female,Single,None,Employed,32,Savings,1,158427,8,5,7,0,0.72,0,1,0,0,0
CUST0398,28,Female,Married,Primary,Unemployed,65,Savings,1,514172,9,5,7,0,0.78,2,1,0,0,1
CUST0963,44,Female,Married,Primary,Self-employed,41,Savings,1,4803,17,9,9,0,0.56,0,1,1,0,1
CUST0348,27,Male,Divorced,Secondary,Employed,162,Current,4,51322,13,9,17,0,0.6,1,1,0,0,0
CUST2039,29,Female,Married,None,Self-employed,160,Fixed Deposit,2,71586,19,13,7,0,0.66,1,0,1,0,0
CUST0067,28,Female,Married,Primary,Employed,68,Savings,1,2686,17,6,11,0,0.86,2,1,1,0,0
CUST0878,44,Female,Divorced,University,Employed,97,Savings,2,96764,26,8,11,0,0.51,0,1,1,0,0
CUST0383,34,Male,Single,University,Employed,124,Current,2,547712,16,4,8,1,0.72,1,1,0,0,1
CUST0151,40,Male,Married,None,Employed,71,Savings,2,82437,19,7,4,0,0.53,1,1,0,0,1
CUST2639,59,Male,Married,Secondary,Self-employed,13,Savings,1,128401,19,4,7,0,0.51,1,1,0,0,0
CUST0471,25,Female,Married,Primary,Self-employed,130,Current,1,155230,19,10,15,1,0.79,4,1,0,0,0
CUST1015,48,Female,Married,Secondary,Self-employed,123,Current,3,86291,8,10,15,1,0.99,0,0,0,0,1
CUST0344,41,Male,Single,Secondary,Employed,96,Current,3,46574,10,10,11,2,0.77,0,1,0,0,0
CUST2216,35,Male,Married,University,Unemployed,106,Current,1,99891,13,8,7,0,0.72,1,0,0,0,0
CUST0161,23,Male,Single,Secondary,Employed,139,Fixed Deposit,1,30587,17,11,11,0,0.82,0,0,0,0,0
CUST0421,63,Male,Single,Primary,Self-employed,161,Savings,3,18270,13,8,12,0,0.82,0,1,0,0,0
CUST2492,18,Male,Single,Secondary,Employed,145,Savings,4,96757,9,4,7,0,0.78,1,1,0,0,0
CUST2077,27,Female,Married,None,Employed,159,Savings,4,43808,14,10,9,0,0.8,1,0,0,0,0
CUST0633,46,Male,Married,Secondary,Self-employed,163,Current,4,424633,14,14,10,0,0.62,1,0,0,0,0
CUST1265,19,Female,Single,None,Self-employed,29,Fixed Deposit,1,262632,17,6,13,0,0.61,2,1,0,0,0
CUST1990,39,Male,Married,None,Employed,104,Current,1,370777,16,8,5,0,0.96,0,1,1,0,0
CUST0665,19,Male,Single,Primary,Employed,16,Savings,1,318505,15,10,11,0,0.74,0,0,1,0,1
CUST1066,40,Female,Married,Secondary,Employed,41,Savings,1,73791,21,14,12,0,0.62,1,0,1,0,1
CUST1946,57,Female,Married,Secondary,Unemployed,102,Savings,3,67734,15,12,6,0,0.96,1,1,0,0,0
CUST2008,37,Female,Married,Secondary,Employed,28,Savings,2,61971,15,1,10,0,0.66,1,0,0,0,1
CUST0044,40,Male,Married,Secondary,Self-employed,102,Current,1,130495,10,10,4,1,0.94,3,1,1,0,1
CUST0224,42,Male,Divorced,University,Employed,104,Savings,1,3171,10,7,12,0,0.85,0,1,0,0,0
CUST1032,27,Female,Single,Secondary,Employed,95,Savings,1,29223,12,10,6,0,0.53,0,0,0,0,0
CUST0912,25,Male,Married,Primary,Self-employed,77,Current,2,11029,14,5,13,0,0.63,2,0,1,0,1
CUST2599,30,Female,Divorced,Primary,Employed,87,Savings,1,305304,27,12,14,0,0.55,1,1,0,0,0
CUST2400,39,Female,Married,Primary,Self-employed,104,Current,1,53429,10,4,8,0,0.65,2,0,0,0,0
CUST2881,24,Female,Married,Secondary,Employed,135,Current,2,232899,16,12,13,0,0.82,2,1,0,1,0
CUST1886,34,Female,Divorced,None,Employed,50,Current,4,232149,16,9,5,0,0.62,0,1,0,0,0
CUST0217,43,Female,Single,Secondary,Employed,118,Fixed Deposit,2,14061,13,11,7,0,0.59,1,1,1,0,1
CUST2744,30,Male,Married,University,Unemployed,158,Savings,1,128434,21,6,7,0,0.88,0,1,0,0,0
CUST0683,34,Female,Single,Primary,Employed,174,Current,3,66210,11,9,10,0,0.69,0,0,0,0,0
CUST1475,37,Male,Married,Primary,Self-employed,118,Savings,2,199916,16,10,8,0,0.92,0,1,0,0,0
CUST0056,19,Male,Married,Primary,Employed,43,Savings,1,13590,16,6,14,0,0.88,2,1,0,0,1
CUST1302,33,Female,Married,Primary,Self-employed,69,Current,3,240688,19,6,12,0,0.66,1,1,0,0,0
CUST1425,23,Female,Married,Primary,Employed,123,Savings,1,68369,20,12,10,0,0.71,0,0,1,0,0
CUST0654,32,Female,Married,Primary,Self-employed,108,Savings,4,14508,13,7,8,0,0.89,1,1,0,0,0
CUST0229,40,Male,Married,Secondary,Self-employed,69,Fixed Deposit,3,16430,11,12,11,0,0.72,0,1,1,0,0
CUST2423,41,Female,Married,Secondary,Self-employed,166,Savings,2,66698,17,9,10,0,0.9,3,1,0,0,0
CUST1600,26,Male,Married,Secondary,Self-employed,140,Savings,3,83926,14,8,8,0,0.54,1,1,0,0,0
CUST2290,23,Male,Single,Secondary,Employed,111,Savings,1,3495,19,13,12,0,0.77,2,0,0,1,0
CUST2328,53,Female,Single,Secondary,Employed,66,Savings,1,55656,16,7,13,0,0.63,0,1,1,0,0
CUST1758,18,Male,Married,Primary,Employed,56,Savings,1,209512,11,8,10,0,0.89,0,1,0,0,1
CUST1544,24,Female,Married,Secondary,Self-employed,6,Current,2,254907,11,9,9,1,1,0,1,0,0,1
CUST2708,32,Male,Married,Primary,Unemployed,142,Savings,2,182217,16,3,13,0,0.55,2,1,0,0,0
CUST1912,34,Male,Single,Primary,Employed,13,Savings,2,7498,12,6,10,0,0.65,1,0,1,0,1
CUST2134,29,Male,Married,Secondary,Self-employed,45,Savings,4,108060,18,11,10,0,0.95,1,0,0,0,1
CUST1458,21,Female,Married,Secondary,Self-employed,102,Current,2,59059,11,9,8,0,0.58,4,1,0,0,0
CUST2065,34,Male,Single,Secondary,Self-employed,49,Savings,1,206179,19,7,11,0,0.88,2,1,0,0,1
CUST0649,22,Female,Married,Primary,Employed,13,Fixed Deposit,1,4705,21,5,7,1,0.54,3,1,0,0,0
CUST0163,30,Female,Single,Primary,Employed,161,Savings,4,75108,20,10,8,0,0.84,1,0,1,0,0
CUST1509,39,Female,Married,Primary,Self-employed,167,Savings,1,9423,19,7,10,0,0.62,0,0,0,0,0
CUST0656,45,Male,Married,Secondary,Employed,45,Current,1,23734,14,16,14,0,0.53,0,1,1,1,0
CUST0820,46,Male,Divorced,Secondary,Self-employed,86,Current,2,62881,13,10,5,0,0.86,0,1,0,0,0
CUST2522,44,Male,Single,Primary,Employed,133,Current,3,185422,16,11,8,0,0.97,1,1,1,0,0
CUST0355,32,Male,Single,Primary,Employed,165,Savings,2,35678,13,8,9,0,0.99,2,0,1,0,1
CUST2083,18,Male,Single,Secondary,Employed,67,Savings,4,79130,11,10,15,1,0.68,1,1,0,0,1
CUST0781,19,Male,Single,Secondary,Self-employed,165,Savings,2,197618,16,6,12,1,0.87,1,1,0,1,0
CUST1060,42,Male,Married,Secondary,Self-employed,110,Savings,2,500,18,6,4,2,0.7,0,1,1,0,0
CUST1711,18,Female,Single,Secondary,Employed,10,Savings,1,141727,15,14,15,1,0.87,2,1,0,0,0
CUST0503,42,Female,Single,Secondary,Employed,92,Savings,4,172108,14,14,13,0,0.66,0,0,0,0,0
CUST0409,35,Male,Married,University,Self-employed,69,Savings,2,416681,17,11,14,0,0.92,2,1,1,0,0
CUST2035,54,Female,Single,Primary,Unemployed,108,Savings,1,13817,14,6,8,0,0.75,1,1,1,1,0
CUST0669,35,Male,Single,Primary,Employed,81,Fixed Deposit,3,89027,12,13,6,0,0.64,2,1,0,1,0
CUST0812,18,Female,Married,Primary,Employed,88,Current,1,67434,14,3,5,0,0.53,1,0,0,0,0
CUST2005,43,Male,Married,Secondary,Employed,2,Savings,1,103068,12,7,5,0,0.52,0,1,0,1,1
CUST0148,46,Female,Married,Primary,Employed,168,Savings,1,241209,17,10,10,1,0.7,1,1,0,0,0
CUST2141,31,Female,Single,Secondary,Employed,16,Savings,2,144001,19,11,10,0,0.89,0,1,0,1,0
CUST2317,32,Male,Married,None,Self-employed,120,Current,3,37508,19,2,9,0,0.55,2,0,1,0,0
CUST2765,39,Female,Single,University,Employed,141,Fixed Deposit,2,31360,13,7,9,0,0.93,0,1,0,0,0
CUST2723,38,Male,Married,Secondary,Employed,23,Savings,2,505412,11,10,21,0,0.53,2,1,0,0,0
CUST0372,35,Female,Married,Primary,Self-employed,161,Savings,3,209811,16,6,12,0,0.99,1,1,1,1,0
CUST0517,36,Female,Divorced,None,Employed,111,Savings,1,478767,14,7,7,0,0.78,1,1,0,0,0
CUST1080,55,Female,Married,Secondary,Self-employed,137,Savings,1,82264,19,6,9,1,0.8,0,1,0,0,1
CUST0077,46,Female,Married,Secondary,Unemployed,157,Savings,1,571843,14,6,11,0,0.94,2,1,0,1,0
CUST0471,55,Female,Married,Secondary,Self-employed,42,Current,1,123175,13,2,9,0,0.7,1,0,0,0,0
CUST0684,31,Male,Single,Primary,Employed,144,Fixed Deposit,2,138085,15,9,8,1,0.86,1,1,0,0,1
CUST0584,31,Female,Single,University,Employed,102,Savings,3,138984,15,13,9,1,0.58,1,1,0,0,0
CUST2174,32,Male,Single,Secondary,Employed,35,Current,1,82568,19,10,11,0,0.91,2,1,0,1,0
CUST1446,42,Male,Single,None,Self-employed,13,Fixed Deposit,1,11599,12,10,9,0,0.58,0,0,0,0,0
CUST0720,53,Male,Married,Secondary,Employed,152,Savings,4,188288,21,13,11,1,0.68,1,1,0,0,0
CUST1099,39,Male,Married,University,Employed,68,Current,2,28377,14,7,10,0,0.81,3,1,0,0,0
CUST2647,32,Female,Single,University,Employed,137,Savings,2,20534,12,13,10,1,0.87,0,0,1,1,0
CUST2528,38,Male,Single,Secondary,Unemployed,77,Current,1,82763,19,7,9,0,0.87,0,0,0,0,0
CUST2028,32,Female,Single,Secondary,Employed,94,Current,3,711781,16,12,13,1,0.55,0,1,0,0,0
CUST0304,33,Male,Single,Secondary,Employed,126,Savings,2,349247,16,8,7,0,0.5,1,0,1,0,0
CUST1807,25,Male,Single,Secondary,Employed,99,Current,2,63801,16,10,18,0,0.66,0,0,0,0,0
CUST0833,36,Male,Single,None,Self-employed,76,Savings,1,860216,15,11,11,0,0.51,0,0,1,0,1
CUST1718,31,Male,Married,University,Self-employed,179,Fixed Deposit,1,37549,9,7,6,0,0.88,1,0,0,0,1
CUST2826,25,Female,Married,Primary,Employed,173,Savings,2,144968,11,5,12,0,0.99,0,1,0,0,0
CUST1066,35,Male,Single,Secondary,Self-employed,162,Savings,1,260319,15,6,14,0,0.95,1,1,1,1,0
CUST0100,40,Male,Single,University,Employed,23,Fixed Deposit,3,50604,18,6,10,0,0.71,1,0,1,1,0
CUST1049,33,Male,Married,Secondary,Employed,155,Savings,2,43571,22,5,5,0,0.5,1,1,0,1,0
CUST0606,32,Male,Married,Secondary,Self-employed,121,Current,1,481083,17,7,15,0,0.79,1,0,0,0,0
CUST0180,33,Male,Single,University,Self-employed,78,Current,1,201480,14,8,10,0,0.72,0,1,0,0,0
CUST1920,45,Female,Married,Primary,Employed,161,Savings,1,67964,7,8,8,0,0.6,1,0,0,0,0
CUST0539,42,Female,Married,Secondary,Employed,66,Savings,1,64000,14,7,11,0,0.87,2,1,1,1,0
CUST2761,35,Male,Single,Secondary,Self-employed,31,Savings,1,81243,17,10,13,1,0.69,1,1,0,0,1
CUST0211,26,Male,Single,Secondary,Unemployed,20,Savings,2,163287,11,6,13,1,0.8,2,0,1,0,1
CUST2595,36,Female,Single,Secondary,Employed,89,Savings,1,60513,13,6,12,0,0.84,1,1,0,0,0
CUST0930,22,Female,Married,University,Self-employed,17,Fixed Deposit,1,236040,12,3,7,0,0.81,1,1,0,0,0
CUST0703,46,Female,Married,Secondary,Self-employed,122,Current,1,155810,13,12,8,0,0.51,0,1,1,0,0
CUST0343,39,Male,Divorced,Primary,Employed,134,Savings,2,141138,16,8,8,0,0.76,0,0,0,0,0
CUST0076,50,Female,Married,Secondary,Employed,10,Current,1,12431,17,9,9,0,0.72,2,1,0,0,0
CUST1231,46,Female,Single,Secondary,Employed,52,Current,1,49933,15,10,7,1,0.79,2,1,1,0,0
CUST1315,40,Male,Single,Secondary,Self-employed,66,Savings,1,116686,22,6,7,0,0.5,0,1,1,0,1
CUST2887,30,Female,Married,Secondary,Employed,133,Savings,1,489458,15,12,12,0,0.83,3,1,0,0,0
CUST0989,34,Male,Single,Primary,Employed,102,Savings,1,26671,19,12,8,0,0.88,0,1,1,0,0
CUST2082,23,Female,Single,University,Employed,104,Savings,4,29525,19,10,11,0,0.61,0,1,0,0,0
CUST1405,33,Female,Married,Primary,Employed,142,Fixed Deposit,1,123983,10,9,11,1,0.99,1,1,0,1,0
CUST1021,47,Female,Single,University,Self-employed,110,Savings,1,390799,12,7,2,1,0.63,0,1,1,0,1
CUST0201,37,Female,Married,Primary,Unemployed,157,Savings,1,158300,14,11,8,0,0.88,1,0,0,0,0
CUST1665,37,Male,Divorced,Secondary,Employed,34,Savings,3,2684,14,6,14,0,0.83,2,1,1,0,0
CUST2314,31,Female,Single,Secondary,Self-employed,32,Current,1,55021,20,6,12,1,0.58,0,1,1,1,0
CUST1705,48,Male,Married,Secondary,Employed,5,Savings,2,12947,14,9,15,0,0.57,1,1,1,0,0
CUST2473,40,Male,Divorced,Secondary,Employed,107,Current,2,34234,19,9,6,0,0.6,0,0,1,0,0
CUST1063,26,Male,Married,University,Employed,19,Savings,3,94572,20,7,13,0,0.87,0,1,0,0,1
CUST0242,38,Male,Married,Secondary,Employed,30,Current,1,77124,11,9,14,0,0.66,0,1,0,0,1
CUST1127,46,Male,Single,University,Employed,78,Savings,1,14701,7,7,11,0,0.96,3,1,1,1,0
CUST0957,32,Male,Single,University,Employed,144,Savings,3,246041,17,9,7,0,0.59,2,0,0,0,0
CUST2640,35,Male,Married,University,Employed,167,Savings,1,122869,9,7,14,0,0.76,0,1,0,0,0
CUST2906,32,Male,Single,None,Employed,108,Fixed Deposit,1,173248,14,9,6,0,0.85,0,1,1,0,0
CUST0400,48,Female,Divorced,Secondary,Self-employed,36,Current,1,57274,12,8,11,0,0.81,1,1,1,0,0
CUST0002,36,Female,Married,University,Employed,154,Savings,2,219069,17,9,4,0,0.52,0,0,0,0,0
CUST1698,61,Female,Divorced,Primary,Employed,103,Savings,3,27886,14,10,7,0,0.71,4,1,0,0,0
CUST2204,18,Male,Single,Primary,Employed,5,Savings,1,215162,14,3,5,1,0.89,1,1,0,1,0
CUST0981,35,Female,Divorced,Secondary,Self-employed,128,Savings,1,67117,13,8,5,0,0.61,2,1,0,0,0
CUST0215,44,Male,Single,Primary,Unemployed,53,Savings,2,359221,10,8,12,0,0.99,0,1,0,0,0
CUST1722,32,Male,Married,None,Employed,175,Savings,1,224013,16,8,8,0,0.76,2,1,0,0,0
CUST1019,56,Male,Single,Primary,Employed,159,Savings,3,299605,12,9,13,0,0.75,0,0,0,0,0
CUST2334,35,Male,Married,Primary,Unemployed,127,Savings,3,256298,13,12,4,0,0.72,0,1,0,0,0
CUST1350,25,Female,Divorced,Primary,Unemployed,132,Savings,2,368664,13,7,12,0,0.64,2,1,1,0,0
CUST1731,31,Female,Single,University,Self-employed,84,Current,1,49060,11,10,7,0,0.75,3,1,0,0,0
CUST0430,33,Male,Married,Primary,Self-employed,173,Savings,3,255671,15,6,9,0,0.87,1,1,1,0,0
CUST1723,36,Female,Married,Primary,Employed,135,Current,1,317444,15,13,7,0,0.62,0,0,0,1,0
CUST2798,37,Female,Married,University,Employed,102,Current,2,5608,17,11,8,0,0.7,0,0,1,0,0
CUST1584,50,Male,Married,None,Self-employed,6,Savings,2,19225,9,9,9,0,0.65,0,1,1,0,1
CUST2698,28,Female,Married,Secondary,Employed,113,Savings,2,30161,15,12,12,0,0.83,0,1,1,0,0
CUST0716,30,Female,Single,Secondary,Employed,7,Savings,1,147901,21,10,10,0,0.95,2,1,1,0,0
CUST0754,35,Male,Married,None,Employed,45,Current,3,192702,17,8,10,0,0.9,0,1,1,0,0
CUST2433,23,Female,Single,Secondary,Employed,38,Savings,4,39535,15,11,12,1,0.81,1,1,1,0,1
CUST1068,37,Female,Single,None,Employed,126,Current,2,139213,19,5,15,0,0.79,2,1,0,1,0
CUST2209,38,Male,Single,Secondary,Employed,56,Savings,3,58085,13,10,6,0,0.75,1,1,0,0,0
CUST1139,23,Female,Married,University,Employed,44,Savings,3,42094,16,12,10,0,0.96,2,1,1,1,0
CUST2957,23,Female,Single,Primary,Employed,62,Current,1,132203,21,9,11,0,0.77,0,0,1,0,0
CUST1906,34,Male,Single,None,Unemployed,86,Savings,1,368335,9,12,11,0,0.95,1,1,0,0,0
CUST0335,28,Female,Single,Secondary,Employed,77,Fixed Deposit,4,213082,19,2,10,0,0.74,1,0,1,0,0
CUST2222,42,Female,Single,Secondary,Self-employed,140,Savings,2,57050,15,7,11,0,0.59,2,1,0,1,0
CUST1655,29,Male,Divorced,University,Employed,161,Fixed Deposit,2,201118,11,7,13,0,0.64,2,0,0,0,1
CUST2706,34,Male,Single,None,Self-employed,111,Savings,2,68893,16,5,12,0,0.56,0,1,0,0,0
CUST2924,39,Female,Single,Secondary,Employed,132,Savings,1,111313,11,9,10,0,0.9,0,1,0,0,1
CUST2482,27,Male,Married,University,Employed,41,Savings,1,30290,15,3,7,0,0.67,0,1,0,0,1
CUST0615,44,Male,Married,Primary,Employed,76,Fixed Deposit,4,415731,14,11,11,0,0.79,0,1,0,0,0
CUST0804,38,Male,Divorced,Secondary,Employed,173,Savings,1,82779,11,8,16,0,0.99,3,0,0,0,0
CUST1080,58,Female,Single,Secondary,Employed,173,Savings,3,47891,11,8,11,1,0.57,0,0,1,0,0
CUST0825,32,Female,Married,Secondary,Unemployed,40,Fixed Deposit,2,240937,10,5,11,0,0.91,3,1,0,0,0
CUST0515,18,Male,Single,Primary,Employed,125,Savings,4,73367,17,9,4,0,0.89,1,0,0,0,0
CUST1241,47,Female,Married,Secondary,Self-employed,82,Savings,1,39110,7,8,12,1,0.64,2,1,0,0,0
CUST0051,35,Male,Married,Secondary,Employed,37,Current,2,60856,19,6,8,1,0.56,1,1,0,0,0
CUST2974,51,Female,Divorced,Primary,Employed,121,Current,3,275065,17,9,9,0,0.88,0,0,0,0,0
CUST1808,25,Female,Single,Primary,Employed,160,Current,2,57515,12,11,6,0,0.72,2,1,0,1,0
CUST2059,61,Male,Single,Primary,Employed,35,Savings,3,270740,15,6,10,0,0.94,2,0,0,0,1
CUST2278,49,Male,Married,None,Employed,68,Current,3,69794,17,7,5,0,0.79,1,1,1,0,1
CUST1247,33,Male,Single,Secondary,Employed,158,Current,1,17963,13,7,9,0,0.76,0,1,1,0,0
CUST0613,46,Female,Married,Secondary,Employed,38,Savings,3,140506,20,6,6,0,0.88,2,1,0,0,1
CUST1942,34,Female,Married,None,Employed,102,Savings,3,83400,16,8,8,1,0.6,0,1,1,0,0
CUST1169,55,Female,Single,Secondary,Self-employed,83,Savings,3,20629,16,7,11,0,0.51,2,0,1,0,1
CUST2693,29,Female,Single,Secondary,Employed,79,Savings,2,76640,20,5,13,0,0.64,4,0,0,0,1
CUST1651,37,Male,Single,University,Self-employed,104,Savings,2,217051,13,10,13,0,0.59,0,0,1,1,0
CUST2383,25,Male,Married,University,Employed,103,Current,2,25062,19,4,11,0,0.78,1,1,0,0,1
CUST2291,34,Female,Divorced,University,Employed,121,Fixed Deposit,3,3826,12,8,12,0,0.6,3,1,0,0,0
CUST1632,26,Male,Divorced,Primary,Unemployed,30,Current,2,76813,22,12,8,1,0.93,1,1,0,1,0
CUST0318,52,Female,Married,Secondary,Self-employed,99,Savings,2,4526,14,9,7,1,0.94,1,1,0,0,1
CUST0419,32,Female,Single,University,Employed,144,Savings,2,121474,17,7,10,0,0.65,2,0,0,0,1
CUST1627,29,Female,Married,University,Employed,5,Savings,1,120858,24,7,10,0,0.51,0,1,0,0,0
CUST1942,46,Female,Married,None,Self-employed,97,Current,1,45741,10,5,8,0,0.57,2,1,0,0,0
CUST2495,18,Male,Married,University,Employed,114,Savings,1,51852,10,7,9,0,0.79,3,1,0,1,0
CUST0601,46,Female,Married,Primary,Unemployed,144,Savings,3,1875,16,7,11,0,0.95,2,0,0,0,0
CUST0143,28,Female,Married,Secondary,Employed,7,Current,2,228178,12,6,16,0,0.55,1,0,0,0,0
CUST1566,37,Male,Married,Secondary,Self-employed,132,Current,1,145308,12,10,9,0,0.81,1,1,1,0,0
CUST2210,22,Female,Married,University,Self-employed,142,Savings,3,21918,12,7,16,0,0.94,0,1,0,0,0
CUST1605,41,Male,Married,Secondary,Self-employed,105,Savings,1,91688,11,5,9,0,0.51,0,0,0,0,0
CUST2256,45,Male,Married,University,Employed,43,Savings,4,39790,15,11,15,0,0.92,0,1,0,0,1
CUST1512,38,Male,Married,None,Employed,90,Savings,3,130435,10,14,9,1,0.58,0,1,0,0,0
CUST1559,28,Female,Married,Secondary,Employed,48,Current,1,424556,15,10,8,0,0.75,1,1,0,0,1
CUST1752,41,Male,Divorced,University,Self-employed,37,Current,3,434854,13,9,8,0,0.71,1,1,0,1,0
CUST2002,33,Female,Single,Secondary,Self-employed,160,Savings,3,30765,11,5,9,0,0.69,0,1,0,0,0
CUST0723,37,Female,Married,Secondary,Employed,149,Current,1,2706,15,10,10,1,0.84,2,1,0,1,1
CUST1006,31,Female,Married,University,Employed,91,Savings,4,123298,15,11,13,0,0.65,1,1,0,0,0
CUST1235,59,Male,Married,Secondary,Employed,175,Savings,2,154055,13,10,12,1,0.59,0,0,0,0,0
CUST1709,18,Female,Divorced,Secondary,Unemployed,27,Current,3,55842,18,5,14,0,0.84,0,0,0,1,0
CUST2768,41,Male,Single,Secondary,Employed,12,Current,3,117118,17,7,7,0,0.6,1,1,0,0,0
CUST0487,54,Female,Married,Primary,Employed,17,Current,3,26016,27,10,9,0,0.8,1,1,0,0,0
CUST0872,27,Male,Married,Secondary,Employed,15,Current,1,103415,18,5,9,0,0.84,0,1,0,1,1
CUST0544,18,Female,Single,Secondary,Self-employed,33,Savings,1,11189,21,10,12,0,0.91,2,0,0,1,1
CUST0048,23,Female,Single,Secondary,Employed,43,Savings,1,34211,18,6,12,0,0.75,0,1,1,1,0
CUST1807,36,Male,Single,Primary,Employed,56,Current,2,705464,20,5,8,0,0.96,1,1,1,0,1
CUST0152,49,Male,Married,Secondary,Employed,118,Savings,4,23216,18,11,15,0,0.99,2,1,0,0,0
CUST1553,42,Female,Married,Primary,Self-employed,51,Savings,1,105426,18,2,13,0,0.58,2,0,1,1,0
CUST2489,37,Male,Single,None,Employed,21,Savings,1,531285,11,7,12,0,0.73,1,0,0,0,0
CUST1869,25,Female,Divorced,Secondary,Employed,121,Current,4,135630,12,5,13,0,0.5,0,1,0,0,0
CUST2998,27,Female,Married,Primary,Employed,35,Savings,2,311548,11,10,13,1,0.62,3,1,0,0,1
CUST2829,36,Male,Single,Secondary,Unemployed,20,Savings,4,1701,13,8,9,0,0.88,2,1,0,0,0
CUST0537,36,Female,Single,Secondary,Unemployed,87,Savings,1,20818,11,7,8,0,0.62,1,1,1,0,0
CUST0693,33,Female,Married,Primary,Employed,52,Savings,2,161401,17,11,8,0,0.73,1,0,0,0,1
CUST1552,18,Male,Married,University,Employed,128,Savings,3,460853,12,9,9,1,0.62,2,1,1,0,0
CUST0681,38,Male,Married,Secondary,Employed,107,Savings,3,58652,12,15,13,1,0.66,0,1,0,1,0
CUST2288,33,Male,Single,Secondary,Employed,6,Savings,1,116815,15,13,6,0,0.53,1,1,0,0,0
CUST2358,19,Female,Married,University,Unemployed,55,Savings,2,165538,16,5,11,0,0.77,0,1,1,0,1
CUST2798,18,Female,Divorced,University,Employed,120,Savings,1,61573,11,7,8,0,0.62,1,1,1,0,1
CUST1772,37,Male,Married,Primary,Self-employed,53,Savings,2,286326,14,11,13,0,0.82,1,1,0,0,1
CUST1494,26,Male,Divorced,University,Unemployed,70,Current,1,110711,22,7,5,0,0.74,0,0,0,0,0
CUST1560,18,Female,Single,University,Employed,36,Savings,4,89612,14,6,17,1,0.56,0,0,1,0,0
CUST2830,34,Female,Divorced,None,Self-employed,140,Savings,1,182294,20,6,10,0,0.62,0,0,0,0,0
CUST1182,40,Male,Married,Primary,Employed,117,Fixed Deposit,3,5602,15,12,14,0,0.59,2,1,0,1,0
CUST2669,45,Female,Married,Primary,Employed,88,Savings,4,206431,17,8,10,1,0.6,0,1,0,0,0
CUST1652,25,Female,Single,Secondary,Employed,141,Savings,1,242589,14,8,12,0,0.98,1,1,0,0,0
CUST2415,35,Female,Married,Primary,Employed,26,Savings,1,68293,9,8,8,0,0.95,1,1,0,0,1
CUST1832,46,Female,Single,Secondary,Employed,77,Current,1,114617,8,12,13,0,0.96,1,1,0,0,0
CUST0782,20,Male,Single,None,Employed,80,Savings,4,251975,13,9,10,0,0.93,1,1,0,0,1
CUST0432,46,Male,Single,Primary,Self-employed,48,Savings,1,6939,14,2,13,0,0.53,2,0,0,1,0
CUST1345,53,Male,Married,Secondary,Self-employed,154,Savings,2,17609,14,6,11,0,0.92,1,0,0,0,0
CUST2074,28,Female,Single,Secondary,Employed,26,Savings,2,161752,21,9,14,0,0.75,2,0,0,0,0
CUST1070,34,Male,Married,Secondary,Self-employed,27,Savings,4,71377,9,8,11,1,0.59,0,1,0,0,1
CUST1559,18,Female,Single,Secondary,Employed,62,Savings,1,11696,9,9,9,0,0.6,0,0,0,0,0
CUST2751,18,Male,Married,Secondary,Unemployed,112,Current,2,432535,16,5,13,0,0.81,0,0,1,0,1
CUST0256,48,Female,Single,University,Employed,75,Fixed Deposit,2,63310,17,9,15,0,0.78,6,0,1,0,0
CUST0039,18,Female,Married,Secondary,Employed,153,Savings,1,278440,11,8,9,0,0.91,2,1,0,0,0
CUST0327,36,Female,Single,University,Self-employed,160,Savings,3,204552,12,14,9,0,0.76,1,1,0,0,0
CUST0045,24,Female,Single,University,Employed,5,Savings,2,11691,13,5,6,0,0.87,0,0,0,1,0
CUST1327,33,Male,Single,None,Employed,59,Current,3,359470,15,8,13,0,0.71,1,0,0,1,0
CUST2380,29,Female,Married,Secondary,Employed,122,Savings,2,218358,14,13,11,0,0.62,0,1,0,1,1
CUST1710,33,Female,Single,Primary,Employed,11,Current,2,121365,19,11,10,2,0.66,1,0,1,0,1
CUST0828,34,Male,Married,None,Self-employed,40,Savings,1,140904,14,12,11,0,0.7,0,0,0,0,0
CUST2905,39,Male,Married,Primary,Employed,136,Fixed Deposit,1,531108,7,5,14,0,0.92,0,1,0,1,0
CUST2449,32,Male,Divorced,Primary,Unemployed,167,Current,1,49349,12,12,14,0,0.76,2,0,0,0,0
CUST1673,46,Female,Married,Primary,Unemployed,118,Savings,1,16190,14,6,12,0,0.78,0,1,0,0,0
CUST1406,24,Male,Divorced,University,Employed,133,Savings,1,245695,13,7,8,0,0.62,0,1,0,0,0
CUST0159,35,Male,Single,Primary,Employed,71,Fixed Deposit,1,20642,11,11,9,0,0.52,0,0,0,0,0
CUST1702,18,Female,Married,None,Employed,113,Savings,2,3960,21,13,8,0,0.73,4,1,0,0,0
CUST2896,40,Male,Single,Secondary,Employed,9,Current,2,220165,16,9,10,0,0.92,0,0,0,0,1
CUST0828,36,Male,Single,Primary,Employed,149,Savings,2,231134,14,9,12,0,0.51,2,1,1,0,1
CUST2632,43,Male,Married,Secondary,Employed,70,Savings,1,51546,15,13,4,2,0.57,1,1,1,1,1
CUST1669,21,Female,Single,Secondary,Unemployed,177,Fixed Deposit,1,32373,22,15,15,0,0.91,0,1,0,1,0
CUST0831,30,Male,Married,University,Employed,145,Savings,4,32520,18,9,14,0,0.56,2,1,0,0,0
CUST0202,23,Male,Divorced,Secondary,Employed,140,Savings,4,63211,15,9,12,0,1,1,0,0,0,0
CUST2985,34,Male,Single,Secondary,Employed,72,Savings,4,579103,17,6,8,0,0.63,0,1,0,0,0
CUST1372,27,Female,Married,University,Employed,4,Savings,2,152268,15,16,17,0,0.59,1,1,0,1,0
CUST1573,32,Female,Single,Secondary,Employed,180,Current,1,549247,20,8,5,0,0.75,0,1,0,0,0
CUST2478,46,Female,Married,None,Self-employed,132,Savings,2,201269,13,8,10,1,0.63,1,1,0,1,0
CUST2131,53,Female,Divorced,Secondary,Employed,4,Savings,3,32768,17,8,12,0,0.73,0,0,0,0,1
CUST2192,18,Male,Divorced,Secondary,Employed,41,Savings,2,98101,14,5,11,0,0.79,0,1,0,0,0
CUST1030,21,Female,Married,Secondary,Employed,89,Current,2,317125,21,5,11,0,0.93,0,1,0,0,0
CUST0764,47,Female,Married,Primary,Employed,46,Current,1,48627,16,4,6,0,0.78,2,1,1,0,0
CUST1736,36,Female,Married,Secondary,Employed,30,Savings,2,127075,11,6,9,0,0.58,1,1,0,0,0
CUST0089,25,Male,Married,Primary,Employed,157,Fixed Deposit,2,115390,13,7,10,0,0.88,5,1,0,0,0
CUST2905,42,Female,Married,Primary,Employed,136,Fixed Deposit,2,4977,17,8,12,1,0.7,2,0,0,0,1
CUST1288,23,Female,Divorced,University,Self-employed,4,Current,1,281366,9,8,14,0,0.69,0,0,0,0,0
CUST1195,34,Female,Single,Primary,Employed,68,Current,3,768,13,6,15,0,0.77,0,1,0,1,0
CUST0887,39,Male,Married,Secondary,Unemployed,100,Savings,2,425278,13,7,19,0,0.93,1,1,0,1,1
CUST0756,43,Female,Married,Primary,Employed,41,Savings,2,26892,27,9,13,0,0.8,1,1,0,1,1
CUST1029,42,Female,Married,Secondary,Employed,151,Current,1,42136,10,3,12,0,0.92,1,0,0,0,0
CUST0142,40,Male,Married,University,Self-employed,14,Current,3,11742,19,5,13,0,0.53,1,1,0,1,0
CUST0869,39,Female,Married,Secondary,Self-employed,125,Savings,2,293959,8,10,17,1,0.85,0,1,0,0,0
CUST1379,45,Female,Married,Primary,Self-employed,165,Savings,3,114096,14,11,9,0,0.82,1,0,0,1,0
CUST0004,31,Female,Married,Primary,Employed,131,Savings,1,44026,14,11,12,0,1,1,1,0,0,0
CUST0035,24,Female,Single,Primary,Self-employed,18,Current,3,93719,19,17,13,1,0.8,1,1,0,1,0
CUST1234,39,Female,Married,Secondary,Employed,89,Savings,2,112066,21,9,8,0,0.87,1,1,0,0,1
CUST2826,39,Male,Single,Primary,Employed,129,Fixed Deposit,3,216358,16,9,9,1,0.52,1,1,0,0,0
CUST0524,45,Female,Married,University,Unemployed,11,Savings,3,45114,16,11,8,0,0.89,1,0,0,0,1
CUST1456,25,Male,Single,Secondary,Self-employed,114,Current,1,205677,12,5,9,1,0.96,1,1,0,0,1
CUST2252,39,Female,Single,Secondary,Self-employed,30,Current,1,152122,19,5,17,0,0.91,0,1,0,0,0
CUST0956,31,Male,Married,Secondary,Employed,157,Savings,3,374410,15,5,14,0,0.9,0,1,0,0,0
CUST1253,42,Male,Single,University,Employed,159,Fixed Deposit,2,39513,19,9,6,0,0.72,1,1,1,0,0
CUST2093,46,Male,Married,Primary,Employed,177,Savings,2,5130,17,7,11,0,0.66,0,1,0,0,0
CUST2312,43,Female,Married,Primary,Unemployed,86,Savings,1,210214,12,7,7,0,0.98,1,0,0,1,1
CUST2961,25,Male,Single,Secondary,Unemployed,91,Savings,2,132605,21,8,16,1,0.67,1,1,0,0,1
CUST2949,26,Male,Married,None,Self-employed,51,Fixed Deposit,1,38129,11,6,7,0,0.53,1,1,0,0,0
CUST1363,29,Female,Divorced,University,Employed,26,Savings,2,144488,9,14,11,2,0.72,1,1,0,0,0
CUST0358,39,Male,Divorced,Primary,Employed,26,Savings,2,316590,19,9,12,0,0.56,1,0,1,0,1
CUST0258,28,Male,Single,Secondary,Employed,7,Current,4,51485,9,10,9,0,0.53,0,1,0,0,0
CUST1169,37,Male,Single,University,Employed,8,Savings,1,126842,12,8,3,0,0.8,2,1,0,0,0
CUST0887,46,Female,Married,Secondary,Self-employed,151,Current,1,71736,14,13,9,1,0.62,4,1,1,0,0
CUST2865,40,Male,Married,Primary,Employed,96,Savings,2,102358,13,4,15,0,0.6,2,0,0,0,0
CUST2867,47,Female,Married,None,Employed,128,Fixed Deposit,2,83337,15,5,11,0,0.88,1,0,0,0,1
CUST0914,36,Male,Married,Secondary,Employed,4,Fixed Deposit,1,21649,16,11,11,0,0.69,3,0,0,0,0
CUST2970,38,Female,Married,Secondary,Self-employed,9,Savings,3,131082,13,9,11,0,0.73,1,1,0,0,1
CUST2846,25,Female,Married,None,Employed,138,Current,1,29824,13,7,11,0,0.8,0,1,0,1,0
CUST1235,41,Female,Married,University,Employed,115,Savings,1,93175,19,7,14,0,0.94,2,0,0,0,0
CUST2117,18,Male,Married,Primary,Self-employed,114,Savings,1,67106,21,14,9,0,0.66,3,1,1,1,1
CUST1373,21,Male,Married,University,Self-employed,97,Savings,4,99474,9,10,7,0,0.89,1,1,0,0,1
CUST0477,39,Male,Single,Primary,Employed,18,Savings,1,100440,18,7,8,1,0.93,0,1,0,0,0
CUST1582,26,Male,Married,University,Unemployed,65,Fixed Deposit,2,110199,18,8,12,0,0.91,0,0,0,0,0
CUST2572,39,Male,Single,None,Unemployed,53,Savings,1,27139,14,9,6,0,0.68,0,0,0,0,0
CUST2360,22,Female,Married,University,Employed,151,Savings,1,160603,16,5,9,0,0.51,1,1,1,0,0
CUST0001,35,Male,Single,Secondary,Self-employed,29,Savings,1,413122,12,4,12,1,0.99,0,1,0,0,1
CUST2910,18,Male,Divorced,Secondary,Employed,14,Current,1,38582,14,10,13,0,0.75,1,1,0,0,0
CUST2546,40,Male,Married,Secondary,Self-employed,158,Savings,2,90967,14,4,5,0,0.51,1,1,0,0,0
CUST1543,18,Female,Married,Primary,Self-employed,75,Savings,1,3876,11,5,12,0,0.8,2,1,0,0,0
CUST1221,38,Female,Married,University,Employed,8,Savings,1,131738,11,10,10,0,0.78,0,0,0,0,0
CUST1792,35,Female,Married,Secondary,Employed,54,Current,1,449623,18,12,16,0,0.51,2,0,1,0,1
CUST2527,44,Female,Single,Primary,Self-employed,143,Savings,1,382956,13,6,20,0,0.52,1,1,1,1,0
CUST2117,59,Female,Single,University,Self-employed,133,Savings,4,157270,13,7,15,0,0.98,0,1,0,0,0
CUST1703,18,Male,Divorced,None,Employed,67,Fixed Deposit,3,121681,14,14,12,0,0.5,2,1,0,0,0
CUST1356,31,Female,Married,Secondary,Self-employed,52,Current,1,347184,19,4,15,1,0.52,1,0,0,0,0
CUST1005,28,Female,Married,Primary,Unemployed,93,Current,2,798599,16,4,19,0,0.67,0,1,1,0,1
CUST0394,28,Female,Married,Primary,Self-employed,172,Savings,1,302585,14,10,9,0,0.79,2,1,0,0,0
CUST2269,22,Male,Single,Secondary,Employed,21,Savings,3,147481,23,4,8,0,0.77,0,1,0,0,1
CUST0990,40,Female,Married,None,Employed,165,Savings,3,129030,17,7,7,1,0.78,1,1,0,0,0
CUST2753,37,Female,Single,Primary,Self-employed,76,Savings,2,71976,12,8,6,0,0.6,4,1,1,0,0
CUST0303,40,Female,Single,Primary,Employed,136,Savings,2,162874,21,10,11,0,0.62,0,1,0,0,0
CUST2190,53,Female,Married,Secondary,Unemployed,160,Savings,1,154826,17,4,11,0,0.78,1,0,0,0,0
CUST0071,18,Male,Married,None,Unemployed,113,Current,2,43904,11,7,8,0,0.73,2,0,0,0,0
CUST2751,38,Female,Married,Primary,Employed,77,Savings,2,217121,18,9,15,0,0.87,0,1,0,0,0
CUST1482,32,Female,Married,Secondary,Self-employed,136,Current,2,63889,13,16,16,1,0.52,1,1,0,0,0
CUST2046,31,Male,Single,University,Employed,44,Savings,1,14121,14,8,11,1,0.89,0,1,1,0,1
CUST1743,28,Female,Married,Secondary,Employed,50,Savings,1,107003,18,6,9,0,0.72,2,1,1,0,1
CUST1789,33,Male,Divorced,Secondary,Self-employed,123,Savings,2,77007,13,9,6,1,0.64,4,1,1,1,1
CUST2451,44,Male,Single,Secondary,Self-employed,138,Current,3,292806,18,10,10,0,0.54,0,1,1,0,0
CUST1646,27,Female,Married,Secondary,Self-employed,6,Savings,1,40702,12,9,12,0,0.75,0,1,0,1,0
CUST1942,32,Male,Single,Primary,Employed,175,Savings,1,15909,13,6,5,0,0.57,0,1,0,1,0
CUST0435,39,Female,Married,Secondary,Employed,92,Savings,2,393690,15,7,14,0,0.75,4,1,0,1,0
CUST1859,40,Male,Single,University,Employed,42,Savings,1,126328,23,11,12,0,0.96,1,0,0,0,0
CUST1387,52,Female,Married,Primary,Employed,7,Savings,2,284421,14,10,15,0,0.99,2,0,0,1,0
CUST2751,32,Female,Single,Secondary,Employed,179,Savings,4,54683,7,10,15,0,0.62,0,1,1,0,0
CUST0165,33,Female,Single,Secondary,Employed,53,Fixed Deposit,1,151700,17,4,15,1,0.56,0,1,0,1,0
CUST0366,18,Male,Married,None,Self-employed,97,Savings,1,103953,17,8,7,0,0.66,3,0,1,0,0
CUST1042,48,Female,Single,Secondary,Employed,75,Savings,1,45845,20,10,8,1,0.66,1,1,0,0,1
CUST2369,42,Female,Single,Primary,Employed,143,Current,4,27133,20,7,12,0,0.83,0,1,1,0,0
CUST2855,45,Male,Married,Primary,Employed,94,Savings,1,110618,8,9,15,0,0.54,1,0,0,0,1
CUST0783,25,Male,Divorced,Primary,Self-employed,43,Savings,2,15060,16,9,11,0,0.8,1,0,1,0,1
CUST1713,50,Male,Single,Secondary,Employed,75,Savings,1,167334,13,12,9,0,0.6,0,0,1,0,1
CUST1990,28,Female,Married,Secondary,Employed,145,Fixed Deposit,3,143136,17,4,4,0,0.6,0,1,0,0,1
CUST1005,50,Female,Married,University,Employed,137,Savings,3,649901,14,14,7,0,0.54,0,0,1,0,0
CUST0865,35,Female,Divorced,None,Employed,91,Savings,3,38198,16,9,12,0,0.62,2,1,1,0,0
CUST1894,41,Female,Single,None,Employed,179,Savings,3,173604,7,5,14,0,0.85,0,1,0,1,0
CUST2876,36,Female,Married,Primary,Employed,139,Current,1,411917,13,8,8,0,0.64,3,0,1,0,1
CUST0930,27,Female,Married,Secondary,Employed,38,Current,2,201820,15,10,8,0,0.81,1,1,0,0,1
CUST0346,33,Male,Single,Secondary,Self-employed,42,Savings,2,593988,14,5,9,0,0.74,2,1,0,1,0
CUST0530,30,Male,Single,None,Self-employed,65,Savings,4,86684,14,13,7,0,0.92,3,0,0,0,0
CUST0035,25,Male,Married,Secondary,Employed,65,Current,4,38633,24,11,11,1,0.61,1,1,0,0,1
CUST0198,34,Female,Married,University,Self-employed,179,Savings,1,374908,9,8,11,1,0.96,0,1,0,0,0
CUST2102,26,Male,Married,Primary,Employed,158,Savings,2,51662,13,10,10,0,0.95,1,0,1,0,0
CUST2812,35,Female,Married,Secondary,Self-employed,25,Current,1,67016,23,6,7,0,0.86,2,1,0,0,1
CUST2121,37,Female,Single,University,Employed,83,Savings,3,178967,8,12,13,0,0.69,3,0,1,0,1
CUST1199,42,Female,Married,None,Unemployed,165,Current,3,159691,7,9,9,0,0.73,0,1,1,0,0
CUST2162,27,Female,Married,Primary,Employed,131,Savings,1,12227,18,6,12,0,0.96,2,1,1,0,1
CUST2729,42,Female,Single,Primary,Self-employed,60,Savings,1,54623,14,16,14,0,0.73,2,0,1,0,0
CUST0398,35,Female,Single,University,Employed,56,Savings,1,7556,16,4,14,0,0.78,0,1,0,0,0
CUST1565,31,Male,Single,Primary,Employed,163,Fixed Deposit,1,519411,13,12,10,1,0.75,2,1,0,0,1
CUST0956,46,Male,Married,Secondary,Self-employed,180,Fixed Deposit,1,105994,16,7,12,1,0.74,1,0,1,1,0
CUST2068,37,Male,Married,None,Unemployed,28,Savings,1,39071,17,14,8,1,0.99,0,1,0,0,0
CUST2513,27,Female,Married,University,Employed,96,Savings,3,69429,21,7,7,0,0.7,1,1,1,1,0
CUST1260,22,Male,Married,Secondary,Employed,41,Savings,3,167126,17,6,6,1,0.74,1,0,1,1,0
CUST1203,38,Male,Single,None,Employed,54,Current,2,409389,9,11,12,0,0.77,1,0,0,0,1
CUST2905,27,Female,Married,University,Unemployed,161,Current,1,60098,17,9,7,0,0.67,3,1,1,0,0
CUST0269,53,Female,Married,Primary,Self-employed,114,Savings,1,78585,12,9,7,0,0.94,0,1,0,0,0
CUST1926,40,Male,Married,None,Employed,93,Current,1,593791,13,7,4,0,0.57,2,1,0,1,1
CUST0835,18,Female,Married,Secondary,Employed,88,Savings,2,9269,20,9,11,0,0.81,2,1,1,0,0
CUST1116,25,Male,Divorced,Primary,Self-employed,122,Savings,2,94462,9,12,11,0,0.54,4,1,1,0,1
CUST0492,23,Female,Married,Secondary,Unemployed,33,Savings,3,62793,16,7,7,0,0.66,1,0,0,1,0
CUST1087,25,Female,Married,University,Self-employed,140,Savings,1,8444,17,11,15,0,0.75,1,1,1,0,0
CUST1380,19,Male,Single,Primary,Employed,144,Current,2,126955,15,7,13,0,0.66,1,0,0,0,0
CUST0406,40,Female,Single,Primary,Self-employed,133,Current,1,143313,12,9,6,0,0.67,0,1,0,1,0
CUST1931,39,Female,Divorced,Secondary,Employed,11,Current,2,214274,15,4,12,0,0.99,1,1,0,0,0
CUST0155,39,Female,Single,Primary,Employed,136,Fixed Deposit,3,89439,12,10,10,0,0.51,3,0,1,0,0
CUST2306,46,Female,Married,Secondary,Employed,46,Fixed Deposit,4,170359,14,7,13,0,0.87,2,0,0,0,1
CUST1276,35,Female,Married,University,Self-employed,167,Savings,2,222122,20,8,8,0,0.51,1,1,0,0,0
CUST2438,49,Male,Married,Secondary,Employed,134,Savings,1,55884,22,7,12,1,0.62,0,0,0,0,0
CUST1767,24,Male,Married,Secondary,Self-employed,90,Savings,3,265901,12,2,9,0,0.65,2,1,0,0,0
CUST2276,28,Female,Single,Primary,Employed,76,Current,4,39131,14,7,10,0,0.87,1,1,0,0,1
CUST2871,27,Female,Married,Primary,Self-employed,52,Current,2,151648,15,3,9,0,0.7,2,1,0,1,0
CUST0506,31,Male,Married,Secondary,Employed,75,Fixed Deposit,3,186329,17,6,11,0,0.62,2,0,1,0,1
CUST2096,26,Male,Married,University,Employed,98,Savings,1,712108,22,6,15,0,0.8,0,0,1,0,0
CUST1406,41,Female,Single,Primary,Employed,81,Savings,1,11251,22,8,7,0,0.77,1,1,0,0,0
CUST0668,34,Male,Married,None,Self-employed,95,Current,1,42868,11,12,10,0,0.88,0,1,0,0,1
CUST0797,46,Male,Single,University,Self-employed,55,Savings,1,69747,17,15,6,0,0.57,1,0,0,0,1
CUST2244,20,Female,Single,Secondary,Employed,106,Savings,1,60587,11,6,14,0,0.87,1,1,0,0,1
CUST2729,20,Male,Divorced,University,Self-employed,136,Savings,3,20586,13,4,6,0,0.58,0,0,0,0,1
CUST2437,28,Female,Married,Secondary,Employed,4,Current,3,292753,14,15,12,0,0.93,1,1,0,0,0
CUST1648,26,Female,Married,None,Self-employed,78,Savings,3,474539,15,9,14,0,0.62,2,1,0,1,0
CUST1119,20,Male,Married,None,Self-employed,151,Current,3,44038,13,8,17,0,0.64,0,1,0,0,0
CUST2299,39,Female,Married,Primary,Employed,137,Fixed Deposit,2,157777,12,9,12,0,0.84,1,1,0,0,0
CUST1643,42,Male,Single,Primary,Employed,20,Current,3,46981,18,6,12,0,0.97,0,0,0,1,1
CUST1017,48,Male,Divorced,Secondary,Employed,69,Savings,2,44293,13,7,11,1,0.67,0,1,0,0,0
CUST2387,40,Female,Single,Secondary,Self-employed,123,Savings,2,158068,11,4,11,0,0.72,0,1,0,0,0
CUST2620,39,Female,Married,Primary,Self-employed,152,Savings,3,394619,13,6,11,1,0.65,2,1,1,0,0
CUST1245,48,Male,Divorced,Secondary,Self-employed,4,Savings,3,310687,8,8,10,0,0.67,0,1,0,0,1
CUST2065,31,Female,Single,Primary,Unemployed,122,Savings,3,37034,21,14,11,0,0.92,0,1,1,0,0
CUST1469,36,Male,Single,Secondary,Employed,125,Current,1,516298,13,3,7,0,0.54,1,1,1,0,0
CUST0553,38,Female,Married,University,Employed,59,Current,2,141687,15,7,13,0,0.87,0,0,0,0,0
CUST2287,59,Female,Single,Primary,Employed,134,Current,1,73241,15,6,7,0,0.87,2,1,1,1,0
CUST2380,39,Male,Divorced,Primary,Self-employed,111,Fixed Deposit,2,229158,11,10,6,0,0.56,1,1,1,0,0
CUST2558,27,Female,Married,Primary,Employed,65,Savings,2,130605,14,1,17,0,0.7,1,1,0,0,1
CUST1076,40,Male,Married,Secondary,Self-employed,139,Fixed Deposit,1,207164,22,7,7,1,0.69,2,0,0,0,0
CUST0711,24,Female,Married,Primary,Employed,98,Savings,2,450853,10,9,11,0,0.76,0,0,1,0,1
CUST2315,24,Female,Married,Primary,Employed,82,Savings,1,209586,18,11,2,0,0.61,2,1,0,1,0
CUST1679,47,Female,Single,Secondary,Unemployed,75,Savings,1,219548,16,5,10,0,0.98,0,1,1,0,0
CUST2249,23,Female,Married,Secondary,Employed,104,Savings,2,233742,14,4,10,0,0.93,0,1,1,0,1
CUST1006,19,Female,Single,Secondary,Unemployed,58,Savings,3,334725,16,7,8,0,0.58,1,1,0,0,0
CUST1363,30,Male,Married,Secondary,Self-employed,83,Current,1,26835,22,9,12,0,0.65,2,1,0,0,0
CUST0651,29,Female,Single,Secondary,Employed,160,Current,4,58422,18,8,8,0,0.9,2,1,1,1,0
CUST2593,38,Female,Married,Secondary,Employed,125,Savings,4,225029,23,9,10,0,0.85,0,1,0,0,0
CUST1993,33,Male,Married,None,Self-employed,102,Savings,1,283968,15,6,4,0,0.87,1,0,0,0,0
CUST0617,61,Male,Married,University,Employed,28,Savings,1,125586,11,7,11,1,0.93,0,0,1,0,1
CUST1815,48,Male,Single,University,Employed,56,Current,1,53052,16,7,7,0,0.89,2,1,1,0,0
CUST0017,18,Female,Single,Primary,Employed,170,Savings,2,110917,14,8,10,0,0.57,2,0,0,0,0
CUST1674,38,Female,Married,None,Employed,38,Current,4,451612,10,9,8,0,0.55,1,1,0,0,0
CUST1480,31,Male,Single,Secondary,Self-employed,29,Savings,1,120811,16,9,13,0,0.62,0,0,1,1,0
CUST1554,43,Male,Married,University,Self-employed,41,Savings,2,112116,13,9,11,0,0.54,0,0,1,0,0
CUST2150,25,Male,Single,Primary,Self-employed,69,Current,1,119118,19,9,5,0,0.58,2,1,1,0,0
CUST1881,30,Male,Married,Primary,Employed,42,Current,2,47303,14,7,7,0,0.83,0,1,1,0,0
CUST2119,36,Male,Married,Primary,Self-employed,176,Savings,2,11396,11,4,5,0,0.54,0,1,0,0,0
CUST1513,39,Female,Single,Primary,Employed,109,Current,1,145502,18,6,6,1,0.76,2,1,1,0,0
CUST0080,18,Male,Married,University,Employed,163,Savings,2,675881,14,9,6,0,0.76,2,0,1,0,0
CUST0643,31,Female,Married,Primary,Employed,133,Fixed Deposit,2,70175,9,8,15,0,0.8,1,1,0,0,0
CUST0533,18,Female,Married,University,Employed,121,Savings,3,127564,22,4,7,0,0.54,1,1,1,0,0
CUST0830,40,Male,Married,Primary,Employed,87,Savings,3,57957,14,8,9,0,0.6,2,0,0,1,0
CUST0674,28,Female,Single,None,Self-employed,31,Savings,4,125045,14,7,9,0,0.52,0,0,0,0,0
CUST0420,49,Male,Divorced,None,Unemployed,71,Current,4,103828,20,8,10,0,0.52,1,0,0,0,0
CUST0154,47,Male,Married,Secondary,Employed,171,Savings,3,692012,8,10,15,0,0.81,2,1,0,0,0
CUST0090,27,Male,Married,Secondary,Employed,18,Fixed Deposit,3,473301,14,4,7,0,0.57,2,1,1,1,1
CUST1301,39,Male,Married,Secondary,Unemployed,4,Current,1,143054,17,10,7,0,0.95,2,1,0,1,1
CUST1962,47,Male,Divorced,Primary,Self-employed,158,Savings,1,166551,10,6,6,2,0.53,3,0,1,0,0
CUST0376,40,Female,Divorced,Primary,Employed,154,Savings,4,25139,13,12,10,0,0.71,0,0,0,0,0
CUST2005,24,Female,Single,Primary,Self-employed,82,Current,1,60526,21,14,10,1,0.98,0,1,0,0,0
CUST0633,18,Male,Married,Primary,Employed,142,Fixed Deposit,4,288562,18,9,10,0,0.93,0,1,0,0,0
CUST0606,37,Male,Married,Secondary,Employed,140,Savings,3,47084,14,7,9,0,0.63,0,1,0,0,1
CUST2060,28,Female,Single,Secondary,Self-employed,40,Savings,1,33119,15,9,14,1,0.86,1,1,1,1,0
CUST2540,49,Female,Married,Primary,Employed,60,Current,1,65965,16,9,8,1,0.68,2,0,0,0,0
CUST0960,27,Female,Married,Primary,Unemployed,83,Savings,3,463713,16,13,9,1,0.92,0,1,1,0,0
CUST2593,42,Female,Married,Primary,Self-employed,25,Savings,1,112499,19,6,12,3,0.98,0,0,0,1,1
CUST0152,44,Male,Single,University,Employed,105,Savings,4,42243,19,7,13,0,0.81,0,1,1,0,1
CUST2057,43,Female,Single,Secondary,Employed,104,Current,3,1074,10,9,7,0,0.87,0,0,1,0,0
CUST0352,18,Female,Married,Secondary,Self-employed,176,Savings,1,362820,9,5,11,0,0.79,2,0,0,0,0
CUST0706,20,Male,Single,None,Employed,166,Fixed Deposit,1,256293,11,7,8,1,0.93,0,1,1,0,0
CUST0384,30,Female,Married,Secondary,Self-employed,178,Current,3,90514,10,8,10,0,0.96,0,1,0,0,0
CUST0287,45,Male,Single,Secondary,Employed,180,Current,1,79636,18,5,11,0,0.79,0,0,1,0,0
CUST2108,47,Male,Married,Secondary,Employed,36,Savings,1,157841,14,8,5,0,0.56,0,1,0,0,0
CUST2422,54,Male,Divorced,Secondary,Employed,64,Savings,2,43873,17,4,8,0,0.7,0,1,1,0,0
CUST0737,26,Male,Single,Primary,Employed,51,Savings,4,198206,18,7,6,0,0.8,0,1,0,0,1
CUST2455,28,Male,Divorced,Primary,Employed,127,Current,1,890509,15,8,13,1,0.7,3,1,0,0,1
CUST1957,35,Female,Single,Secondary,Employed,88,Current,2,14783,17,10,11,0,0.87,2,0,0,0,0
CUST1226,47,Male,Married,University,Employed,30,Savings,1,61649,8,9,13,0,0.81,1,1,0,1,0
CUST1707,18,Female,Single,Primary,Employed,160,Savings,1,105009,18,7,21,0,0.96,1,1,0,1,0
CUST0659,23,Male,Married,Secondary,Unemployed,7,Savings,1,319015,13,4,9,1,0.85,2,1,0,0,0
CUST1191,52,Male,Single,None,Employed,127,Current,2,223714,11,12,9,0,0.59,1,0,1,0,0
CUST2656,43,Female,Married,Primary,Self-employed,10,Current,2,142572,15,8,6,0,0.64,1,1,0,0,1
CUST0915,18,Male,Single,None,Self-employed,143,Current,3,9661,16,4,14,0,0.73,2,1,0,0,0
CUST2180,46,Male,Married,Secondary,Self-employed,87,Current,1,110032,15,5,13,1,0.86,0,1,1,0,0
CUST1203,39,Female,Divorced,Secondary,Self-employed,36,Savings,1,40076,17,9,10,1,0.51,1,1,0,1,0
CUST2211,28,Male,Single,Primary,Employed,164,Current,2,122842,12,8,11,0,0.59,0,1,0,1,0
CUST0925,35,Female,Married,University,Employed,155,Current,1,46935,15,9,11,0,0.6,3,1,0,0,1
CUST1613,41,Female,Divorced,Secondary,Employed,67,Current,1,17644,7,8,9,0,0.95,1,1,0,0,0
CUST2532,39,Male,Single,None,Self-employed,20,Savings,1,266526,16,7,11,0,0.53,2,1,1,1,0
CUST1492,43,Male,Single,Primary,Employed,145,Savings,3,10721,15,14,8,0,0.59,0,1,0,0,0
CUST1334,50,Female,Single,Secondary,Self-employed,77,Savings,1,3838,17,11,11,0,0.84,1,1,0,0,0
CUST2278,39,Male,Married,Primary,Self-employed,109,Current,1,61520,17,6,11,0,0.96,2,1,0,0,0
CUST0323,20,Male,Married,Secondary,Employed,76,Current,1,12434,9,8,5,0,0.78,2,0,0,0,0
CUST1881,36,Female,Married,Primary,Employed,105,Current,1,105811,15,12,9,0,0.84,1,1,0,0,0
CUST2261,18,Female,Married,Primary,Employed,98,Current,2,52464,17,10,8,0,0.74,1,1,0,0,0
CUST2357,33,Female,Married,Secondary,Self-employed,131,Savings,4,1009,9,6,11,0,0.78,0,0,1,0,0
CUST1448,27,Female,Married,Primary,Self-employed,59,Savings,3,107272,9,11,11,0,0.51,2,1,1,0,1
CUST1669,26,Female,Married,University,Employed,78,Savings,3,339646,11,11,12,0,0.91,0,0,0,1,0
CUST0467,29,Male,Divorced,Secondary,Employed,86,Savings,2,500,10,16,14,0,0.8,1,1,1,0,1
CUST0492,70,Female,Divorced,None,Unemployed,65,Current,3,166356,21,7,7,0,0.69,1,1,0,0,0
CUST1886,25,Female,Married,None,Unemployed,137,Savings,4,53558,21,11,8,1,0.51,1,0,1,0,0
CUST2193,26,Female,Single,University,Employed,147,Current,1,88736,11,10,16,0,0.83,0,1,0,0,0
CUST2304,31,Male,Married,Primary,Employed,21,Savings,4,77522,15,3,11,0,0.51,2,1,0,0,0
CUST2146,31,Female,Single,Primary,Employed,57,Savings,3,141791,16,5,14,0,0.78,1,1,0,0,0
CUST1553,69,Male,Single,Primary,Employed,36,Savings,1,87983,9,9,8,1,0.78,3,1,0,0,0
CUST1291,35,Female,Single,University,Employed,93,Current,2,43872,6,8,13,0,0.71,1,0,0,1,1
CUST1294,34,Female,Married,Primary,Unemployed,128,Savings,2,13739,14,4,8,1,0.77,1,1,0,0,0
CUST1384,30,Male,Single,Primary,Employed,57,Current,2,61831,15,4,9,0,0.72,0,1,0,0,1
CUST2209,46,Male,Single,Secondary,Employed,40,Fixed Deposit,1,76761,20,11,13,0,0.58,2,0,0,0,0
CUST0674,33,Male,Divorced,University,Employed,78,Savings,3,205335,17,6,9,0,0.7,1,1,0,0,0
CUST1984,40,Female,Single,Primary,Employed,168,Savings,3,19533,5,10,13,1,0.84,1,1,1,1,0
CUST2186,36,Male,Single,Secondary,Employed,154,Savings,1,34639,14,8,9,0,0.8,1,1,0,0,0
CUST1762,19,Male,Single,Primary,Self-employed,135,Fixed Deposit,1,117000,7,9,2,0,0.57,1,0,0,1,0
CUST2941,27,Male,Single,University,Employed,137,Savings,4,24364,14,4,14,0,0.84,1,0,0,0,0
CUST0780,35,Male,Married,None,Employed,4,Current,2,142259,14,9,8,0,0.75,3,1,0,0,0
CUST1315,47,Male,Single,University,Employed,9,Fixed Deposit,4,86278,11,8,14,1,0.73,1,1,0,0,1
CUST1211,38,Female,Married,Primary,Self-employed,107,Current,4,324313,13,2,9,0,0.74,1,1,1,0,0
CUST1057,36,Male,Single,University,Employed,90,Fixed Deposit,2,33199,16,7,10,0,0.81,1,1,0,0,0
CUST2286,27,Female,Married,Primary,Self-employed,34,Current,3,44679,15,10,10,0,0.55,1,1,1,0,1
CUST2987,44,Male,Married,Primary,Employed,131,Savings,4,190815,21,13,8,0,0.76,0,0,0,0,0
CUST0118,44,Male,Single,Primary,Employed,88,Savings,2,660749,12,1,10,0,0.78,1,0,0,0,0
CUST2827,32,Male,Married,Primary,Employed,40,Savings,3,155780,16,9,7,0,0.64,0,0,0,0,0
CUST1864,43,Female,Divorced,Secondary,Unemployed,90,Savings,3,22458,14,6,9,0,0.61,2,1,0,0,0
CUST0772,33,Female,Married,Secondary,Unemployed,93,Current,1,88938,9,9,15,0,0.71,0,1,1,0,0
CUST2636,37,Female,Single,None,Employed,89,Current,1,145485,19,3,3,0,0.87,1,1,0,0,0
CUST0303,43,Female,Single,Secondary,Employed,146,Savings,1,27562,8,9,8,1,0.57,2,1,1,0,0
CUST2062,41,Male,Single,Secondary,Self-employed,147,Savings,1,70455,13,6,9,0,0.95,0,0,1,0,0
CUST2635,27,Female,Single,University,Self-employed,96,Savings,3,37840,15,5,14,0,0.97,2,1,1,1,0
CUST0433,39,Male,Single,Secondary,Self-employed,42,Savings,3,632102,19,6,11,0,0.52,2,1,0,0,1
CUST2461,30,Male,Married,University,Self-employed,122,Fixed Deposit,4,103153,17,4,14,0,0.5,0,0,1,0,1
CUST0422,33,Female,Divorced,Secondary,Employed,107,Savings,2,140548,15,12,7,0,0.72,0,1,0,0,0
CUST2284,26,Female,Single,None,Self-employed,129,Savings,1,4673,16,10,13,1,0.88,3,0,1,1,0
CUST1299,35,Male,Married,Secondary,Employed,145,Savings,3,700927,22,9,12,0,0.63,0,1,0,0,0
CUST0049,44,Male,Divorced,University,Employed,62,Current,1,195955,13,7,10,0,0.65,2,1,0,0,0
CUST1349,32,Male,Single,Secondary,Employed,72,Current,1,7878,12,5,11,0,0.73,1,1,0,0,1
CUST1777,42,Female,Married,Secondary,Self-employed,38,Savings,1,142978,19,9,7,0,0.91,1,1,1,0,1
CUST0216,34,Male,Married,Primary,Employed,25,Current,1,42822,13,3,10,0,0.8,1,1,1,0,0
CUST2302,41,Male,Single,None,Employed,105,Savings,1,75683,20,5,11,0,0.67,0,1,0,0,1
CUST0144,19,Female,Divorced,None,Employed,13,Savings,3,75777,20,15,11,0,0.67,1,1,0,0,0
CUST0457,42,Male,Single,Secondary,Employed,4,Savings,2,211032,11,5,9,1,0.91,1,0,0,0,1
CUST1899,28,Male,Married,Secondary,Employed,106,Current,3,5106,12,7,10,0,0.71,1,1,0,0,0
CUST1765,31,Male,Divorced,University,Employed,141,Current,1,17520,14,5,12,0,0.55,1,0,0,0,0
CUST2894,38,Female,Married,Primary,Self-employed,176,Current,1,49029,11,3,14,0,0.56,2,1,1,0,0
CUST2687,40,Male,Married,Secondary,Employed,86,Savings,1,15344,10,4,12,0,0.89,0,1,0,0,0
CUST1726,30,Male,Single,Primary,Self-employed,127,Fixed Deposit,3,68952,8,5,8,1,0.57,0,1,0,0,0
CUST1003,25,Female,Divorced,Secondary,Self-employed,35,Savings,1,216056,16,7,10,1,0.64,2,1,1,0,1
CUST1144,28,Male,Divorced,Secondary,Employed,38,Fixed Deposit,3,6268,16,5,6,0,0.98,2,0,1,0,0
CUST2989,22,Male,Single,None,Employed,51,Savings,3,284447,16,11,6,1,0.66,1,1,0,0,0
CUST2046,46,Male,Married,Secondary,Unemployed,26,Savings,4,258530,16,9,8,0,0.54,0,1,1,0,0
CUST2676,39,Female,Single,University,Employed,164,Savings,2,81605,13,6,12,1,0.75,0,1,1,1,0
CUST1604,35,Male,Single,University,Employed,55,Current,1,183237,17,7,12,0,0.67,2,1,0,0,0
CUST0580,25,Female,Married,Secondary,Employed,22,Savings,2,189134,16,12,10,1,0.77,1,1,1,0,1
CUST1003,44,Female,Single,Secondary,Self-employed,3,Savings,3,16696,8,3,13,0,0.84,0,0,0,0,0
CUST1120,37,Female,Single,Primary,Self-employed,158,Savings,1,307602,12,7,9,0,0.83,1,1,1,0,0
CUST1493,18,Female,Married,Secondary,Employed,38,Savings,2,182128,15,7,12,1,1,3,0,0,1,0
CUST2740,31,Female,Married,Primary,Self-employed,38,Savings,1,22470,17,7,14,0,0.58,2,1,0,0,0
CUST0070,32,Female,Single,Secondary,Self-employed,65,Savings,1,138456,16,8,15,0,0.5,1,0,1,0,0
CUST0810,32,Female,Single,Secondary,Self-employed,141,Current,1,54451,13,8,17,0,0.68,1,0,0,0,0
CUST0276,35,Male,Single,University,Employed,6,Current,1,117315,12,8,8,0,0.96,0,0,0,0,1
CUST1787,39,Male,Married,Secondary,Employed,168,Savings,3,157542,10,16,17,0,0.67,0,1,0,0,0
CUST0075,47,Male,Married,Secondary,Employed,74,Savings,1,115011,16,6,13,0,0.56,0,0,0,0,0
CUST2344,34,Male,Married,Secondary,Self-employed,123,Current,2,287771,11,10,6,0,0.99,1,1,0,0,0
CUST2453,29,Female,Married,Secondary,Self-employed,158,Current,1,184926,18,7,6,1,0.82,0,1,1,0,0
CUST0741,23,Female,Single,Secondary,Employed,93,Savings,4,361761,15,4,14,0,0.69,2,1,0,0,0
CUST2131,38,Male,Single,University,Self-employed,160,Current,3,112501,13,8,11,0,0.94,0,1,0,0,0
CUST0299,31,Female,Single,Primary,Self-employed,146,Savings,1,99855,22,12,13,0,0.56,0,1,0,0,0
CUST2627,41,Male,Married,Primary,Self-employed,152,Current,1,297065,18,8,6,0,0.86,0,1,0,0,0
CUST0816,26,Female,Married,None,Employed,23,Savings,1,127241,11,5,9,2,0.82,0,1,0,0,1
CUST2580,32,Male,Single,None,Self-employed,122,Fixed Deposit,4,148013,17,5,20,0,0.87,4,1,0,0,0
CUST2304,22,Female,Married,Primary,Self-employed,180,Current,3,694826,17,11,13,0,0.89,1,1,1,1,0
CUST2650,41,Female,Married,Primary,Self-employed,100,Current,1,575602,13,2,10,0,0.68,1,0,0,1,0
CUST1156,33,Female,Single,Secondary,Employed,115,Current,1,229519,14,3,7,0,0.85,2,1,0,0,0
CUST2265,63,Female,Married,Secondary,Self-employed,160,Savings,1,186896,14,9,10,0,0.68,3,1,0,0,0
CUST0765,31,Male,Single,Secondary,Employed,52,Savings,2,51557,20,2,10,0,0.72,0,0,0,0,1
CUST1105,27,Female,Married,Secondary,Employed,59,Savings,1,278688,10,3,13,0,0.59,1,0,0,0,1
CUST0725,55,Female,Married,None,Self-employed,24,Savings,1,184018,11,2,14,0,0.57,0,0,1,0,0
CUST2596,54,Male,Married,Secondary,Employed,178,Savings,2,46831,11,11,15,1,0.93,1,1,0,0,0
CUST2705,50,Female,Married,None,Employed,161,Current,1,55219,13,4,14,0,0.74,2,0,0,0,0
CUST0249,38,Male,Single,Secondary,Self-employed,97,Fixed Deposit,4,141422,13,7,10,1,0.97,1,0,0,0,0
CUST2629,42,Male,Divorced,None,Employed,57,Savings,2,259847,21,8,13,1,0.92,1,1,0,0,0
CUST1161,44,Female,Married,Primary,Employed,68,Fixed Deposit,4,237443,15,12,10,0,0.98,4,1,0,0,1
CUST0799,46,Male,Divorced,Primary,Unemployed,17,Savings,4,442300,17,9,6,1,0.79,0,1,0,0,1
CUST2345,28,Male,Married,Secondary,Employed,36,Current,1,73678,9,6,10,0,0.73,1,1,0,0,0
CUST0415,27,Male,Married,University,Employed,35,Savings,1,41986,23,17,9,0,0.91,1,0,0,1,0
CUST1571,46,Female,Married,Secondary,Employed,180,Fixed Deposit,3,232359,17,4,9,0,0.68,1,0,0,0,0
CUST2121,23,Male,Single,Secondary,Employed,33,Savings,3,18467,19,13,16,1,0.66,1,0,1,0,0
CUST1958,39,Male,Divorced,Primary,Employed,54,Savings,1,213451,17,7,14,0,0.7,2,1,1,0,0
CUST2642,28,Male,Married,University,Employed,135,Savings,2,115827,20,8,8,1,0.92,0,0,1,0,0
CUST0913,55,Female,Single,Primary,Self-employed,42,Savings,2,247383,15,8,15,0,0.86,2,0,0,0,0
CUST0175,45,Male,Married,Secondary,Employed,95,Savings,1,27148,13,11,8,0,0.81,0,1,0,0,1
CUST1629,40,Male,Single,None,Employed,118,Savings,2,10805,15,11,11,0,0.73,2,0,0,0,0
CUST0234,37,Male,Single,Primary,Self-employed,101,Savings,2,55395,10,8,13,0,0.67,3,0,0,0,0
CUST1296,27,Male,Married,None,Employed,45,Current,2,100142,14,9,15,0,0.69,2,1,0,0,1
CUST0993,30,Male,Married,Primary,Employed,163,Savings,1,97574,17,11,12,1,0.64,0,1,0,0,0
CUST1167,36,Female,Single,Secondary,Employed,156,Current,2,222438,17,10,15,1,0.69,0,1,1,0,0
CUST1371,37,Female,Married,Primary,Employed,67,Savings,1,41056,17,5,12,0,0.96,1,0,0,0,0
CUST2198,38,Male,Married,Primary,Unemployed,37,Savings,3,164780,14,5,6,0,0.86,1,0,0,0,0
CUST0214,18,Male,Married,Primary,Unemployed,144,Current,2,124565,14,10,11,1,0.82,0,1,0,0,0
CUST1222,39,Female,Single,Primary,Unemployed,121,Savings,1,163157,11,6,12,0,0.75,3,1,0,0,0
CUST0773,41,Female,Single,Secondary,Employed,60,Savings,1,252839,13,8,15,1,0.69,3,1,1,0,1
CUST2522,46,Male,Single,Primary,Employed,32,Current,2,45476,12,7,8,0,0.97,2,0,0,0,1
CUST1545,51,Female,Single,Primary,Employed,120,Savings,2,207539,16,11,11,0,0.52,1,1,0,0,0
CUST1823,44,Female,Divorced,University,Employed,116,Fixed Deposit,2,197069,8,6,17,0,0.71,0,1,0,1,0
CUST2115,45,Female,Divorced,Primary,Unemployed,56,Savings,3,160882,13,15,10,0,0.82,0,1,1,1,0
CUST2473,31,Female,Divorced,Primary,Employed,4,Savings,2,387269,19,10,10,0,0.81,0,1,0,0,1
CUST2357,30,Female,Single,University,Employed,18,Savings,2,8474,12,5,9,1,0.81,2,1,0,0,0
CUST2071,26,Male,Married,None,Unemployed,154,Savings,3,350123,21,9,10,0,0.79,2,1,0,0,0
CUST2006,51,Female,Married,Primary,Employed,61,Savings,2,48394,10,7,12,0,0.77,1,0,0,0,0
CUST0314,18,Female,Divorced,Primary,Self-employed,129,Savings,2,120942,17,9,9,0,0.79,0,0,0,1,0
CUST1431,38,Male,Divorced,Primary,Self-employed,127,Current,1,41654,12,7,9,1,0.92,2,1,0,0,0
CUST2553,35,Male,Single,Secondary,Employed,115,Savings,2,214784,13,9,8,0,0.95,2,0,0,0,0
CUST1139,39,Female,Single,Primary,Self-employed,35,Current,4,65542,17,5,6,0,0.53,3,0,0,0,1
CUST2841,43,Female,Single,Secondary,Employed,25,Savings,3,500,13,7,11,0,0.7,1,0,1,0,0
CUST0294,21,Male,Single,Secondary,Employed,77,Savings,3,131619,11,9,9,0,0.99,1,1,0,0,1
CUST1566,43,Female,Married,None,Employed,175,Savings,1,10846,13,6,9,0,0.62,2,1,0,0,0
CUST0678,39,Female,Married,Secondary,Employed,10,Savings,3,293473,12,14,5,0,0.74,0,1,0,0,0
CUST2024,34,Male,Single,Secondary,Employed,74,Current,1,20147,18,6,10,0,0.57,2,0,1,0,0
CUST1668,30,Male,Single,Primary,Self-employed,10,Savings,2,158765,6,7,11,0,0.99,0,0,0,0,0
CUST0502,39,Female,Married,University,Self-employed,95,Current,2,46136,14,11,11,0,0.54,0,1,0,0,1
CUST0721,27,Female,Single,Secondary,Self-employed,143,Savings,2,181954,17,5,7,0,0.8,3,1,1,0,0
CUST0884,39,Female,Married,Secondary,Self-employed,148,Fixed Deposit,1,8373,14,10,8,0,0.98,3,1,0,0,0
CUST1606,35,Male,Single,Primary,Employed,50,Savings,4,390676,12,5,16,0,0.83,1,0,1,1,0
CUST1178,18,Male,Single,University,Employed,84,Savings,3,162666,14,5,9,1,0.67,1,0,0,0,1
CUST2087,52,Female,Married,Secondary,Unemployed,46,Savings,2,79400,13,5,15,0,0.56,4,0,1,1,0
CUST2400,56,Female,Single,Secondary,Employed,164,Savings,1,158070,16,9,16,0,0.9,0,1,0,1,0
CUST1662,46,Female,Married,Primary,Employed,64,Savings,3,105035,12,6,9,0,0.65,0,0,0,0,0
CUST1982,31,Female,Single,University,Employed,174,Current,2,60537,14,8,6,0,0.81,0,0,0,0,0
CUST0353,29,Male,Single,None,Employed,163,Savings,3,92984,19,5,13,2,0.73,0,1,1,0,0
CUST1651,46,Female,Single,None,Employed,126,Current,1,57342,21,13,7,1,0.56,1,0,0,0,0
CUST0328,44,Male,Married,University,Employed,151,Current,2,53564,13,7,12,0,0.91,1,1,0,0,0
CUST2910,46,Male,Single,Primary,Employed,12,Fixed Deposit,2,653941,15,6,11,0,0.99,1,0,0,0,1
CUST0408,32,Male,Single,University,Employed,121,Savings,2,86593,10,13,13,1,0.51,2,1,1,1,1
CUST2183,47,Male,Married,University,Employed,127,Current,3,129377,14,6,6,0,0.75,0,1,0,1,0
CUST0195,53,Male,Married,Secondary,Employed,2,Current,2,9601,20,7,11,0,0.56,4,0,0,0,0
CUST1953,37,Male,Divorced,University,Employed,89,Current,4,31591,30,12,9,0,0.51,0,1,0,0,0
CUST2776,37,Female,Married,University,Self-employed,155,Fixed Deposit,1,655515,9,9,13,0,0.65,2,1,0,0,0
CUST2255,35,Male,Single,Secondary,Employed,58,Savings,2,38920,17,6,12,0,0.73,3,1,0,1,0
CUST1499,23,Male,Married,Primary,Employed,157,Savings,2,51172,19,4,11,0,0.95,3,1,0,0,0
CUST1304,23,Male,Single,Secondary,Employed,137,Current,2,54661,8,4,11,0,0.6,2,1,1,0,0
CUST0599,29,Female,Divorced,Primary,Unemployed,97,Current,1,55368,11,13,14,0,0.55,1,1,0,0,0
CUST0889,40,Female,Single,None,Employed,38,Current,2,21404,17,5,9,1,0.55,2,0,0,0,0
CUST0046,38,Male,Divorced,Secondary,Self-employed,125,Savings,1,444560,21,9,5,0,0.76,0,0,0,0,0
CUST0027,47,Female,Married,Secondary,Employed,28,Fixed Deposit,1,68224,21,10,10,1,0.88,1,1,0,1,1
CUST1420,26,Male,Single,Primary,Self-employed,49,Savings,3,22264,18,7,10,0,0.84,1,1,0,1,1
CUST1073,34,Male,Single,Secondary,Employed,46,Savings,2,199034,16,14,10,0,0.65,0,1,0,0,0
CUST1160,30,Male,Married,Primary,Employed,163,Current,2,46022,13,13,8,1,0.88,1,1,0,0,0
CUST0854,37,Male,Single,University,Self-employed,24,Savings,2,63519,12,3,6,0,0.87,2,1,0,0,0
CUST2658,41,Female,Single,Secondary,Self-employed,174,Current,1,62031,16,6,9,1,0.61,1,1,0,1,0
CUST0901,52,Male,Single,Primary,Employed,116,Savings,2,32591,17,10,10,0,0.98,2,1,0,1,0
CUST0077,52,Female,Married,Primary,Self-employed,62,Savings,3,320068,14,5,8,0,0.52,0,1,0,0,0
CUST1747,54,Male,Married,Secondary,Self-employed,16,Savings,4,3370,12,7,8,0,0.53,1,1,0,0,0
CUST2655,41,Male,Single,University,Employed,114,Fixed Deposit,2,22575,12,5,8,0,0.85,2,1,1,1,1
CUST2970,53,Female,Married,Secondary,Employed,125,Savings,2,201984,16,14,11,0,0.63,1,0,1,0,1
CUST2068,24,Male,Married,Secondary,Employed,133,Savings,2,7107,20,6,13,1,0.68,1,1,0,0,0
CUST1693,36,Female,Divorced,Secondary,Employed,101,Savings,4,201078,19,14,12,0,0.58,1,1,1,1,0
CUST1208,49,Female,Single,University,Employed,12,Savings,1,54199,12,7,11,0,0.77,1,0,0,0,1
CUST0137,32,Female,Single,University,Self-employed,76,Current,4,232108,15,3,12,0,0.59,0,1,1,0,0
CUST1744,40,Female,Single,University,Employed,11,Savings,4,61037,14,6,9,0,0.99,2,0,0,0,1
CUST0725,43,Female,Married,Secondary,Employed,26,Savings,2,301282,14,10,7,0,0.92,0,0,0,1,1
CUST2273,33,Male,Married,Primary,Self-employed,163,Fixed Deposit,4,372225,13,9,12,0,0.94,2,1,0,0,0
CUST1279,48,Female,Married,Secondary,Employed,41,Savings,1,72808,16,6,10,0,0.9,1,0,0,0,0
CUST1585,40,Female,Married,Secondary,Employed,138,Current,3,208035,13,5,10,0,0.64,0,0,0,0,0
CUST0946,27,Female,Married,University,Self-employed,178,Current,1,45563,16,5,9,0,0.82,2,0,1,0,1
CUST0651,47,Male,Married,Primary,Employed,164,Current,2,217550,18,10,12,1,0.91,1,1,0,0,0
CUST0354,23,Female,Married,Primary,Self-employed,145,Savings,2,2761,20,6,13,0,0.57,1,1,1,0,0
CUST2251,44,Female,Divorced,Secondary,Unemployed,30,Current,1,86747,6,6,16,1,0.78,1,1,1,0,0
CUST2521,27,Male,Married,Secondary,Employed,176,Fixed Deposit,2,854269,17,11,13,0,0.74,0,0,0,0,0
CUST1137,41,Male,Married,Primary,Unemployed,105,Fixed Deposit,2,218739,16,3,13,0,0.64,1,1,1,0,0
CUST2366,39,Female,Single,Primary,Self-employed,8,Savings,2,210892,15,10,10,1,0.54,0,0,0,0,1
CUST0242,47,Female,Single,Primary,Self-employed,37,Savings,2,551954,17,6,9,0,0.98,2,1,1,0,1
CUST0223,39,Female,Single,Secondary,Self-employed,22,Savings,3,98942,10,6,14,0,0.74,0,0,0,0,1
CUST0980,43,Male,Married,University,Employed,131,Current,3,162596,21,5,8,0,0.77,0,0,0,0,0
CUST0232,28,Female,Single,Secondary,Employed,92,Current,2,157816,19,12,5,1,0.66,0,1,1,1,0
CUST0037,34,Male,Single,Primary,Self-employed,179,Savings,3,309972,19,9,10,0,0.84,0,1,0,0,0
CUST0605,46,Male,Married,Primary,Employed,137,Current,1,75005,8,8,11,0,0.98,1,0,0,0,0
CUST0049,27,Female,Married,Primary,Employed,166,Current,2,43324,15,16,3,0,0.73,3,1,0,0,0
CUST0967,25,Male,Single,None,Self-employed,24,Savings,3,393566,22,11,13,0,0.98,1,1,0,1,0
CUST2710,33,Female,Married,University,Employed,159,Savings,2,547154,14,14,14,0,0.59,0,0,0,0,0
CUST2732,34,Male,Married,None,Self-employed,75,Savings,2,218222,14,8,12,0,1,1,1,0,0,0
CUST0767,35,Male,Single,None,Unemployed,27,Savings,1,26569,11,11,13,0,0.83,2,1,0,0,0
CUST0992,58,Male,Married,Secondary,Self-employed,139,Current,1,81870,13,4,8,0,0.8,0,1,0,0,0
CUST1803,20,Female,Married,Secondary,Self-employed,59,Savings,1,192773,18,5,4,0,0.96,1,1,0,0,1
CUST2322,26,Male,Divorced,Primary,Employed,31,Savings,1,493667,10,5,6,0,0.6,2,1,1,0,1
CUST2687,27,Female,Single,University,Self-employed,82,Savings,1,392171,16,12,10,0,0.8,1,0,1,1,1
CUST0899,49,Female,Married,Secondary,Self-employed,132,Current,2,675384,13,10,9,0,0.9,1,0,0,1,1
CUST1467,48,Female,Married,Secondary,Employed,74,Current,2,309733,18,5,12,0,0.85,0,0,1,0,0
CUST0817,26,Female,Married,Secondary,Self-employed,39,Savings,1,110060,11,4,12,0,0.68,2,1,0,0,0
CUST2886,24,Female,Married,Primary,Self-employed,157,Current,1,28191,17,1,8,1,0.63,0,1,0,0,0
CUST2078,32,Female,Single,Secondary,Self-employed,118,Savings,2,371223,16,9,9,0,0.65,0,1,0,0,0
CUST0198,18,Female,Single,Primary,Employed,36,Current,1,95038,19,8,12,0,0.91,0,1,0,0,0
CUST0804,40,Female,Divorced,University,Self-employed,23,Savings,1,13113,11,10,8,0,0.72,1,1,0,0,0
CUST2717,34,Male,Single,University,Self-employed,164,Savings,4,38672,18,8,10,0,0.81,1,1,0,0,0
CUST1829,18,Male,Single,Secondary,Self-employed,43,Current,1,6635,14,8,4,1,0.68,3,1,0,1,0
CUST2237,33,Male,Married,Primary,Employed,140,Savings,2,169174,18,11,13,0,0.96,0,1,1,0,0
CUST0878,35,Female,Single,Primary,Employed,147,Current,2,303358,15,6,12,2,0.5,0,1,0,1,0
CUST2474,43,Male,Single,Primary,Employed,124,Fixed Deposit,2,765533,26,2,7,0,0.97,0,1,0,0,0
CUST0182,34,Male,Single,Secondary,Employed,173,Savings,1,302562,13,6,12,0,0.62,0,1,0,1,0
CUST2474,28,Female,Married,Primary,Self-employed,11,Current,2,43024,11,8,13,0,0.89,0,0,0,0,1
CUST2231,29,Male,Single,Primary,Self-employed,3,Current,4,98530,22,8,8,0,0.63,2,1,0,0,0
CUST0958,49,Female,Married,None,Employed,114,Current,1,45061,12,8,10,0,0.99,0,1,0,0,0
CUST2543,32,Female,Single,None,Employed,37,Savings,3,168584,9,6,11,0,0.6,2,1,1,0,0
CUST1568,38,Female,Married,University,Employed,145,Current,2,117710,13,9,11,0,0.74,2,1,1,1,0
CUST2945,39,Female,Single,Primary,Employed,87,Savings,2,228007,14,8,6,0,0.52,1,1,0,0,0
CUST0674,39,Female,Single,Secondary,Self-employed,42,Savings,1,32976,17,6,6,0,0.9,2,0,0,1,0
CUST0719,20,Male,Divorced,Secondary,Unemployed,12,Current,2,31477,10,4,6,0,0.56,1,0,0,0,1
CUST1290,42,Male,Divorced,University,Employed,96,Current,2,125661,16,8,13,0,0.77,1,1,0,0,0
CUST0837,47,Female,Single,Primary,Unemployed,16,Current,1,464898,18,5,12,1,0.63,2,1,0,0,0
CUST0183,56,Female,Single,Primary,Employed,46,Savings,4,37988,13,7,13,0,0.62,0,1,0,0,0
CUST2513,22,Male,Divorced,University,Self-employed,131,Current,2,78336,16,17,5,0,0.76,1,1,0,0,0
CUST2801,24,Male,Married,University,Unemployed,141,Savings,2,183424,10,10,12,0,0.67,1,1,1,0,0
CUST1658,39,Female,Married,Secondary,Employed,138,Savings,1,122678,21,11,9,0,0.81,1,1,1,1,0
CUST2674,30,Female,Single,University,Self-employed,94,Savings,4,79254,12,9,7,1,0.88,0,0,1,0,0
CUST1154,48,Male,Married,Primary,Unemployed,114,Savings,1,76481,16,5,10,1,0.52,1,1,0,0,0
CUST1435,20,Female,Married,Primary,Employed,179,Current,3,40030,21,11,14,0,0.8,2,1,0,1,0
CUST1279,39,Male,Divorced,Secondary,Employed,140,Current,2,39850,9,8,5,0,0.84,0,0,0,0,1
CUST1854,39,Male,Single,University,Employed,50,Savings,1,919282,18,10,7,0,0.57,0,1,1,0,0
CUST1856,44,Female,Married,None,Employed,38,Current,3,35508,12,9,5,0,0.78,2,1,0,0,0
CUST0613,44,Male,Married,Secondary,Employed,84,Fixed Deposit,3,333736,18,8,7,0,0.84,1,1,0,1,1
CUST2641,36,Female,Married,University,Employed,20,Savings,1,780610,18,9,6,0,0.88,1,1,0,0,1
CUST1774,18,Female,Divorced,University,Employed,144,Savings,3,107681,12,9,5,0,0.79,1,1,0,0,0
CUST1123,38,Female,Single,University,Employed,98,Fixed Deposit,1,15864,11,7,12,0,0.97,1,1,1,0,1
CUST1450,39,Male,Single,University,Employed,80,Current,1,236326,13,4,16,0,0.72,1,0,0,1,0
CUST0185,18,Male,Single,Primary,Employed,135,Fixed Deposit,1,60740,21,7,6,0,0.91,1,1,1,1,0
CUST1886,46,Female,Single,University,Self-employed,55,Savings,1,235705,18,14,7,1,0.86,1,1,1,0,0
CUST2099,36,Female,Single,Secondary,Self-employed,65,Current,1,1498,22,6,11,0,0.51,0,1,0,0,1
CUST1762,24,Female,Married,Primary,Unemployed,146,Current,2,110743,14,12,10,0,0.9,0,1,1,0,0
CUST1481,38,Female,Divorced,University,Employed,31,Savings,1,25089,18,4,6,1,0.99,1,0,0,1,1
CUST2675,45,Female,Married,Secondary,Unemployed,155,Savings,4,1747,17,10,8,0,0.78,2,0,1,0,0
CUST1458,41,Female,Married,Secondary,Self-employed,179,Current,2,65760,18,5,13,0,0.81,2,1,0,0,0
CUST0329,31,Male,Single,Primary,Employed,179,Savings,3,66158,13,12,12,0,0.65,0,1,1,0,0
CUST0318,59,Female,Married,University,Employed,92,Savings,1,298363,20,10,10,1,0.65,2,1,0,0,1
CUST2682,33,Male,Divorced,Secondary,Employed,17,Savings,3,99878,11,12,12,0,0.51,0,0,0,1,0
CUST1722,38,Female,Married,University,Employed,173,Savings,1,73328,16,3,9,0,0.62,2,1,0,1,0
CUST2030,40,Female,Married,Primary,Self-employed,152,Savings,1,271318,18,8,10,0,0.73,1,1,0,0,0
CUST2991,44,Female,Single,Primary,Self-employed,146,Savings,3,9849,5,9,12,0,0.84,1,1,0,0,0
CUST1056,43,Female,Single,Primary,Employed,165,Current,2,53245,15,13,7,0,0.99,0,1,0,0,0
CUST0102,35,Male,Divorced,University,Employed,128,Savings,2,47686,17,10,4,0,0.93,0,1,0,0,1
CUST1640,34,Female,Married,University,Self-employed,10,Fixed Deposit,1,25233,19,7,13,2,0.89,0,0,0,0,0
CUST2172,24,Female,Single,University,Employed,149,Savings,1,42607,8,12,13,0,0.79,0,0,0,0,0
CUST2036,39,Female,Single,Secondary,Employed,146,Savings,3,255222,18,5,15,0,0.83,0,1,1,0,0
CUST1474,42,Male,Married,Primary,Employed,77,Savings,2,177188,21,12,11,0,0.86,2,1,0,0,0
CUST1426,31,Male,Married,Secondary,Self-employed,25,Current,2,394907,17,10,8,0,0.82,2,1,0,0,1
CUST2119,44,Male,Married,Secondary,Self-employed,92,Current,2,59931,15,13,7,0,0.92,0,1,0,1,0
CUST0859,36,Female,Single,Secondary,Self-employed,166,Savings,2,182835,13,6,13,0,0.78,0,1,0,0,1
CUST1607,40,Female,Single,Secondary,Employed,113,Fixed Deposit,4,623106,9,8,7,0,0.57,1,1,1,0,0
CUST1572,28,Male,Married,Secondary,Unemployed,101,Current,1,122404,23,7,11,0,0.59,1,1,0,1,0
CUST1861,46,Female,Married,Secondary,Employed,104,Current,3,93107,22,9,8,0,0.69,0,1,0,0,0
CUST2431,22,Male,Single,University,Unemployed,125,Current,1,256434,22,12,10,0,0.6,0,0,0,0,0
CUST1307,56,Male,Married,Secondary,Employed,115,Fixed Deposit,1,49799,14,11,7,0,0.53,1,0,0,0,0
CUST2015,33,Female,Single,Primary,Self-employed,75,Savings,3,62371,19,8,7,0,0.66,0,1,0,0,1
CUST1611,21,Male,Single,None,Employed,5,Savings,4,176534,21,9,10,0,0.62,2,1,0,0,0
CUST2460,25,Female,Single,University,Employed,37,Current,1,139816,9,8,9,0,0.87,2,1,0,0,1
CUST1569,18,Male,Married,None,Employed,110,Savings,1,428107,16,6,14,3,0.65,1,1,1,1,0
CUST2592,33,Female,Single,Primary,Self-employed,20,Current,1,160182,14,14,8,1,0.79,1,0,0,0,0
CUST0249,37,Female,Single,Primary,Self-employed,179,Current,2,151777,10,7,12,0,0.51,0,1,0,1,0
CUST0855,29,Female,Married,None,Employed,123,Fixed Deposit,3,43667,12,8,11,0,0.58,1,1,0,0,0
CUST1621,33,Male,Married,Secondary,Employed,68,Savings,1,114155,18,5,12,0,0.77,3,1,0,1,0
CUST2238,22,Female,Divorced,Secondary,Employed,19,Savings,3,1398,17,4,5,0,0.51,1,1,0,0,0
CUST1632,45,Female,Divorced,Secondary,Self-employed,68,Current,1,228803,15,12,10,1,0.89,0,1,0,0,0
CUST1010,33,Male,Single,None,Unemployed,156,Savings,2,93874,9,8,13,0,0.81,2,1,0,0,1
CUST1064,38,Male,Single,Primary,Employed,61,Current,2,184080,12,12,17,0,0.89,0,1,0,1,0
CUST2784,56,Male,Married,Secondary,Employed,65,Savings,2,87234,17,9,13,0,0.92,1,1,1,1,0
CUST1806,45,Female,Single,University,Employed,28,Savings,1,58501,17,12,14,0,0.78,0,0,0,0,0
CUST2410,23,Male,Married,University,Employed,14,Current,3,114990,8,7,9,0,0.67,2,0,0,0,0
CUST1976,46,Male,Married,Secondary,Employed,45,Current,1,142367,13,6,6,0,0.92,0,1,0,0,0
CUST0816,18,Female,Married,Primary,Employed,57,Savings,2,128579,6,8,12,0,0.78,0,1,0,0,1
CUST0601,64,Male,Single,None,Self-employed,131,Current,3,7653,14,9,9,0,0.59,1,1,0,0,0
CUST1283,50,Female,Married,Primary,Employed,28,Fixed Deposit,1,441204,14,5,3,1,0.59,1,0,0,0,0
CUST0886,19,Male,Married,Primary,Self-employed,106,Savings,2,45286,18,12,9,2,0.65,1,0,0,0,1
CUST1815,27,Male,Divorced,University,Employed,49,Current,2,100877,15,5,9,0,0.98,1,1,0,0,0
CUST0587,51,Male,Single,Secondary,Employed,167,Current,2,99046,15,7,12,0,0.76,1,0,0,0,0
CUST2365,23,Male,Single,Primary,Employed,17,Savings,1,13649,11,13,9,0,0.55,1,1,0,0,1
CUST1342,59,Female,Married,University,Employed,98,Savings,4,36691,13,11,16,0,0.7,1,1,0,0,0
CUST0707,48,Male,Married,University,Self-employed,60,Savings,2,146557,16,13,11,0,0.81,0,1,0,0,0
CUST2952,43,Male,Married,Secondary,Self-employed,151,Current,1,6435,14,4,10,0,0.79,0,1,1,0,0
CUST1791,30,Female,Married,None,Employed,11,Fixed Deposit,1,77937,19,11,10,0,0.62,0,1,0,0,1
CUST2236,52,Female,Divorced,Primary,Unemployed,80,Savings,2,144777,10,11,12,0,0.54,0,0,0,0,0
CUST0347,37,Female,Married,Secondary,Employed,89,Savings,1,79918,15,8,9,0,0.71,1,1,0,0,0
CUST1073,46,Male,Single,Secondary,Employed,22,Savings,1,45143,15,10,10,0,0.5,1,1,0,0,1
CUST1881,29,Male,Married,Primary,Employed,156,Fixed Deposit,3,9150,16,8,6,1,0.87,2,1,0,0,0
CUST2972,43,Female,Married,Primary,Employed,43,Current,3,5266,15,12,11,1,0.95,0,1,1,0,0
CUST1836,25,Male,Married,Secondary,Self-employed,123,Savings,1,284632,13,17,16,0,0.67,1,1,1,0,0
CUST0745,30,Female,Divorced,Primary,Employed,163,Savings,3,134408,24,3,8,0,0.97,1,1,0,0,0
CUST0543,33,Male,Married,Primary,Unemployed,74,Current,2,227650,13,8,9,0,0.51,2,0,0,1,0
CUST0845,47,Male,Divorced,Secondary,Employed,44,Savings,1,416680,25,6,21,0,0.66,2,1,1,1,0
CUST1961,37,Female,Married,Secondary,Self-employed,51,Fixed Deposit,4,62742,18,10,14,0,0.7,0,1,0,0,0
CUST2635,30,Male,Single,University,Employed,92,Current,3,76889,9,10,5,1,0.62,3,1,0,1,0
CUST2745,25,Male,Divorced,Primary,Employed,89,Current,4,240065,10,11,9,1,0.65,0,1,1,0,0
CUST1582,28,Male,Divorced,University,Self-employed,63,Current,1,6186,21,10,6,0,0.92,0,1,1,0,0
CUST2355,38,Male,Single,Secondary,Self-employed,161,Savings,1,2197,16,5,14,0,0.54,3,1,1,0,0
CUST0572,39,Male,Single,None,Self-employed,23,Current,1,305840,18,8,9,0,0.55,1,1,1,0,0
CUST1854,32,Male,Single,Secondary,Self-employed,135,Savings,1,48567,24,9,10,0,0.92,0,1,0,0,1
CUST1909,28,Male,Married,University,Employed,100,Savings,2,104224,12,8,13,0,0.57,0,1,0,0,0
CUST1847,18,Male,Married,Primary,Self-employed,163,Fixed Deposit,1,123715,14,4,11,0,0.85,1,1,1,0,0
CUST2162,39,Male,Divorced,Secondary,Self-employed,165,Savings,1,34041,12,14,11,0,0.51,1,1,0,0,0
CUST0920,31,Female,Married,Secondary,Employed,6,Fixed Deposit,1,88818,9,10,7,0,0.59,1,1,0,1,0
CUST2931,35,Male,Single,Primary,Employed,146,Current,2,113546,8,5,15,0,0.6,0,0,0,0,0
CUST2522,34,Female,Single,Primary,Employed,81,Fixed Deposit,1,345543,12,7,8,0,0.63,2,1,0,0,0
CUST2037,18,Female,Married,University,Self-employed,36,Savings,3,153119,14,11,7,0,1,0,1,0,0,0
CUST1892,34,Female,Single,Primary,Employed,134,Fixed Deposit,2,24527,20,14,10,0,0.94,2,1,0,0,1
CUST1853,53,Male,Single,University,Employed,137,Fixed Deposit,2,371324,19,10,10,0,0.65,2,1,0,0,0
CUST0220,53,Female,Divorced,Primary,Employed,42,Current,2,233084,14,11,13,0,0.86,0,0,0,0,1
CUST0503,20,Female,Married,University,Self-employed,11,Savings,1,9071,14,12,6,0,0.93,1,1,1,0,1
CUST1915,35,Female,Single,University,Employed,28,Current,1,99645,17,7,7,0,0.5,1,1,0,0,1
CUST2512,18,Male,Married,Secondary,Employed,135,Savings,3,176299,13,9,17,0,0.67,0,1,0,1,0
CUST1201,29,Female,Married,Secondary,Employed,45,Savings,2,191989,21,6,3,0,0.6,1,1,0,0,1
CUST2370,52,Female,Married,Secondary,Employed,22,Savings,2,77833,12,6,12,0,0.64,1,0,0,0,0
CUST1189,43,Female,Single,Secondary,Employed,136,Savings,1,326146,16,6,15,0,0.86,0,0,0,0,1
CUST1299,32,Female,Married,University,Employed,82,Savings,1,59423,23,8,11,1,0.8,3,1,0,0,0
CUST0077,31,Male,Married,University,Employed,63,Savings,3,104396,17,5,8,0,0.54,0,1,0,0,0
CUST2151,34,Male,Single,Secondary,Employed,174,Savings,4,10820,23,9,17,1,0.65,0,1,1,0,0
CUST1118,23,Male,Married,None,Self-employed,56,Savings,1,348174,18,7,15,0,0.53,2,1,1,0,1
CUST2437,36,Male,Married,Primary,Employed,138,Fixed Deposit,1,14347,11,9,13,0,0.69,2,1,0,0,0
CUST2192,27,Male,Single,Primary,Employed,100,Current,1,60953,14,10,9,0,0.62,0,0,1,0,1
CUST2668,21,Male,Single,Primary,Self-employed,40,Current,3,954288,10,3,7,0,0.69,0,1,0,0,1
CUST2027,27,Female,Single,University,Employed,140,Savings,1,190798,14,6,14,0,0.6,1,0,0,0,0
CUST0979,45,Male,Single,University,Employed,97,Savings,2,491171,22,6,7,0,0.61,1,1,0,0,0
CUST0102,24,Male,Divorced,University,Self-employed,1,Fixed Deposit,1,117803,14,12,14,0,0.8,0,1,0,0,1
CUST1050,25,Male,Single,Primary,Employed,12,Fixed Deposit,3,63255,18,3,13,1,0.57,1,1,0,0,0
CUST0492,18,Male,Single,Secondary,Self-employed,68,Current,2,24843,15,13,11,0,0.6,0,1,0,0,0
CUST1197,40,Male,Single,Secondary,Employed,168,Savings,1,6480,16,11,11,0,0.92,0,0,1,0,0
CUST1448,36,Female,Divorced,Secondary,Employed,176,Savings,1,86282,15,8,7,1,0.85,1,0,0,1,0
CUST1062,31,Male,Married,Secondary,Self-employed,14,Savings,1,64214,19,4,10,0,0.84,1,1,0,0,1
CUST2779,44,Female,Married,Primary,Employed,104,Savings,1,77683,10,11,11,0,0.65,0,1,0,0,1
CUST2973,35,Female,Married,Secondary,Employed,7,Current,2,181895,17,8,11,0,0.86,1,1,1,0,0
CUST2263,41,Female,Married,None,Self-employed,167,Savings,1,55422,14,6,10,0,0.96,1,1,0,0,0
CUST1521,31,Female,Married,Primary,Employed,121,Fixed Deposit,2,231068,19,6,7,2,0.92,1,0,1,0,0
CUST0822,29,Male,Single,Primary,Unemployed,6,Fixed Deposit,1,10033,12,7,14,0,0.84,0,1,0,0,0
CUST1877,46,Female,Married,Primary,Employed,142,Savings,3,361259,14,5,11,0,0.55,0,0,0,0,1
CUST0322,43,Male,Married,Primary,Employed,11,Current,2,128810,22,7,9,0,0.77,1,0,0,0,0
CUST1472,44,Male,Married,University,Self-employed,133,Fixed Deposit,1,131433,12,7,10,0,0.92,0,1,1,0,1
CUST1939,39,Male,Single,Primary,Employed,66,Savings,4,10991,14,7,6,0,0.57,0,0,0,0,0
CUST0659,34,Male,Married,Primary,Self-employed,179,Fixed Deposit,3,180170,10,3,7,0,0.51,4,0,0,0,0
CUST1908,26,Female,Married,Primary,Self-employed,150,Current,2,10731,10,8,9,1,0.59,2,1,1,1,0
CUST0845,55,Female,Single,Primary,Unemployed,6,Savings,2,263406,17,12,10,1,0.61,1,1,0,0,0
CUST2081,37,Female,Single,Secondary,Employed,2,Savings,2,410295,12,10,11,0,0.75,2,1,0,0,1
CUST2854,32,Male,Divorced,Secondary,Employed,94,Fixed Deposit,1,38278,11,11,6,1,0.85,1,1,1,1,0
CUST2034,53,Female,Single,Primary,Employed,13,Current,2,211542,17,9,8,0,0.63,0,1,0,0,0
CUST2586,52,Male,Married,University,Employed,38,Savings,1,135189,15,6,19,1,0.85,0,0,0,0,1
CUST2789,28,Female,Single,Secondary,Employed,144,Savings,1,547842,11,8,11,0,0.57,1,0,0,0,0
CUST0805,35,Male,Married,None,Self-employed,79,Savings,3,16968,16,3,17,0,0.74,2,1,1,0,0
CUST1056,32,Male,Married,Primary,Employed,29,Current,4,45547,15,7,16,0,0.54,0,0,0,0,1
CUST1832,45,Female,Single,University,Self-employed,134,Savings,1,45895,22,10,11,1,0.52,2,0,1,0,1
CUST2913,32,Female,Single,University,Employed,75,Current,2,156669,14,9,13,1,0.9,1,1,1,0,0
CUST0036,38,Male,Single,University,Unemployed,132,Savings,4,107246,14,7,10,1,0.81,1,1,1,0,0
CUST1586,35,Male,Single,Secondary,Employed,169,Savings,4,24973,17,3,8,1,0.67,1,0,1,1,1
CUST0068,35,Female,Divorced,Secondary,Employed,122,Fixed Deposit,4,31648,16,16,9,0,0.98,0,1,0,0,1
CUST1308,25,Female,Single,Secondary,Employed,94,Fixed Deposit,2,82758,5,6,11,0,0.99,0,0,0,1,1
CUST2488,36,Male,Married,Secondary,Self-employed,11,Savings,2,43836,13,8,13,0,0.73,1,1,1,1,0
CUST1365,40,Male,Single,None,Employed,135,Savings,1,89554,20,6,13,0,0.79,1,1,0,0,0
CUST1846,35,Male,Married,Primary,Employed,97,Current,1,23421,19,9,5,0,0.69,1,0,0,0,0
CUST0567,31,Male,Single,None,Employed,81,Savings,1,39646,13,7,10,0,0.78,1,1,0,0,0
CUST2212,41,Male,Married,University,Self-employed,107,Fixed Deposit,1,209942,16,12,11,0,0.8,1,1,0,0,1
CUST2002,36,Male,Single,Primary,Unemployed,12,Current,4,79402,13,8,11,0,0.73,0,0,0,0,1
CUST1838,43,Female,Married,Secondary,Employed,157,Savings,3,36160,12,5,13,1,0.81,3,1,0,0,0
CUST1436,25,Male,Married,Primary,Employed,135,Savings,3,57900,12,7,6,0,0.75,0,1,1,0,0
CUST0351,54,Male,Single,University,Self-employed,30,Current,2,172531,18,6,6,1,0.64,0,1,0,0,1
CUST1036,25,Female,Married,University,Employed,88,Current,1,170360,18,5,11,0,0.93,2,1,0,1,0
CUST0011,30,Male,Single,Primary,Self-employed,169,Savings,2,1476,19,7,7,0,0.97,2,1,0,0,0
CUST1419,43,Female,Divorced,Secondary,Self-employed,91,Current,2,374453,21,6,7,0,0.99,0,1,0,1,0
CUST0216,39,Male,Married,University,Employed,1,Current,1,33830,13,8,9,1,0.8,0,1,0,0,0
CUST1809,20,Female,Single,Secondary,Employed,17,Current,2,44351,14,4,15,0,0.8,4,1,0,1,1
CUST2967,29,Female,Married,Primary,Employed,68,Savings,3,152460,17,9,6,0,0.89,1,1,0,1,1
CUST2530,42,Male,Single,Secondary,Employed,125,Current,1,5884,12,4,9,0,0.97,2,1,1,0,0
CUST2948,56,Female,Married,University,Self-employed,131,Savings,1,134713,15,9,10,0,0.55,0,1,1,0,0
CUST2630,52,Female,Single,Secondary,Employed,104,Current,2,188953,15,7,14,0,0.86,1,1,0,0,0
CUST1738,55,Male,Married,Secondary,Self-employed,43,Savings,3,16794,16,10,9,0,0.83,0,1,0,0,0
CUST0723,46,Male,Married,Primary,Unemployed,120,Savings,1,192662,16,10,11,0,0.81,0,0,0,0,0
CUST0614,40,Female,Single,Secondary,Self-employed,61,Current,1,18330,13,11,7,0,0.73,1,0,1,0,0
CUST2729,32,Female,Single,Primary,Employed,102,Current,1,262252,10,10,18,0,0.7,0,1,0,0,1
CUST0092,42,Female,Married,None,Self-employed,101,Savings,3,189415,13,7,4,0,0.81,1,1,1,0,0
CUST2936,29,Male,Single,Secondary,Self-employed,152,Current,3,185948,11,9,9,0,0.63,1,0,0,0,0
CUST2608,18,Male,Married,Secondary,Self-employed,158,Savings,2,70303,15,10,10,0,0.62,2,1,0,1,0
CUST1261,47,Male,Married,Secondary,Self-employed,65,Savings,1,98541,14,9,6,0,0.54,0,1,1,0,0
CUST2889,30,Male,Married,University,Employed,141,Fixed Deposit,1,129283,11,9,11,0,0.61,0,1,0,0,0
CUST2311,42,Male,Married,Secondary,Employed,153,Savings,3,22762,12,7,9,1,0.99,0,0,0,0,0
CUST0179,18,Male,Single,Secondary,Employed,85,Savings,2,17392,11,5,12,0,0.86,0,1,0,1,0
CUST0408,18,Female,Divorced,Secondary,Self-employed,115,Savings,2,115227,18,5,14,0,0.88,1,0,0,0,1
CUST2898,34,Male,Married,Secondary,Self-employed,152,Current,2,115517,12,7,10,0,0.65,2,0,0,0,0
CUST0856,21,Female,Married,Primary,Employed,85,Current,2,124806,18,4,12,0,0.51,0,1,0,0,0
CUST0328,31,Female,Single,Secondary,Employed,116,Savings,2,191122,23,9,12,0,0.85,0,1,0,0,0
CUST0828,38,Female,Single,Secondary,Self-employed,8,Savings,1,180846,16,9,14,0,0.62,2,0,0,0,1
CUST0380,30,Male,Married,Secondary,Employed,167,Savings,2,23163,14,14,8,1,0.61,0,0,1,0,0
CUST2514,35,Female,Married,University,Employed,45,Current,1,5490,22,7,8,0,0.8,0,1,1,0,0
CUST0925,28,Male,Single,Secondary,Employed,25,Current,4,183592,23,8,11,0,0.9,0,1,0,0,1
CUST1597,24,Male,Single,Secondary,Self-employed,74,Fixed Deposit,1,21556,28,4,6,0,0.64,1,1,0,0,0
CUST0497,33,Female,Married,University,Employed,94,Current,1,392677,13,6,13,0,0.57,0,0,0,0,0
CUST1854,45,Male,Married,Secondary,Unemployed,38,Fixed Deposit,1,301671,12,10,9,0,0.86,0,1,0,0,0
CUST0720,24,Male,Married,University,Self-employed,46,Savings,1,7111,19,9,17,0,0.76,2,0,0,0,0
CUST2373,44,Male,Married,University,Self-employed,69,Savings,2,17104,7,10,9,0,0.79,1,1,1,0,0
CUST2839,30,Male,Single,Secondary,Self-employed,175,Savings,4,8617,16,9,12,0,0.89,1,1,0,1,0
CUST1091,22,Female,Divorced,Secondary,Employed,33,Fixed Deposit,4,82119,17,7,14,0,0.54,0,1,1,0,0
CUST1094,41,Male,Married,None,Self-employed,8,Current,3,583780,17,7,16,0,0.79,0,1,0,0,0
CUST0504,42,Female,Single,None,Employed,60,Fixed Deposit,1,105790,18,9,16,0,0.53,0,1,0,1,0
CUST1427,47,Female,Divorced,Primary,Self-employed,69,Savings,2,11145,13,7,6,1,0.84,1,0,0,0,0
CUST1547,41,Male,Married,Secondary,Employed,159,Savings,1,280881,7,8,15,0,0.72,0,1,1,0,1
CUST0747,35,Female,Married,Primary,Self-employed,84,Savings,1,122566,10,9,9,0,0.83,1,1,1,1,1
CUST1932,50,Male,Divorced,University,Employed,33,Current,1,25295,19,5,6,0,0.92,0,1,0,1,0
CUST1761,31,Female,Married,None,Employed,107,Savings,3,125871,13,3,11,1,0.88,1,1,0,0,1
CUST0702,34,Male,Married,Secondary,Self-employed,42,Current,3,102536,19,4,8,0,0.54,1,0,0,0,0
CUST2376,32,Male,Single,Primary,Self-employed,124,Savings,3,210661,26,12,10,1,0.53,0,1,0,1,0
CUST0583,42,Female,Single,Secondary,Employed,161,Fixed Deposit,1,422704,12,12,10,0,0.75,0,0,0,1,0
CUST1635,31,Female,Married,Secondary,Unemployed,72,Savings,2,40021,18,8,11,0,0.79,2,0,0,0,0
CUST2055,42,Female,Single,Secondary,Self-employed,62,Savings,4,11940,13,8,13,0,0.94,0,0,0,0,0
CUST2304,21,Female,Married,Secondary,Employed,29,Savings,2,304876,15,8,8,0,0.9,0,1,0,0,0
CUST2900,27,Male,Married,Secondary,Employed,145,Savings,3,195548,11,9,9,0,0.51,0,1,0,0,0
CUST0713,38,Female,Married,Secondary,Employed,136,Savings,2,31196,16,10,5,0,0.58,0,1,0,0,1
CUST0245,37,Female,Married,University,Employed,174,Savings,1,184617,14,7,14,0,0.92,1,1,0,1,0
CUST1486,28,Male,Married,University,Employed,57,Current,4,545430,18,12,12,0,0.85,1,0,0,0,1
CUST1785,49,Male,Single,University,Employed,22,Savings,1,161381,16,4,10,1,0.73,2,1,1,0,0
CUST1895,43,Male,Married,Secondary,Self-employed,125,Savings,1,75006,11,10,14,1,0.88,1,1,0,1,1
CUST0732,36,Male,Single,Secondary,Employed,34,Savings,3,3725,7,8,9,1,0.83,4,1,1,1,0
CUST2121,38,Male,Married,Primary,Unemployed,114,Current,1,19404,15,7,15,0,0.92,2,0,0,0,1
CUST2784,32,Female,Married,Secondary,Self-employed,3,Savings,3,59116,9,8,9,0,1,1,0,0,0,0
CUST0247,47,Female,Married,Primary,Employed,2,Savings,1,65258,13,10,10,1,0.62,1,0,0,0,0
CUST2468,39,Female,Single,Secondary,Employed,179,Savings,3,252915,12,8,11,1,0.74,2,1,1,0,0
CUST2025,18,Male,Single,None,Self-employed,8,Savings,1,142213,16,12,12,0,0.84,2,0,1,1,1
CUST1720,35,Male,Single,Primary,Unemployed,95,Savings,1,21848,12,11,9,1,0.7,0,1,0,0,0
CUST1356,35,Female,Single,None,Employed,68,Fixed Deposit,3,59427,11,11,7,0,0.63,2,1,0,0,0
CUST2958,25,Female,Married,University,Employed,145,Savings,3,152371,11,9,8,0,0.68,0,1,0,0,0
CUST0842,31,Male,Single,Secondary,Unemployed,157,Savings,1,167294,19,8,6,0,0.82,1,1,0,1,0
CUST0487,52,Male,Single,University,Employed,74,Savings,2,6637,15,5,6,0,0.55,0,1,0,1,1
CUST2576,60,Female,Single,University,Employed,171,Current,1,38852,26,12,18,0,0.74,0,1,0,0,0
CUST2658,46,Female,Married,Primary,Employed,39,Current,3,1684,18,13,12,0,0.55,0,0,1,0,0
CUST0586,31,Female,Married,None,Self-employed,62,Current,1,16906,18,4,14,0,0.59,2,1,1,1,0
CUST0243,45,Female,Married,Secondary,Self-employed,31,Savings,2,435146,15,8,10,0,0.78,0,0,0,0,0
CUST2242,42,Male,Divorced,Primary,Employed,170,Savings,1,191815,11,6,6,0,0.79,1,1,0,0,0
CUST1173,53,Female,Divorced,Secondary,Self-employed,3,Savings,2,272789,20,10,12,0,0.65,3,1,0,0,0
CUST2184,29,Male,Single,Secondary,Unemployed,96,Current,1,143990,22,9,9,2,0.94,2,0,0,0,0
CUST0289,44,Female,Married,Primary,Employed,46,Savings,4,253952,16,5,9,1,0.77,1,0,0,1,0
CUST1880,61,Male,Married,University,Employed,177,Savings,2,112091,19,7,16,0,0.99,0,1,0,0,0
CUST0914,18,Male,Single,University,Employed,27,Current,1,70566,17,3,7,0,0.63,0,1,1,0,1
CUST0376,44,Male,Single,Secondary,Employed,103,Fixed Deposit,4,239844,20,9,11,0,0.81,1,1,1,0,0
CUST0528,48,Male,Married,University,Self-employed,102,Savings,2,265091,20,13,6,0,0.93,2,1,1,0,1
CUST2820,40,Male,Single,None,Employed,135,Savings,2,379741,16,12,5,0,0.6,3,1,0,0,0
CUST0167,41,Female,Married,Primary,Employed,35,Current,2,18676,19,11,12,0,0.88,1,0,1,0,0
CUST0958,27,Male,Married,Secondary,Unemployed,43,Savings,1,218018,17,5,11,0,0.89,3,1,0,0,0
CUST2908,28,Male,Single,Secondary,Unemployed,55,Current,1,80815,18,1,12,0,0.81,2,1,1,1,0
CUST0420,25,Female,Married,Primary,Employed,104,Savings,4,72009,18,8,11,0,0.67,0,1,0,1,0
CUST1521,18,Male,Married,Primary,Employed,116,Current,1,51499,19,12,7,0,0.92,1,1,0,0,0
CUST0211,39,Male,Married,Secondary,Self-employed,50,Savings,3,113551,19,9,10,0,0.82,1,1,0,0,0
CUST0663,36,Male,Married,Secondary,Employed,16,Current,1,33129,19,7,10,0,0.6,2,1,1,0,0
CUST0456,35,Female,Single,Primary,Employed,11,Savings,2,85468,9,7,9,0,0.52,0,0,1,0,0
CUST2195,37,Male,Single,Secondary,Employed,137,Savings,2,37882,15,9,15,1,0.66,2,0,0,0,1
CUST1474,31,Female,Married,Secondary,Employed,15,Current,1,132290,9,9,8,0,0.5,1,1,0,0,0
CUST2962,53,Male,Divorced,University,Self-employed,160,Savings,2,17197,17,8,9,0,0.84,0,0,0,0,0
CUST1337,39,Female,Married,Secondary,Employed,174,Current,3,31406,14,8,5,0,0.98,4,0,0,0,1
CUST1712,35,Female,Divorced,University,Self-employed,139,Current,3,23189,15,8,12,0,0.52,2,1,0,0,0
CUST2938,24,Male,Married,Primary,Self-employed,54,Fixed Deposit,2,73599,17,6,0,0,0.83,1,0,0,0,0
CUST2417,25,Female,Married,Secondary,Self-employed,101,Current,3,811661,11,9,11,0,0.88,2,1,0,0,0
CUST2699,28,Female,Married,Primary,Self-employed,49,Current,1,84548,15,11,12,0,0.87,1,0,0,0,0
CUST2606,40,Male,Single,Secondary,Employed,79,Savings,3,99478,20,10,4,0,0.91,0,1,1,0,0
CUST2137,44,Male,Divorced,University,Self-employed,13,Savings,2,2382,17,6,10,0,0.62,2,1,0,0,0
CUST1809,29,Male,Single,Secondary,Employed,20,Savings,4,27486,14,7,9,0,0.79,1,1,0,0,0
CUST2390,27,Female,Married,Primary,Employed,172,Savings,2,240556,13,7,11,0,0.86,2,1,1,0,0
CUST0793,28,Female,Married,Secondary,Employed,120,Savings,4,81698,15,5,11,0,0.68,1,1,0,0,1
CUST2505,24,Male,Married,Secondary,Self-employed,150,Savings,4,67060,24,10,11,1,0.73,0,1,1,0,0
CUST1752,36,Female,Married,Primary,Employed,122,Current,2,31297,14,13,2,0,0.74,2,0,1,0,0
CUST1146,47,Male,Single,University,Employed,99,Savings,2,78222,16,9,11,0,0.82,2,1,0,0,1
CUST1126,18,Female,Married,University,Employed,38,Savings,1,28143,15,16,8,0,0.66,1,1,0,0,0
CUST1450,34,Female,Single,Secondary,Employed,90,Savings,3,77407,9,5,6,1,0.57,0,1,0,0,0
CUST0460,48,Male,Married,University,Employed,114,Savings,2,254236,13,8,6,0,0.67,2,1,0,0,1
CUST2831,27,Female,Single,Secondary,Self-employed,173,Current,1,173934,14,9,8,2,0.69,0,1,0,0,0
CUST2191,34,Female,Single,Secondary,Self-employed,94,Current,2,34893,9,8,12,0,0.9,0,1,0,0,0
CUST0548,43,Male,Married,Primary,Employed,99,Fixed Deposit,2,51646,12,10,7,0,0.89,0,1,0,1,0
CUST0025,39,Female,Married,University,Unemployed,52,Fixed Deposit,2,64440,19,14,10,2,0.87,1,1,0,0,1
CUST2985,38,Male,Married,Secondary,Employed,144,Savings,1,2847,17,9,9,0,0.69,1,0,1,1,0
CUST1029,18,Female,Married,University,Employed,163,Fixed Deposit,2,6441,12,8,9,0,0.67,1,1,0,0,0
CUST0974,31,Male,Single,Primary,Employed,18,Savings,4,665217,16,6,11,0,0.72,2,1,0,1,0
CUST0386,33,Female,Married,Secondary,Employed,64,Savings,2,189222,14,14,12,0,0.53,1,1,0,0,0
CUST2099,46,Male,Married,Secondary,Employed,103,Fixed Deposit,3,46520,10,10,10,0,0.61,0,0,0,0,0
CUST2465,38,Female,Single,Secondary,Self-employed,17,Current,1,814390,13,7,15,0,0.88,2,1,0,1,1
CUST2319,43,Female,Married,Primary,Unemployed,129,Savings,2,498546,13,3,12,0,0.96,3,1,0,0,1
CUST0997,44,Female,Married,University,Unemployed,8,Savings,3,432158,16,9,12,0,0.52,2,1,0,1,1
CUST1367,21,Male,Married,Primary,Self-employed,6,Current,1,261182,18,13,9,0,0.7,0,1,0,0,0
CUST0779,40,Male,Married,None,Employed,65,Current,2,171135,19,4,14,1,0.88,0,0,1,0,1
CUST2329,40,Female,Single,Primary,Employed,10,Current,3,315572,11,7,11,1,0.63,0,0,0,0,0
CUST1162,22,Female,Married,Secondary,Employed,180,Current,1,188132,9,7,15,0,0.95,2,1,1,0,0
CUST1820,18,Male,Single,University,Employed,2,Current,4,11517,14,8,6,0,0.84,0,0,1,0,1
CUST0646,37,Male,Married,Primary,Employed,155,Current,4,59791,14,14,15,1,0.62,1,1,0,0,1
CUST1548,40,Female,Married,Secondary,Self-employed,169,Fixed Deposit,3,143940,24,7,7,0,0.91,2,1,1,0,0
CUST0147,28,Female,Married,Primary,Unemployed,9,Savings,2,17559,10,11,11,0,0.59,0,1,0,0,1
CUST1955,45,Male,Married,Secondary,Self-employed,157,Savings,1,24571,13,6,16,1,0.93,1,1,0,0,0
CUST0264,21,Female,Single,University,Unemployed,11,Current,3,69184,16,12,15,0,0.67,0,0,1,0,0
CUST1079,54,Male,Single,Secondary,Unemployed,104,Savings,1,166930,12,9,15,0,0.75,0,1,0,0,0
CUST0860,41,Female,Married,Primary,Self-employed,150,Fixed Deposit,1,32553,13,10,13,0,0.86,1,0,0,0,0
CUST0621,50,Male,Married,Secondary,Self-employed,147,Current,2,45014,11,7,8,0,0.59,1,1,0,0,0
CUST2864,43,Male,Married,University,Self-employed,115,Savings,2,62481,12,7,13,0,0.68,0,1,0,0,0
CUST2434,38,Female,Single,University,Employed,75,Savings,3,82118,14,11,7,0,0.62,0,1,1,1,0
CUST0766,39,Female,Married,University,Self-employed,105,Current,2,321076,20,4,11,0,0.73,1,1,0,0,0
CUST1773,48,Male,Divorced,University,Employed,28,Current,2,561419,10,12,15,0,0.61,0,0,0,0,0
CUST2229,46,Male,Divorced,Primary,Employed,68,Savings,3,248015,13,9,9,0,0.79,0,1,1,0,0
CUST2406,38,Male,Married,Secondary,Employed,74,Savings,1,221500,15,5,7,0,0.9,0,0,0,0,0
CUST2899,56,Male,Single,University,Employed,19,Savings,4,8253,14,2,12,0,0.78,1,0,0,0,1
CUST1739,24,Male,Single,Secondary,Self-employed,144,Savings,1,135866,15,7,15,1,0.74,2,0,0,0,0
CUST0203,22,Male,Married,University,Employed,59,Savings,2,138115,17,9,11,0,0.69,0,1,0,0,0
CUST1693,60,Male,Married,Secondary,Self-employed,119,Savings,2,245440,15,8,10,0,0.76,0,1,0,0,0
CUST1569,27,Male,Single,Primary,Employed,36,Savings,3,312241,11,7,9,0,0.87,1,1,1,0,1
CUST0153,51,Male,Married,Secondary,Employed,65,Fixed Deposit,1,108328,20,5,6,0,0.72,1,1,0,0,0
CUST2888,43,Male,Single,Primary,Self-employed,159,Savings,2,196673,20,8,6,0,0.63,1,0,1,0,0
CUST2041,31,Male,Married,University,Employed,97,Savings,2,166558,11,3,13,0,0.79,0,1,0,0,1
CUST0512,35,Female,Single,Secondary,Employed,86,Savings,1,16281,18,3,4,0,0.85,0,0,0,0,0
CUST2616,31,Female,Single,University,Employed,42,Savings,3,95822,16,10,6,1,0.92,2,1,0,0,0
CUST0296,36,Female,Single,Secondary,Employed,160,Fixed Deposit,2,415556,14,5,11,0,0.61,0,1,1,0,0
CUST1531,30,Male,Single,University,Employed,93,Savings,2,345820,13,10,12,0,0.69,2,1,0,0,1
CUST1900,24,Male,Single,Primary,Unemployed,24,Fixed Deposit,2,172488,18,16,13,0,0.91,0,0,1,1,0
CUST0072,42,Female,Divorced,None,Self-employed,11,Savings,1,50449,19,7,7,0,0.88,0,0,0,0,1
CUST0464,32,Male,Married,University,Employed,151,Current,1,14208,17,4,8,0,0.76,0,0,0,0,0
CUST1290,33,Female,Single,University,Employed,125,Savings,2,494855,13,8,6,0,0.66,0,1,0,0,0
CUST0810,32,Female,Divorced,Secondary,Self-employed,35,Savings,2,37393,15,3,7,0,0.96,5,1,1,0,0
CUST0664,38,Male,Single,Primary,Employed,92,Savings,2,24961,9,11,9,0,0.91,1,0,0,1,0
CUST2664,25,Male,Married,Secondary,Unemployed,79,Savings,2,68411,22,9,9,0,0.6,2,1,0,1,0
CUST1372,38,Male,Married,Secondary,Self-employed,178,Current,2,212465,22,5,11,0,0.95,3,1,0,1,0
CUST2088,30,Male,Single,Secondary,Employed,85,Savings,1,61034,12,8,12,0,0.97,2,1,0,0,0
CUST2946,33,Male,Married,Secondary,Employed,17,Savings,3,50695,17,9,13,0,0.95,2,1,0,0,1
CUST2926,30,Female,Single,Secondary,Employed,30,Savings,1,17965,10,3,9,0,0.52,0,1,0,0,0
CUST1682,36,Female,Married,Primary,Employed,116,Savings,1,502657,12,12,11,0,0.75,0,1,0,0,0
CUST1099,39,Female,Single,Secondary,Employed,123,Savings,3,131252,8,9,10,1,0.54,0,0,0,1,1
CUST2690,26,Male,Single,Primary,Employed,144,Current,1,143707,14,11,13,0,0.5,2,1,0,1,0
CUST2688,29,Male,Married,Secondary,Self-employed,130,Savings,1,244501,11,6,9,0,0.71,1,1,1,0,0
CUST0147,34,Male,Single,Secondary,Self-employed,141,Savings,3,39109,16,8,12,0,0.64,0,0,0,0,0
CUST2800,19,Male,Single,Primary,Employed,154,Savings,1,106808,14,10,8,0,0.78,1,0,0,0,1
CUST1730,34,Male,Single,None,Self-employed,88,Savings,1,13100,13,6,9,0,0.6,1,1,1,0,0
CUST1657,52,Female,Married,Primary,Self-employed,54,Current,2,36096,19,8,10,0,0.66,2,1,0,1,0
CUST2345,31,Male,Married,Secondary,Unemployed,76,Savings,2,98711,16,9,10,0,0.95,2,0,0,0,0
CUST1751,35,Male,Married,Secondary,Employed,177,Savings,2,27262,13,9,7,0,0.82,1,0,1,1,0
CUST1797,24,Female,Married,Primary,Unemployed,128,Current,1,48496,10,4,15,0,0.77,2,0,1,0,0
CUST2170,32,Male,Married,Secondary,Employed,77,Current,1,595294,16,9,15,0,0.56,1,0,0,0,0
CUST1286,40,Female,Married,Secondary,Employed,158,Savings,2,100549,16,5,8,0,0.95,0,1,0,0,0
CUST0626,43,Male,Single,Primary,Unemployed,70,Savings,2,11478,11,6,11,0,0.84,0,0,0,0,1
CUST2331,37,Female,Single,Primary,Self-employed,32,Current,2,235167,19,10,7,0,0.57,1,1,1,0,0
CUST0140,33,Male,Married,Secondary,Unemployed,96,Current,1,113562,14,10,12,0,0.9,3,0,0,0,1
CUST0975,23,Female,Married,Secondary,Employed,81,Fixed Deposit,3,123092,15,5,10,0,0.56,1,1,1,0,0
CUST0610,35,Female,Married,University,Employed,78,Current,1,400827,7,12,7,0,0.66,2,1,0,1,0
CUST1934,38,Male,Single,University,Self-employed,87,Current,1,33210,15,7,12,0,0.78,0,0,0,0,0
CUST1154,31,Male,Single,Secondary,Employed,73,Savings,2,72810,20,6,7,0,0.94,1,1,1,0,0
CUST1360,44,Male,Married,University,Employed,10,Savings,2,11864,12,6,13,0,0.62,1,1,1,0,0
CUST0655,37,Female,Married,University,Employed,179,Savings,2,128763,22,10,15,0,0.83,1,0,1,0,0
CUST1597,25,Male,Married,Primary,Self-employed,8,Current,1,88607,26,5,12,1,0.66,1,1,1,0,1
CUST1403,31,Male,Married,University,Employed,137,Current,3,111393,8,3,8,0,0.93,1,1,1,0,0
CUST1653,29,Female,Single,Primary,Employed,24,Savings,1,328842,14,3,14,0,0.79,3,0,0,0,0
CUST0152,22,Female,Single,Primary,Employed,4,Savings,1,8463,21,3,13,1,0.83,1,1,0,1,0
CUST0987,24,Male,Married,Secondary,Employed,128,Current,2,45495,13,13,11,0,0.74,1,1,1,0,1
CUST1923,31,Female,Married,None,Self-employed,155,Savings,2,129599,16,7,14,0,0.79,1,0,0,0,0
CUST0802,28,Male,Married,Primary,Unemployed,162,Savings,1,493028,13,8,13,0,0.87,1,1,0,0,0
CUST2859,36,Male,Single,Secondary,Employed,4,Savings,4,160375,14,3,5,0,0.57,2,0,1,0,0
CUST2619,18,Female,Married,Primary,Employed,17,Savings,3,22118,14,7,8,0,0.99,0,1,1,0,0
CUST0030,21,Male,Divorced,Primary,Self-employed,100,Current,1,243651,12,11,6,0,0.93,2,1,1,0,1
CUST1929,49,Male,Married,Primary,Employed,82,Current,1,83301,12,5,8,0,0.77,0,1,1,1,1
CUST2112,31,Male,Single,Secondary,Employed,38,Savings,1,144603,10,8,11,0,0.9,2,1,0,0,1
CUST1741,38,Female,Single,Secondary,Employed,175,Savings,2,266149,10,8,8,0,0.73,2,1,1,0,0
CUST1883,43,Female,Married,Primary,Employed,47,Savings,1,136069,19,3,14,0,0.85,1,1,0,0,0
CUST2770,34,Male,Single,Primary,Employed,76,Savings,3,283800,15,10,11,0,0.87,0,1,0,0,0
CUST0623,47,Female,Single,None,Self-employed,64,Savings,1,404320,27,4,7,0,0.62,2,1,1,1,0
CUST2348,43,Female,Single,Primary,Employed,157,Savings,1,120420,16,11,3,0,0.73,0,1,0,0,0
CUST2165,55,Female,Married,None,Employed,161,Savings,1,27152,12,10,12,1,0.73,3,1,0,0,0
CUST0969,44,Female,Single,Primary,Self-employed,175,Savings,2,120852,21,8,9,0,0.88,1,0,1,0,0
CUST1277,54,Male,Married,Primary,Employed,6,Savings,2,68224,11,8,19,0,0.93,0,0,0,0,1
CUST1251,35,Male,Single,Secondary,Employed,98,Savings,3,87379,7,7,15,0,0.88,1,1,0,0,0
CUST0493,23,Female,Married,None,Employed,139,Savings,3,10674,14,6,6,0,0.74,0,1,0,1,1
CUST1850,46,Female,Single,None,Employed,18,Savings,1,58641,15,16,8,0,0.85,2,1,1,0,0
CUST1993,32,Female,Single,Primary,Employed,82,Savings,2,6507,15,7,6,0,0.67,1,0,1,1,0
CUST1278,40,Male,Married,None,Employed,49,Savings,1,88628,12,4,11,0,0.9,3,0,0,1,1
CUST2480,52,Male,Married,Secondary,Employed,101,Savings,3,61956,13,4,12,0,0.56,1,1,0,0,0
CUST0965,43,Female,Married,University,Self-employed,156,Savings,2,189174,11,10,11,0,0.98,1,1,1,0,1
CUST0040,20,Female,Married,Primary,Employed,68,Current,1,139846,15,6,8,0,0.69,1,1,0,0,0
CUST1244,50,Female,Married,University,Unemployed,110,Savings,4,173229,14,5,8,1,0.64,1,1,1,0,1
CUST0318,42,Female,Married,None,Employed,110,Current,1,225996,23,12,10,0,0.65,0,1,0,0,0
CUST2258,34,Female,Married,University,Self-employed,79,Savings,3,163332,20,6,7,0,0.55,1,1,0,1,0
CUST2950,28,Female,Divorced,Primary,Self-employed,69,Current,1,70391,14,6,7,0,0.84,2,0,0,1,0
CUST0104,35,Female,Married,Secondary,Self-employed,75,Savings,3,118232,17,10,8,0,0.56,0,1,0,1,1
CUST0491,22,Female,Married,None,Self-employed,29,Savings,4,132344,17,12,10,0,0.68,1,1,1,0,0
CUST2300,18,Male,Married,Primary,Employed,23,Savings,2,8804,14,8,6,1,0.94,1,1,1,0,0
CUST1370,27,Female,Single,Primary,Employed,57,Savings,4,55487,11,7,7,2,0.63,0,0,1,0,0
CUST0678,35,Male,Married,Secondary,Self-employed,104,Savings,1,1060248,14,10,11,1,0.6,0,0,1,0,1
CUST1551,23,Male,Single,Secondary,Employed,118,Fixed Deposit,2,126966,20,11,11,0,0.99,1,1,0,0,0
CUST0689,18,Female,Married,University,Employed,22,Savings,3,83032,20,9,12,0,0.89,1,1,0,1,1
CUST2203,41,Male,Married,Secondary,Self-employed,51,Savings,1,8752,16,5,3,0,1,2,1,1,0,1
CUST2120,27,Male,Married,University,Employed,6,Savings,1,128463,10,17,6,0,0.94,1,1,0,0,0
CUST1337,35,Female,Married,None,Self-employed,60,Current,3,52122,12,4,7,1,0.82,0,0,0,0,0
CUST1110,18,Female,Single,None,Employed,121,Savings,1,74495,18,7,14,0,0.54,0,1,0,0,0
CUST2038,43,Female,Married,Secondary,Unemployed,67,Savings,1,31217,23,14,11,0,0.55,0,1,0,0,0
CUST1522,26,Female,Divorced,Secondary,Employed,109,Savings,2,48738,10,10,13,0,0.6,0,1,1,0,0
CUST0985,47,Female,Single,Primary,Self-employed,26,Savings,1,95163,16,6,8,1,0.64,1,0,0,1,1
CUST0748,36,Male,Single,Primary,Self-employed,63,Fixed Deposit,2,69191,16,8,8,0,0.83,1,0,0,0,0
CUST2307,37,Male,Married,None,Unemployed,34,Savings,2,487379,16,6,12,0,0.86,1,1,0,0,1
CUST1600,38,Female,Single,None,Unemployed,118,Savings,2,265145,11,12,14,0,0.68,1,1,0,0,0
CUST1194,34,Male,Married,Primary,Employed,57,Savings,1,103029,12,9,8,0,0.8,0,0,1,0,1
CUST0159,42,Female,Married,University,Self-employed,167,Savings,1,7015,13,6,9,1,0.95,2,1,0,1,0
CUST0494,54,Female,Single,Secondary,Employed,62,Current,4,101692,15,7,13,1,0.54,2,1,0,0,1
CUST2169,38,Female,Married,Secondary,Unemployed,94,Savings,3,203463,17,7,6,0,0.93,0,1,1,0,0
CUST0621,34,Female,Divorced,None,Employed,164,Savings,1,112198,14,9,10,0,0.68,1,1,0,1,0
CUST0154,33,Male,Single,Primary,Employed,89,Savings,3,79551,12,14,14,0,0.74,0,1,0,0,0
CUST2717,23,Male,Divorced,Primary,Employed,159,Current,2,160421,17,9,10,0,0.79,1,0,0,1,0
CUST0295,37,Male,Single,Primary,Employed,121,Savings,1,8529,21,5,16,0,0.98,3,0,0,0,0
CUST1941,21,Female,Single,Primary,Employed,74,Savings,1,35653,11,8,10,0,0.91,0,1,1,0,1
CUST2745,24,Male,Married,Secondary,Self-employed,146,Savings,1,526323,13,7,10,1,0.77,0,0,0,0,0
CUST1787,49,Male,Married,None,Employed,44,Current,4,295162,13,8,11,0,0.77,1,1,0,0,0
CUST0373,20,Male,Married,Secondary,Self-employed,63,Savings,2,435985,18,4,2,0,0.58,2,1,1,0,1
CUST2570,56,Male,Single,Secondary,Self-employed,106,Savings,3,431575,15,6,14,0,0.84,1,0,0,0,0
CUST0720,42,Female,Single,None,Self-employed,158,Savings,1,125226,14,6,4,0,0.91,1,0,0,0,0
CUST0035,53,Male,Married,Secondary,Employed,10,Savings,1,123346,25,8,6,0,0.59,1,1,0,0,0
CUST2163,40,Female,Single,Primary,Employed,29,Current,2,113400,19,9,12,0,0.93,2,1,0,0,1
CUST0883,33,Female,Married,Primary,Self-employed,76,Savings,4,502558,12,13,11,0,0.56,2,1,0,1,0
CUST2590,52,Female,Married,Secondary,Employed,80,Savings,1,54579,15,7,6,0,0.86,1,1,0,0,0
CUST0789,35,Female,Single,Secondary,Self-employed,11,Savings,1,15133,14,10,8,0,0.7,0,0,0,0,0
CUST1574,31,Female,Single,University,Self-employed,60,Savings,4,87643,8,10,17,0,0.64,1,1,0,1,0
CUST1789,29,Female,Single,University,Unemployed,135,Savings,2,54515,18,9,8,0,0.93,2,1,1,0,0
CUST2799,30,Female,Married,Secondary,Employed,99,Savings,1,10204,14,7,9,0,0.74,0,1,0,0,0
CUST1572,39,Female,Married,Secondary,Employed,130,Savings,1,138239,15,11,12,0,0.73,2,1,0,0,0
CUST2314,39,Male,Single,Primary,Employed,138,Savings,2,103061,17,11,9,0,0.55,2,0,0,1,0
CUST1829,36,Male,Single,Secondary,Self-employed,62,Savings,1,46597,13,10,7,0,0.55,1,1,0,0,1
CUST0708,18,Male,Single,Primary,Unemployed,94,Current,1,53129,23,10,10,0,0.54,2,0,1,1,1
CUST0867,24,Male,Single,University,Self-employed,13,Fixed Deposit,1,46407,16,7,12,0,0.94,0,1,0,0,1
CUST0647,18,Female,Married,Primary,Employed,34,Savings,3,97270,15,10,12,0,0.58,2,1,1,0,1
CUST2571,23,Female,Single,None,Employed,82,Savings,1,88708,14,7,10,0,0.79,3,1,0,0,0
CUST2678,53,Female,Single,Secondary,Self-employed,70,Fixed Deposit,1,10991,17,11,14,0,0.88,3,1,0,0,0
CUST0239,50,Female,Married,Primary,Employed,126,Current,3,259188,7,11,12,0,0.55,1,1,0,0,1
CUST2946,28,Female,Divorced,University,Employed,174,Savings,2,17240,4,10,8,0,0.65,0,1,1,0,0
CUST2921,47,Male,Single,Primary,Unemployed,169,Savings,3,165903,16,8,17,0,0.71,2,1,0,0,1
CUST1931,34,Female,Married,Secondary,Employed,125,Fixed Deposit,1,155354,18,10,7,0,0.72,0,1,0,1,0
CUST2903,33,Male,Divorced,Primary,Employed,94,Savings,1,285803,13,9,8,0,0.58,1,0,0,0,1
CUST2344,46,Female,Single,Secondary,Employed,100,Savings,2,598144,16,7,6,0,0.61,0,0,0,0,0
CUST1448,34,Female,Single,Secondary,Self-employed,114,Savings,1,87389,12,11,9,1,0.78,1,1,0,0,0
CUST1030,47,Female,Married,University,Self-employed,51,Savings,3,33354,11,6,14,0,0.53,1,1,0,0,0
CUST1541,38,Male,Married,Secondary,Self-employed,1,Current,3,27551,14,3,14,0,0.94,4,1,0,1,0
CUST1949,25,Female,Single,Primary,Employed,12,Savings,2,209252,18,6,9,0,0.95,1,1,1,1,1
CUST0489,39,Female,Married,Primary,Employed,164,Savings,2,150414,18,7,5,0,0.71,1,1,0,0,0
CUST1513,35,Male,Married,Secondary,Employed,142,Savings,1,14847,18,5,9,0,0.59,0,1,0,0,0
CUST2224,30,Male,Single,Primary,Unemployed,57,Current,2,178264,16,17,8,0,0.71,2,1,1,0,1
CUST0705,33,Male,Married,None,Unemployed,175,Savings,2,107951,18,7,8,1,0.84,2,1,0,0,0
CUST1290,35,Male,Married,Primary,Employed,20,Savings,1,794436,14,6,6,0,0.54,2,0,0,0,0
CUST0642,41,Male,Married,Secondary,Employed,21,Savings,1,129478,6,8,15,0,0.9,0,1,1,1,0
CUST0365,36,Male,Married,Primary,Employed,82,Savings,1,93419,11,4,9,1,0.79,1,1,0,1,1
CUST0959,37,Female,Married,Secondary,Self-employed,96,Current,1,26075,15,14,4,0,0.88,0,1,0,0,1
CUST0743,22,Female,Single,University,Employed,121,Savings,1,147727,13,16,8,0,0.59,0,1,1,0,0
CUST2934,33,Female,Divorced,Secondary,Employed,160,Savings,1,388720,15,6,9,0,0.91,4,1,1,0,0
CUST1423,34,Female,Married,Secondary,Employed,15,Savings,2,149985,15,8,8,1,0.92,0,0,1,0,0
CUST2758,31,Male,Married,University,Self-employed,156,Current,2,86522,16,5,7,0,0.85,0,1,0,1,0
CUST2109,31,Female,Divorced,None,Unemployed,51,Savings,3,140548,7,6,9,1,0.65,1,0,1,0,0
CUST2831,35,Female,Single,Secondary,Employed,12,Savings,2,149665,16,9,13,0,0.69,1,1,1,0,0
CUST1506,35,Female,Single,Secondary,Self-employed,116,Savings,3,50078,22,9,7,1,0.96,1,1,0,0,0
CUST2993,40,Female,Single,Secondary,Employed,64,Savings,2,141675,14,7,12,0,0.79,1,1,1,0,0
CUST0697,49,Male,Married,Primary,Employed,73,Fixed Deposit,2,16840,14,7,8,0,0.85,3,1,0,1,0
CUST2634,33,Female,Married,Secondary,Employed,149,Current,1,192140,18,7,11,0,0.95,3,1,0,0,0
CUST2764,32,Male,Single,Secondary,Self-employed,122,Fixed Deposit,3,108560,13,5,9,0,0.58,0,0,1,1,1
CUST1160,56,Female,Married,Secondary,Self-employed,177,Current,1,1004198,14,7,12,0,0.52,1,1,0,1,0
CUST0136,31,Female,Divorced,University,Employed,150,Current,1,1326,13,3,3,0,0.83,0,1,1,0,1
CUST2044,29,Male,Married,Primary,Employed,158,Current,2,101675,16,4,11,0,0.73,1,0,0,0,0
CUST2665,40,Male,Single,University,Employed,21,Savings,1,105401,15,8,8,0,0.83,2,1,0,1,0
CUST1140,34,Male,Single,Primary,Employed,2,Savings,2,262186,12,9,7,0,0.95,0,0,1,1,0
CUST0783,40,Male,Divorced,Secondary,Employed,141,Fixed Deposit,2,68078,19,8,12,0,0.68,1,1,0,1,0
CUST1873,43,Male,Married,University,Unemployed,173,Savings,4,89119,14,8,7,0,0.58,0,0,0,0,0
CUST2779,63,Female,Married,None,Self-employed,82,Savings,2,129030,18,10,6,1,0.59,1,1,0,0,0
CUST2722,47,Female,Married,Secondary,Self-employed,56,Fixed Deposit,1,14761,18,10,10,1,0.51,0,1,0,0,1
CUST1179,44,Male,Married,Primary,Unemployed,29,Savings,3,396694,14,6,10,0,0.75,1,0,0,0,0
CUST0455,38,Male,Married,Primary,Self-employed,31,Current,1,227967,12,5,5,0,0.55,1,0,0,1,0
CUST2523,31,Female,Single,Secondary,Self-employed,98,Savings,2,210121,15,9,8,1,0.55,1,1,1,0,0
CUST2573,36,Female,Divorced,Primary,Employed,129,Savings,3,45456,16,10,9,0,0.83,1,1,1,0,0
CUST1984,25,Female,Divorced,Primary,Unemployed,15,Current,1,2969,20,8,6,1,0.78,0,0,0,1,0
CUST2741,43,Female,Married,Secondary,Self-employed,60,Savings,2,18454,13,10,8,0,0.93,0,0,0,0,1
CUST1920,41,Female,Single,Secondary,Employed,66,Savings,4,327156,23,10,8,0,0.74,0,0,0,0,0
CUST0181,48,Male,Single,Secondary,Self-employed,120,Savings,2,364945,22,9,12,1,0.59,2,0,0,0,0
CUST0118,25,Male,Divorced,Secondary,Employed,5,Fixed Deposit,4,317302,13,6,8,0,0.52,1,1,0,0,0
CUST1489,32,Male,Married,Primary,Unemployed,134,Savings,1,70112,14,13,7,0,0.52,2,0,0,0,0
CUST0396,25,Male,Single,University,Employed,114,Current,1,25791,17,6,6,0,0.9,1,1,0,0,0
CUST1424,33,Female,Married,Secondary,Employed,35,Savings,1,485927,16,5,9,0,0.65,5,1,0,0,0
CUST2186,37,Female,Married,Secondary,Employed,148,Savings,1,41146,10,9,8,0,0.78,3,1,0,1,0
CUST0431,43,Female,Married,Secondary,Self-employed,61,Savings,2,22305,17,8,11,0,0.98,0,0,1,0,1
CUST0262,38,Female,Married,University,Employed,161,Savings,1,70365,14,10,10,0,0.73,2,1,0,0,0
CUST0282,29,Male,Divorced,Secondary,Employed,62,Current,1,106752,22,9,7,0,0.81,0,0,0,0,1
CUST2405,34,Female,Single,University,Self-employed,4,Current,1,119482,18,9,12,0,0.98,1,0,0,1,0
CUST0875,25,Male,Married,Primary,Employed,120,Savings,1,99299,17,6,7,1,0.57,0,0,1,0,0
CUST0351,39,Male,Single,Secondary,Employed,134,Savings,3,15329,15,9,11,0,0.9,0,1,1,0,1
CUST1776,41,Male,Single,Primary,Employed,68,Savings,4,86793,20,7,3,0,0.89,1,1,0,0,1
CUST2892,22,Female,Married,None,Self-employed,76,Savings,1,304930,14,4,11,0,0.87,1,0,0,0,0
CUST2859,43,Male,Married,Primary,Self-employed,111,Current,3,51529,15,9,16,0,0.88,3,0,1,1,1
CUST0280,44,Male,Married,Secondary,Self-employed,128,Current,1,82011,8,7,10,3,0.59,1,1,1,0,1
CUST2760,42,Male,Married,Secondary,Employed,73,Savings,2,168346,15,11,10,1,0.95,0,1,0,0,1
CUST2625,44,Male,Married,Secondary,Employed,169,Current,1,190355,17,10,15,0,0.82,2,1,1,0,0
CUST2030,26,Female,Married,None,Employed,142,Current,3,24708,15,7,14,1,0.93,0,0,1,1,1
CUST0318,26,Female,Divorced,None,Employed,106,Savings,1,216853,16,5,11,0,0.63,3,0,0,0,0
CUST2122,48,Male,Single,Secondary,Employed,125,Savings,1,86728,7,10,15,0,0.82,1,0,0,1,0
CUST2204,42,Male,Single,Secondary,Employed,145,Current,2,21382,15,3,5,0,0.91,0,0,0,0,0
CUST2199,32,Female,Married,Secondary,Self-employed,71,Current,1,481388,13,10,6,0,0.63,1,1,0,0,0
CUST0271,41,Female,Single,University,Employed,149,Savings,3,236923,14,8,7,0,0.88,1,1,0,1,0
CUST2215,53,Female,Single,University,Employed,131,Savings,2,774003,14,4,11,0,0.79,1,1,0,0,0
CUST2781,37,Male,Single,Primary,Self-employed,82,Savings,3,524447,16,8,7,0,0.6,1,1,1,1,1
CUST2871,31,Male,Single,Secondary,Employed,144,Savings,1,3376,12,7,11,1,0.64,0,1,1,0,1
CUST2646,29,Female,Single,Primary,Unemployed,108,Fixed Deposit,2,51199,12,12,7,1,0.77,0,1,0,1,1
CUST1936,23,Male,Married,Secondary,Employed,155,Savings,4,5975,18,7,10,0,0.64,0,1,0,0,0
CUST1887,37,Female,Divorced,Primary,Self-employed,24,Savings,3,61942,14,13,14,0,0.93,2,1,0,0,0
CUST2764,40,Female,Single,University,Employed,179,Current,1,140523,13,10,7,0,0.82,1,1,1,0,1
CUST1795,37,Male,Single,Primary,Employed,45,Current,1,14295,14,8,5,1,0.7,1,0,1,0,1
CUST1907,39,Female,Divorced,Primary,Self-employed,118,Savings,1,274232,14,9,8,0,0.92,2,0,0,0,0
CUST2024,33,Male,Married,University,Employed,97,Savings,1,211203,13,12,9,0,0.66,0,1,1,0,0
CUST0572,40,Male,Married,Primary,Employed,126,Current,1,152068,11,10,10,0,0.84,1,1,1,0,1
CUST2299,27,Female,Married,None,Self-employed,45,Savings,1,81208,18,13,10,1,0.53,1,1,0,0,1
CUST2033,33,Female,Single,University,Employed,67,Current,1,88846,18,9,7,0,0.92,0,1,0,0,1
CUST0970,35,Female,Single,None,Employed,133,Savings,1,106154,23,6,6,0,0.83,0,1,0,0,0
CUST1797,48,Male,Married,Primary,Employed,106,Savings,2,306378,17,7,14,1,0.61,2,0,1,0,0
CUST1001,18,Female,Single,Secondary,Self-employed,76,Savings,3,203053,16,12,11,0,0.68,0,0,0,0,0
CUST2572,58,Female,Married,None,Employed,71,Savings,2,197285,16,10,6,0,0.53,1,0,1,1,1
CUST1880,28,Male,Single,University,Self-employed,159,Current,1,18090,21,8,15,0,0.66,0,1,1,0,1
CUST2684,46,Male,Single,Secondary,Self-employed,60,Savings,1,383493,21,7,9,0,0.53,1,0,1,1,0
CUST2656,32,Female,Single,University,Employed,111,Savings,3,109687,25,7,5,0,0.93,1,0,0,0,0
CUST0193,32,Male,Married,University,Employed,39,Savings,4,113649,19,5,11,1,0.91,1,1,0,0,0
CUST2955,34,Male,Married,Secondary,Self-employed,110,Savings,3,265666,14,8,5,0,0.96,2,1,1,0,0
CUST1575,18,Male,Married,Primary,Unemployed,95,Savings,1,258112,17,10,9,0,0.99,0,1,1,0,0
CUST2523,64,Female,Married,Primary,Employed,94,Current,1,26274,12,12,16,0,0.98,1,0,0,1,1
CUST2520,38,Female,Married,University,Self-employed,22,Savings,2,40700,15,7,12,0,0.89,0,0,0,0,0
CUST0005,42,Female,Single,University,Employed,31,Current,4,215997,7,13,11,0,0.94,1,1,0,0,0
CUST2473,29,Male,Married,Primary,Employed,110,Current,2,56666,16,7,7,0,0.99,2,0,0,1,0
CUST1562,28,Female,Married,None,Self-employed,119,Savings,1,6664,11,4,16,1,0.52,0,1,0,0,1
CUST2037,49,Female,Married,University,Self-employed,69,Current,3,127548,17,12,8,1,1,1,0,0,0,0
CUST0815,43,Male,Married,None,Self-employed,156,Current,3,66313,19,8,15,0,0.84,0,1,0,0,0
CUST1606,46,Female,Married,Primary,Unemployed,71,Current,4,183753,12,4,4,0,0.93,0,0,1,0,1
CUST0220,32,Female,Single,Primary,Employed,134,Savings,3,88942,24,5,16,0,0.77,0,1,0,1,0
CUST1862,22,Female,Married,None,Self-employed,29,Savings,3,300294,6,11,18,1,0.89,0,1,1,0,1
CUST2935,29,Female,Married,Secondary,Employed,168,Fixed Deposit,1,79926,18,9,13,1,0.84,1,1,1,0,0
CUST1028,52,Female,Married,Secondary,Self-employed,39,Savings,2,8417,15,8,6,1,0.66,0,1,0,0,0
CUST0192,19,Female,Single,Secondary,Employed,126,Savings,1,77413,15,8,8,1,0.77,0,0,0,0,1
CUST2939,53,Male,Single,University,Self-employed,94,Current,1,26185,23,13,12,0,0.68,2,0,0,0,1
CUST1081,30,Male,Single,Secondary,Employed,59,Current,3,453176,14,8,7,0,0.73,0,1,0,0,1
CUST2627,19,Female,Single,Secondary,Employed,33,Current,2,22779,19,10,13,0,0.96,0,1,0,0,0
CUST2773,24,Female,Married,Secondary,Employed,139,Savings,2,216543,16,5,11,0,0.79,0,1,0,1,1
CUST1405,38,Male,Single,University,Employed,154,Savings,3,51066,26,12,8,0,0.64,1,1,1,0,0
CUST1610,32,Male,Single,University,Employed,116,Savings,1,74756,18,4,8,0,0.72,1,1,1,0,0
CUST0613,18,Female,Married,Secondary,Self-employed,48,Savings,1,68025,16,8,5,0,0.51,0,1,0,0,1
CUST2265,31,Male,Married,Secondary,Employed,59,Current,3,106284,19,10,12,0,0.89,3,1,0,1,0
CUST2150,51,Male,Divorced,Primary,Self-employed,178,Savings,1,24531,8,9,13,0,0.85,1,1,0,0,0
CUST1857,32,Female,Single,Secondary,Self-employed,158,Savings,1,243967,17,5,10,1,0.82,2,0,0,0,1
CUST1832,51,Female,Single,Secondary,Employed,9,Savings,3,10622,12,5,11,0,0.62,3,0,1,0,1
CUST0002,28,Female,Single,University,Unemployed,38,Savings,2,53883,14,6,4,0,0.85,1,0,0,0,1
CUST1710,42,Female,Married,Primary,Employed,132,Savings,3,554470,13,12,4,0,0.7,0,1,0,0,1
CUST0275,32,Male,Single,Secondary,Employed,97,Savings,1,358038,12,9,9,0,0.71,1,1,0,0,1
CUST1882,44,Male,Single,None,Unemployed,4,Savings,1,117457,15,9,14,0,0.66,0,1,1,0,1
CUST2337,18,Male,Married,University,Employed,72,Current,4,35327,16,10,18,0,0.5,0,1,0,0,0
CUST1111,37,Female,Single,Secondary,Employed,25,Current,3,17308,15,7,9,0,0.64,1,1,0,0,1
CUST0899,49,Male,Single,University,Employed,92,Current,1,178311,14,9,8,0,0.65,0,1,0,1,0
CUST0192,27,Male,Single,University,Employed,37,Savings,1,275590,20,7,13,0,0.75,0,0,0,1,0
CUST0728,52,Female,Single,Secondary,Employed,25,Current,3,226104,16,12,16,0,0.9,0,0,0,1,0
CUST0829,31,Female,Single,Secondary,Employed,29,Savings,2,169859,17,7,7,0,0.68,0,1,0,0,1
CUST2875,29,Male,Single,Primary,Self-employed,129,Current,1,237067,13,10,10,1,0.57,3,1,1,0,0
CUST1344,24,Female,Single,University,Self-employed,142,Fixed Deposit,2,314683,15,3,8,0,0.75,0,1,0,0,0
CUST2272,41,Female,Married,University,Employed,57,Savings,2,310898,11,7,7,0,0.64,0,0,0,0,1
CUST1805,24,Female,Married,Primary,Self-employed,45,Fixed Deposit,2,87955,11,7,11,0,0.55,1,0,1,0,0
CUST0585,21,Female,Single,Secondary,Employed,69,Current,2,237656,15,7,11,0,0.94,1,0,0,0,0
CUST1792,32,Male,Single,Primary,Self-employed,109,Current,1,263451,10,10,6,0,0.76,2,0,0,0,0
CUST0785,18,Female,Married,Primary,Employed,22,Savings,1,57682,15,13,7,0,0.71,1,1,1,0,1
CUST2031,26,Male,Married,Secondary,Employed,178,Fixed Deposit,2,103449,13,8,9,0,0.77,0,0,0,0,0
CUST0974,54,Female,Single,Secondary,Employed,49,Current,3,205623,14,9,12,0,0.86,2,1,0,0,0
CUST2545,35,Male,Married,None,Unemployed,132,Current,1,6547,13,12,9,0,0.79,2,0,0,1,1
CUST0369,44,Female,Single,Secondary,Employed,77,Savings,2,6373,8,6,8,0,0.72,1,1,0,0,1
CUST2911,19,Male,Single,University,Employed,41,Savings,2,39222,20,7,12,0,0.82,3,1,0,0,1
CUST0949,18,Female,Married,None,Employed,69,Current,2,51481,14,13,6,0,0.83,3,1,0,0,1
CUST1544,45,Male,Married,University,Self-employed,52,Savings,2,4632,21,5,13,0,0.89,1,1,0,0,0
CUST1701,36,Female,Married,Secondary,Employed,160,Current,3,113203,20,7,6,0,0.58,3,1,0,0,0
CUST0780,51,Male,Divorced,None,Unemployed,21,Savings,3,287958,14,9,7,0,0.61,0,1,0,1,0
CUST2036,45,Male,Married,Primary,Employed,39,Savings,1,330203,22,7,9,0,0.97,0,1,0,1,0
CUST0340,18,Female,Divorced,Primary,Employed,79,Current,1,171118,18,7,10,0,0.95,1,1,0,0,0
CUST2617,47,Female,Divorced,None,Unemployed,146,Current,1,317088,13,6,16,0,0.62,0,0,0,0,1
CUST1842,25,Male,Single,Secondary,Employed,58,Current,1,130009,10,7,8,0,0.97,2,0,1,0,1
CUST0179,34,Female,Married,None,Self-employed,140,Savings,1,127132,10,7,4,0,0.71,1,1,0,0,0
CUST2723,38,Male,Married,Primary,Employed,118,Current,2,50072,12,6,12,0,0.82,2,1,0,0,1
CUST0133,28,Male,Single,Primary,Employed,22,Current,3,35965,9,4,10,1,0.75,0,1,0,0,1
CUST0456,27,Female,Married,Secondary,Employed,29,Savings,2,48961,15,11,9,0,0.86,0,0,0,0,0
CUST0108,35,Female,Single,Secondary,Employed,50,Savings,1,361888,17,5,5,0,0.53,0,1,1,0,1
CUST1061,38,Male,Married,Secondary,Employed,161,Current,1,176513,13,9,13,0,0.96,3,1,0,0,0
CUST0666,19,Female,Married,Secondary,Employed,93,Current,1,80165,12,12,13,0,0.67,1,1,0,0,0
CUST0828,53,Male,Married,University,Self-employed,56,Savings,3,199727,5,6,11,0,0.52,1,1,0,0,0
CUST2415,48,Female,Single,Primary,Employed,176,Savings,4,355891,9,3,14,0,0.89,0,1,0,1,0
CUST0184,32,Female,Married,University,Employed,30,Current,1,555207,8,12,15,0,0.97,2,0,0,0,1
CUST2026,18,Male,Married,Secondary,Employed,107,Savings,1,59500,17,10,7,1,0.73,0,1,0,0,0
CUST2518,45,Female,Single,Primary,Employed,25,Savings,2,202341,17,8,10,0,0.87,0,0,1,0,0
CUST2591,55,Male,Single,Primary,Employed,42,Current,1,102470,18,9,3,1,0.54,0,0,0,0,1
CUST0820,24,Female,Divorced,Secondary,Employed,104,Savings,1,217168,8,7,9,0,0.93,0,1,0,0,1
CUST0777,37,Male,Married,Secondary,Employed,178,Savings,3,250074,12,7,5,0,0.53,1,1,0,0,0
CUST1717,20,Male,Married,University,Employed,166,Current,1,89670,14,5,10,0,0.91,0,1,1,0,0
CUST0785,30,Female,Married,University,Employed,148,Savings,3,258095,14,6,7,0,0.81,0,1,1,1,0
CUST0361,41,Female,Married,Secondary,Employed,107,Current,1,19743,15,9,15,0,0.88,0,0,0,0,0
CUST1386,21,Male,Single,Primary,Self-employed,104,Savings,1,7261,17,7,16,1,0.66,3,1,1,1,0
CUST2405,24,Female,Married,None,Unemployed,79,Savings,3,140780,15,7,13,1,0.88,3,1,1,0,0
CUST1981,31,Female,Married,None,Unemployed,24,Savings,2,252091,24,8,6,0,0.75,2,0,0,0,1
CUST1483,30,Female,Married,Primary,Unemployed,97,Savings,1,97816,14,11,14,0,0.85,1,1,0,0,0
CUST0976,35,Male,Married,None,Employed,84,Savings,3,150294,19,8,11,0,0.53,1,1,0,0,0
CUST2203,34,Female,Married,University,Employed,89,Current,2,260945,20,5,12,1,0.79,0,1,0,1,0
CUST1308,18,Male,Divorced,Primary,Employed,103,Savings,3,40633,14,9,8,0,0.53,1,1,0,1,0
CUST1247,22,Male,Single,None,Employed,179,Savings,1,100045,16,12,12,0,0.98,3,0,0,0,0
CUST1165,36,Female,Married,Primary,Self-employed,76,Fixed Deposit,2,104910,16,6,7,0,0.51,1,1,1,0,0
CUST1839,40,Female,Single,Secondary,Self-employed,153,Savings,3,71304,17,4,14,0,0.52,1,0,0,0,1
CUST0231,49,Male,Married,Secondary,Self-employed,165,Savings,3,82822,13,8,11,0,0.68,2,1,0,0,0
CUST0223,41,Male,Married,Secondary,Self-employed,32,Savings,2,65206,18,4,7,1,0.98,1,1,0,0,0
CUST1226,35,Male,Single,Primary,Self-employed,141,Current,1,105751,13,9,8,0,0.87,3,0,0,0,0
CUST2397,41,Female,Single,University,Employed,123,Fixed Deposit,2,215897,16,13,7,0,0.6,0,1,0,0,0
CUST0988,24,Female,Divorced,Secondary,Employed,151,Savings,4,307155,18,6,12,0,0.62,0,1,0,0,0
CUST1545,18,Female,Married,University,Self-employed,91,Savings,1,256045,13,8,5,1,0.98,0,1,0,0,0
CUST2638,33,Female,Single,Secondary,Self-employed,19,Savings,4,225987,19,11,12,0,0.55,1,1,1,0,0
CUST0816,32,Female,Married,Secondary,Employed,41,Savings,3,110469,14,9,9,1,0.54,0,1,1,0,0
CUST1093,27,Male,Divorced,University,Unemployed,36,Savings,2,107991,13,9,11,1,0.53,4,0,0,0,1
CUST1229,18,Female,Divorced,Secondary,Self-employed,44,Savings,1,17401,10,6,7,0,0.56,0,1,0,1,0
CUST0456,21,Male,Single,None,Self-employed,36,Current,4,208780,15,6,9,0,0.8,1,1,0,0,1
CUST2631,50,Female,Married,University,Employed,90,Savings,1,110319,13,8,12,0,0.93,0,1,1,0,0
CUST0827,24,Female,Married,Primary,Unemployed,41,Current,4,10850,15,9,10,0,0.51,2,1,0,0,0
CUST2880,35,Male,Married,Secondary,Employed,33,Savings,1,23422,16,9,7,0,0.83,5,0,0,0,1
CUST1581,32,Male,Married,Secondary,Employed,151,Savings,1,61216,15,7,7,0,0.66,0,0,0,0,0
CUST2873,52,Male,Married,Primary,Self-employed,150,Savings,3,339312,18,9,9,0,0.71,1,0,0,0,0
CUST0558,36,Male,Married,Primary,Employed,70,Current,1,64893,10,3,8,1,0.64,3,1,0,0,0
CUST2637,55,Female,Married,University,Employed,36,Savings,2,35764,18,10,8,0,0.87,1,1,0,0,0
CUST0953,45,Female,Married,None,Employed,151,Current,1,60042,12,4,7,0,0.94,0,0,1,1,0
CUST2677,20,Male,Married,None,Self-employed,158,Savings,1,121092,15,5,6,0,0.99,2,1,0,0,0
CUST2989,36,Female,Single,University,Self-employed,117,Savings,2,14253,13,13,5,0,0.81,0,1,0,1,1
CUST1518,40,Male,Single,Secondary,Employed,137,Savings,4,12543,12,7,12,0,0.83,2,1,0,0,1
CUST0978,29,Male,Single,Secondary,Unemployed,15,Savings,4,42635,11,13,6,0,0.64,2,1,1,1,0
CUST1428,31,Female,Married,None,Employed,81,Current,3,61642,13,7,5,0,0.56,1,1,0,0,1
CUST2016,35,Male,Married,Secondary,Employed,85,Current,2,206353,17,9,13,0,0.65,2,0,0,0,0
CUST1195,18,Female,Married,None,Employed,110,Savings,1,298142,15,4,11,0,0.65,1,1,1,0,0
CUST1992,18,Female,Divorced,Primary,Self-employed,93,Savings,4,266711,12,8,10,0,0.61,2,1,1,1,0
CUST1928,28,Female,Single,Primary,Unemployed,94,Savings,4,214347,15,6,8,0,0.74,2,1,0,1,0
CUST2191,39,Female,Married,University,Employed,115,Savings,2,60398,22,10,12,0,0.58,0,1,0,0,0
CUST0277,46,Male,Married,Primary,Unemployed,132,Savings,2,89365,17,9,12,0,0.82,1,1,0,0,0
CUST2226,18,Female,Single,University,Unemployed,133,Current,1,83589,21,7,14,0,0.91,0,1,0,0,0
CUST1385,33,Female,Single,Primary,Employed,160,Savings,4,40456,13,3,10,0,0.85,1,1,0,0,0
CUST2897,26,Female,Single,Primary,Self-employed,161,Savings,2,233400,17,5,7,1,0.74,1,1,1,0,0
CUST0493,29,Male,Single,Primary,Employed,37,Savings,3,115328,10,4,15,0,0.89,0,0,0,1,0
CUST2593,45,Female,Single,Secondary,Employed,56,Savings,1,190605,14,9,5,0,0.7,1,0,0,0,1
CUST0317,55,Female,Married,None,Employed,174,Savings,2,109395,11,1,7,0,0.53,3,1,0,1,0
CUST1781,32,Male,Single,None,Unemployed,140,Fixed Deposit,1,57683,18,11,10,0,0.83,1,1,1,0,0
CUST1943,35,Male,Married,Secondary,Self-employed,140,Savings,3,149774,17,7,9,0,0.77,0,1,1,1,0
CUST2502,18,Female,Married,None,Self-employed,160,Savings,4,73276,10,7,12,0,0.65,1,1,0,0,0
CUST1022,63,Male,Single,Secondary,Unemployed,9,Current,3,120452,8,6,15,0,0.77,2,1,0,0,1
CUST0337,35,Male,Single,Primary,Employed,137,Current,3,28623,17,9,12,0,0.81,3,1,1,0,0
CUST2332,42,Male,Married,Primary,Employed,133,Savings,1,246638,15,12,10,0,0.82,0,0,0,0,0
CUST1126,40,Female,Married,University,Employed,72,Current,2,177371,11,9,8,1,0.89,2,0,0,0,1
CUST0266,22,Male,Married,Secondary,Self-employed,52,Savings,1,2794,15,10,12,0,1,0,1,0,0,1
CUST1949,37,Female,Single,Primary,Unemployed,15,Savings,3,522783,18,8,8,0,0.61,0,1,0,0,0
CUST0471,22,Female,Divorced,Secondary,Employed,28,Savings,1,168133,14,11,8,1,0.88,0,0,0,1,1
CUST2562,36,Male,Married,Primary,Self-employed,74,Savings,4,371843,16,5,14,0,0.5,1,1,1,0,0
CUST2780,38,Female,Married,Secondary,Employed,73,Savings,2,111006,12,9,16,0,0.7,0,1,1,0,0
CUST2951,25,Female,Single,Primary,Employed,45,Savings,2,15115,13,11,5,0,0.53,1,1,0,0,0
CUST0850,21,Male,Single,Secondary,Self-employed,68,Savings,1,11341,22,11,8,2,0.79,2,1,1,1,0
CUST2089,36,Female,Married,Primary,Employed,37,Current,1,107970,14,9,12,0,0.86,0,1,0,0,0
CUST2049,36,Male,Divorced,Primary,Employed,171,Current,4,70905,13,9,15,0,0.75,0,0,0,0,0
CUST0267,36,Male,Married,University,Employed,86,Savings,2,126205,18,12,9,0,0.89,0,1,0,1,0
CUST0370,54,Male,Married,University,Employed,164,Current,4,39430,15,3,12,0,0.92,1,0,1,0,0
CUST0526,29,Male,Single,University,Employed,46,Savings,2,88962,7,4,3,1,0.61,0,0,0,1,1
CUST1032,29,Female,Single,Secondary,Employed,61,Current,1,167077,13,8,11,0,0.64,1,0,0,0,1
CUST2312,25,Male,Married,None,Self-employed,86,Savings,1,118259,18,7,11,0,0.84,2,0,0,1,0
CUST0711,62,Male,Single,Secondary,Employed,59,Fixed Deposit,2,57492,16,6,8,0,0.9,2,0,0,0,0
CUST2036,28,Male,Single,Secondary,Self-employed,15,Savings,4,534265,13,7,5,0,0.59,1,0,0,0,0
CUST0063,48,Male,Divorced,Secondary,Employed,69,Savings,3,1697,18,13,5,0,0.68,1,0,0,0,0
CUST2738,23,Female,Married,None,Self-employed,154,Savings,3,169002,21,7,13,0,0.78,1,1,0,1,1
CUST0329,49,Female,Married,Secondary,Unemployed,179,Savings,2,29182,18,13,10,0,0.81,2,0,0,0,0
CUST2365,38,Male,Married,University,Employed,154,Current,1,32357,14,7,6,0,0.87,0,1,1,0,1
CUST2027,27,Female,Single,None,Employed,23,Savings,1,315491,14,1,11,0,0.95,1,0,1,0,0
CUST2992,38,Male,Married,None,Unemployed,140,Savings,4,179258,14,2,7,1,1,0,1,1,0,0
CUST0549,46,Female,Married,Primary,Employed,32,Savings,2,54071,13,6,8,0,0.6,0,1,1,0,1
CUST2104,44,Female,Single,None,Employed,20,Current,1,299527,8,9,10,0,0.86,0,0,0,0,0
CUST2100,37,Male,Married,Secondary,Employed,68,Savings,1,195560,16,3,6,0,0.53,1,1,0,0,0
CUST2121,31,Female,Married,University,Employed,125,Savings,1,30643,8,4,10,0,0.8,0,0,0,0,1
CUST1152,18,Male,Married,University,Self-employed,7,Savings,2,73654,20,10,12,0,0.87,2,1,1,0,1
CUST1155,25,Male,Divorced,Secondary,Self-employed,32,Fixed Deposit,2,182770,13,5,11,0,0.82,2,1,0,0,1
CUST2082,24,Female,Married,Primary,Employed,155,Savings,1,50928,15,4,13,1,0.76,2,1,0,1,0
CUST0099,41,Female,Married,University,Employed,36,Current,2,165552,12,6,9,0,0.98,0,1,1,1,1
CUST2984,31,Male,Married,Primary,Self-employed,143,Fixed Deposit,2,41512,13,7,10,0,0.95,0,0,1,1,0
CUST0442,40,Male,Single,Secondary,Employed,67,Current,2,57402,17,10,14,0,0.99,0,1,0,0,1
CUST2144,43,Male,Married,Secondary,Employed,42,Savings,1,17278,17,12,10,0,0.56,0,1,0,0,0
CUST0774,44,Male,Married,Secondary,Employed,98,Fixed Deposit,3,110741,12,9,6,0,0.98,0,0,0,0,0
CUST1128,53,Male,Married,University,Self-employed,15,Savings,1,117727,12,8,5,1,0.91,0,0,0,0,0
CUST0719,31,Male,Married,Secondary,Employed,156,Savings,1,145010,12,11,9,1,0.7,1,1,0,1,0
CUST1873,32,Female,Divorced,University,Employed,44,Savings,1,334943,10,13,10,1,0.65,0,1,0,1,0
CUST0991,28,Male,Married,Primary,Self-employed,179,Savings,2,120305,9,3,4,0,0.72,2,1,0,0,0
CUST0020,48,Male,Married,Secondary,Employed,46,Savings,2,18252,14,9,9,0,0.72,1,1,1,1,0
CUST0915,31,Male,Married,Primary,Self-employed,99,Savings,2,35739,20,10,9,0,0.67,1,0,1,0,1
CUST1123,34,Male,Married,Secondary,Employed,49,Current,2,17479,16,3,14,1,0.59,0,1,0,1,1
CUST1399,29,Male,Single,University,Self-employed,154,Savings,3,42497,7,10,9,1,0.85,1,1,0,0,0
CUST1936,32,Male,Married,Primary,Employed,84,Current,2,24278,13,8,14,0,0.91,1,0,0,1,0
CUST1885,38,Female,Single,Secondary,Employed,28,Savings,1,33929,21,5,8,0,0.81,2,1,0,0,0
CUST2699,26,Female,Divorced,University,Employed,28,Savings,3,2569,21,8,9,0,0.88,1,1,0,0,0
CUST0581,44,Male,Married,Secondary,Self-employed,98,Savings,3,191957,18,5,10,0,0.69,0,1,0,0,0
CUST0204,23,Male,Married,Secondary,Self-employed,132,Savings,1,508823,10,8,7,0,0.62,3,1,1,0,0
CUST1859,44,Male,Divorced,Primary,Employed,9,Savings,2,20108,12,10,8,1,0.6,1,1,0,0,0
CUST0796,28,Female,Single,Secondary,Employed,174,Savings,2,5541,15,10,11,0,0.97,0,1,1,0,0
CUST2359,26,Male,Divorced,Primary,Unemployed,126,Savings,1,146819,10,9,6,0,0.69,2,1,0,0,1
CUST1469,47,Male,Single,Primary,Unemployed,26,Current,2,392633,11,5,5,0,0.92,1,1,1,0,0
CUST2069,35,Male,Single,Secondary,Employed,76,Current,1,221122,14,11,9,0,0.79,3,1,0,0,0
CUST0096,37,Female,Single,Primary,Self-employed,73,Savings,4,139293,12,10,12,0,0.63,0,1,0,0,0
CUST2175,49,Male,Single,University,Unemployed,167,Current,2,358750,13,8,7,0,0.83,1,1,0,0,0
CUST2186,43,Female,Divorced,University,Self-employed,34,Savings,3,43682,19,8,9,0,0.57,0,1,1,0,0
CUST0788,34,Male,Married,Secondary,Employed,46,Current,1,142198,15,12,11,0,0.67,1,1,1,0,0
CUST0303,25,Male,Married,Secondary,Employed,91,Fixed Deposit,3,257952,15,6,9,0,0.59,2,0,0,0,0
CUST1202,38,Male,Single,Secondary,Self-employed,134,Savings,1,12411,10,9,11,0,0.76,1,1,0,0,0
CUST0331,31,Female,Married,Primary,Self-employed,163,Current,4,71547,11,11,9,1,0.63,1,1,0,1,0
CUST0284,43,Female,Married,University,Employed,83,Current,1,73975,17,14,9,0,0.82,0,1,0,0,0
CUST0082,24,Female,Married,Primary,Unemployed,114,Current,1,5309,14,7,16,0,0.57,0,0,0,1,0
CUST2242,28,Male,Married,University,Employed,119,Savings,1,17085,13,12,15,0,0.86,0,0,1,0,0
CUST1268,64,Male,Married,University,Employed,137,Current,2,41321,17,9,8,0,0.94,0,1,0,0,0
CUST2743,48,Female,Married,Secondary,Employed,154,Savings,4,51429,19,10,7,0,0.67,0,1,1,0,0
CUST1171,24,Male,Single,University,Employed,21,Savings,3,4343,18,4,13,0,0.65,0,1,0,0,0
CUST2959,30,Male,Married,Secondary,Employed,148,Savings,2,93308,26,8,7,0,0.86,0,1,0,0,0
CUST0220,34,Female,Single,Primary,Employed,138,Savings,3,62278,18,9,9,1,0.89,3,1,0,0,0
CUST2136,28,Female,Divorced,Secondary,Employed,100,Fixed Deposit,2,73221,16,8,9,0,1,0,1,0,1,0
CUST2274,44,Female,Divorced,Secondary,Employed,157,Savings,3,10310,12,8,11,0,0.58,0,0,0,1,0
CUST0309,37,Male,Single,Secondary,Employed,86,Savings,3,46689,11,13,10,0,0.63,2,1,0,0,0
CUST1748,51,Female,Married,Secondary,Employed,130,Savings,3,68088,10,6,11,0,0.58,0,1,0,0,0
CUST2022,34,Female,Married,Secondary,Employed,99,Savings,1,14958,17,16,13,0,0.57,1,1,1,1,1
CUST2295,44,Male,Divorced,Secondary,Employed,116,Fixed Deposit,3,77982,14,9,8,0,0.8,1,0,1,0,0
CUST1170,38,Female,Single,Primary,Self-employed,23,Current,1,303694,13,4,14,0,0.61,0,0,0,0,1
CUST1755,21,Female,Single,Secondary,Unemployed,22,Current,1,23849,15,11,13,0,0.86,0,1,0,0,1
CUST1833,21,Female,Single,Secondary,Employed,92,Fixed Deposit,1,261628,9,7,9,0,0.52,1,0,0,0,1
CUST1019,36,Male,Single,Primary,Self-employed,130,Savings,2,149378,28,6,8,0,0.67,1,0,0,0,0
CUST0587,18,Female,Single,Primary,Employed,26,Savings,1,76893,17,7,7,0,0.73,1,0,0,0,0
CUST0861,26,Male,Divorced,Secondary,Unemployed,22,Current,3,18166,14,9,10,0,0.78,0,1,0,0,0
CUST1089,42,Female,Single,Secondary,Employed,68,Savings,3,104648,14,3,2,0,0.76,0,1,0,0,0
CUST1070,42,Male,Single,None,Employed,98,Savings,1,152955,16,8,12,0,0.83,0,1,0,0,0
CUST1512,30,Female,Single,Primary,Employed,120,Savings,3,130160,15,4,10,1,0.54,2,1,0,0,0
CUST0163,36,Female,Single,Primary,Employed,151,Savings,3,100649,17,10,9,1,0.53,2,1,0,1,1
CUST0497,23,Female,Divorced,Primary,Employed,79,Savings,1,49819,12,7,10,0,0.74,4,1,0,0,1
CUST1037,34,Female,Single,Secondary,Self-employed,88,Savings,2,43493,17,7,9,0,0.89,2,1,0,0,0
CUST1360,44,Female,Married,Secondary,Employed,113,Savings,4,124842,19,5,6,0,0.92,0,1,1,0,0
CUST1308,48,Male,Married,Primary,Self-employed,24,Savings,1,2298,20,4,8,0,0.66,2,1,0,0,1
CUST2913,22,Male,Married,University,Employed,33,Fixed Deposit,4,1059229,16,5,10,0,0.95,1,1,0,0,1
CUST2021,31,Male,Married,Secondary,Self-employed,126,Savings,2,179279,17,8,12,0,0.64,0,0,0,0,0
CUST0881,34,Female,Married,University,Employed,131,Current,1,89323,15,8,9,0,0.73,1,1,0,0,0
CUST1787,37,Female,Single,University,Employed,35,Savings,3,75767,16,4,7,2,0.68,2,0,0,0,1
CUST2099,22,Female,Married,Secondary,Employed,172,Current,1,53603,10,10,8,0,0.86,0,1,0,0,0
CUST0068,37,Male,Single,Secondary,Self-employed,71,Savings,1,165456,17,6,8,0,0.52,1,1,0,0,1
CUST0620,40,Female,Single,Secondary,Self-employed,43,Savings,1,159337,13,8,11,0,0.91,2,1,0,0,1
CUST1291,51,Female,Single,University,Unemployed,102,Savings,4,195534,22,7,10,1,0.79,1,0,0,0,0
CUST1621,24,Female,Single,Secondary,Employed,71,Fixed Deposit,4,29432,21,8,8,0,0.69,3,1,0,0,1
CUST1905,41,Female,Married,Primary,Self-employed,20,Savings,2,156830,12,5,14,0,0.51,1,1,0,0,1
CUST1966,32,Female,Single,Primary,Self-employed,161,Savings,1,245624,19,7,12,0,0.66,0,0,0,0,0
CUST1538,18,Female,Single,None,Employed,161,Savings,1,191173,13,6,13,0,0.87,0,1,1,0,0
CUST1101,55,Female,Single,Primary,Unemployed,172,Current,3,144127,19,13,7,0,0.58,1,0,0,1,0
CUST2619,25,Male,Married,Primary,Employed,31,Savings,1,455440,13,9,7,0,0.86,3,1,0,0,0
CUST2173,28,Female,Married,Primary,Employed,152,Savings,3,398615,18,8,9,0,0.54,2,1,0,0,0
CUST2711,32,Male,Married,Primary,Employed,93,Current,4,237613,16,6,13,0,0.96,0,1,1,1,0
CUST0276,38,Male,Single,Secondary,Employed,43,Current,1,9208,16,5,4,0,0.62,2,1,1,0,0
CUST0708,36,Female,Married,Secondary,Self-employed,44,Current,1,34518,20,6,10,0,0.97,1,1,0,0,0
CUST2339,20,Male,Divorced,Secondary,Self-employed,145,Savings,1,174719,16,6,9,0,0.88,2,1,1,0,0
CUST1716,28,Female,Married,University,Self-employed,53,Savings,2,113835,19,5,7,0,0.61,2,0,0,1,1
CUST1107,41,Female,Married,Primary,Self-employed,148,Savings,1,182461,18,6,8,0,0.97,3,0,0,1,0
CUST0167,26,Female,Married,Primary,Employed,61,Current,3,78674,20,6,8,0,0.93,3,1,0,1,0
CUST1532,37,Male,Married,Secondary,Employed,23,Savings,2,55694,17,8,13,0,0.8,1,0,0,1,0
CUST1319,36,Male,Divorced,None,Employed,20,Fixed Deposit,4,55936,18,8,12,0,0.57,1,1,0,0,0
CUST1120,44,Female,Married,Secondary,Employed,60,Current,1,15635,22,7,10,1,0.81,0,0,0,1,1
CUST0352,41,Male,Single,Primary,Employed,90,Current,1,43334,4,6,10,0,0.9,1,0,1,1,0
CUST2111,39,Female,Single,Secondary,Employed,135,Current,1,51424,14,4,5,0,0.52,0,1,0,0,0
CUST2107,45,Male,Married,University,Unemployed,126,Fixed Deposit,1,417776,10,9,9,0,0.71,0,1,1,1,0
CUST2224,38,Female,Single,University,Employed,127,Savings,3,22850,19,12,9,0,0.99,1,1,0,0,0
CUST2847,27,Male,Single,University,Self-employed,86,Savings,1,5134,20,5,7,0,0.83,2,0,0,0,1
CUST1622,32,Female,Single,University,Unemployed,129,Savings,1,39954,21,10,10,0,0.51,0,1,0,0,1
CUST0187,28,Female,Divorced,University,Self-employed,18,Savings,2,17139,12,10,9,0,0.79,0,1,1,0,1
CUST1205,27,Female,Single,University,Self-employed,27,Current,4,81124,9,7,13,0,0.74,0,1,1,0,0
CUST0341,47,Male,Single,Secondary,Employed,98,Fixed Deposit,1,15237,13,4,9,0,0.61,1,1,0,0,0
CUST2479,45,Male,Divorced,Secondary,Self-employed,87,Savings,1,143122,12,8,12,0,0.89,1,1,0,0,1
CUST2810,39,Female,Single,University,Self-employed,130,Current,4,158720,18,5,8,1,0.76,1,1,0,0,1
CUST1164,35,Male,Married,Primary,Employed,123,Current,2,678,11,12,10,0,0.86,2,1,0,0,0
CUST2908,35,Female,Single,None,Employed,81,Savings,1,251947,15,6,7,0,0.64,2,1,0,1,1
CUST2401,30,Female,Single,Primary,Unemployed,49,Fixed Deposit,2,70335,23,10,12,1,0.6,0,1,0,0,0
CUST1641,40,Female,Divorced,University,Employed,52,Current,4,273967,17,15,14,0,0.62,1,0,0,0,0
CUST1647,21,Female,Married,Secondary,Self-employed,76,Savings,1,241025,22,6,5,0,0.83,0,0,0,0,0
CUST1686,23,Male,Married,University,Self-employed,158,Savings,2,43420,18,8,8,0,0.55,1,1,0,0,0
CUST1047,42,Female,Married,University,Self-employed,49,Savings,1,189897,15,5,9,0,0.77,3,0,0,0,0
CUST0122,27,Male,Single,Primary,Employed,67,Savings,1,74852,14,8,16,0,0.97,1,1,1,0,0
CUST0471,43,Female,Single,Primary,Employed,36,Fixed Deposit,1,77018,13,7,9,0,0.55,1,1,0,0,0
CUST2263,36,Female,Married,Secondary,Self-employed,71,Savings,3,222420,20,9,4,0,0.52,0,0,0,0,0
CUST2537,37,Male,Single,Primary,Employed,25,Savings,3,147473,16,8,6,0,0.9,2,1,0,1,0
CUST2580,33,Male,Single,University,Employed,110,Savings,3,10085,21,13,8,0,0.82,0,1,0,0,0
CUST0522,30,Male,Married,Primary,Self-employed,162,Savings,3,69290,20,9,12,0,0.99,1,1,0,1,1
CUST2755,52,Male,Married,University,Employed,177,Fixed Deposit,1,303780,16,8,15,0,0.67,0,1,1,0,1
CUST1417,31,Male,Single,Secondary,Employed,65,Savings,2,132897,13,10,12,1,0.8,1,0,1,0,1
CUST0283,60,Female,Married,University,Employed,89,Savings,4,434396,13,8,8,1,0.92,0,1,1,0,0
CUST0843,37,Male,Divorced,Primary,Employed,141,Current,3,107708,19,5,9,1,0.78,0,1,0,0,0
CUST0359,35,Female,Divorced,Secondary,Self-employed,126,Fixed Deposit,2,44181,10,10,10,0,0.64,1,1,0,0,1
CUST1860,41,Male,Married,Secondary,Employed,13,Current,2,297748,13,17,7,0,0.89,0,1,0,0,1
CUST1787,42,Male,Single,University,Employed,13,Savings,4,112400,16,8,9,1,0.67,1,0,1,0,0
CUST1007,19,Male,Married,University,Employed,161,Savings,3,104070,16,7,7,2,0.66,0,1,0,1,0
CUST0860,34,Female,Married,Secondary,Self-employed,40,Current,2,129865,19,6,6,0,0.66,1,0,1,1,0
CUST1087,37,Female,Married,University,Employed,47,Savings,1,332553,13,7,6,0,0.96,1,0,0,0,0
CUST1697,22,Female,Married,Primary,Self-employed,179,Savings,2,181542,14,4,5,0,0.72,0,1,1,1,0
CUST0481,24,Male,Married,Primary,Employed,20,Current,3,139294,15,7,11,0,0.63,1,1,1,0,1
CUST1886,29,Female,Married,Secondary,Self-employed,50,Savings,1,332472,12,2,11,0,0.67,1,1,0,1,0
CUST2071,40,Female,Single,University,Employed,51,Savings,1,13858,24,8,10,0,0.67,2,1,1,1,0
CUST2405,30,Female,Married,None,Employed,114,Fixed Deposit,2,48288,19,6,5,0,0.59,3,0,0,0,0
CUST2001,26,Male,Single,University,Self-employed,6,Savings,3,113627,10,4,13,0,0.77,1,1,0,0,1
CUST1809,20,Male,Married,Secondary,Employed,139,Savings,2,275004,11,7,9,0,0.81,4,1,0,1,1
CUST2135,18,Male,Married,None,Employed,72,Savings,4,232104,8,10,14,0,0.63,0,1,0,0,0
CUST1331,42,Female,Married,University,Employed,63,Savings,1,11205,14,7,7,0,0.56,2,1,0,0,1
CUST2576,43,Female,Married,Secondary,Employed,167,Savings,2,500,12,5,11,2,0.92,2,1,0,0,0
CUST1164,22,Male,Married,Secondary,Unemployed,100,Savings,1,55003,14,7,8,1,0.97,0,1,0,0,0
CUST0096,25,Male,Married,Secondary,Self-employed,129,Current,1,385609,19,9,12,0,0.65,1,1,1,0,0
CUST2870,36,Male,Married,Primary,Self-employed,27,Savings,2,148514,14,8,10,0,0.65,0,1,0,0,0
CUST1667,55,Female,Single,None,Employed,51,Current,3,10214,18,6,9,0,0.59,1,1,0,0,0
CUST0903,53,Male,Single,Primary,Employed,21,Fixed Deposit,2,83917,11,8,10,0,0.51,1,1,0,0,0
CUST1283,31,Female,Divorced,Secondary,Employed,25,Savings,3,510459,14,5,13,1,0.87,1,1,0,0,1
CUST0821,28,Female,Married,Secondary,Self-employed,56,Savings,4,117181,14,6,10,0,0.9,1,1,0,1,0
CUST2964,53,Male,Married,None,Employed,39,Savings,3,59850,13,5,6,0,0.78,1,1,1,0,1
CUST2044,50,Male,Married,Primary,Employed,174,Current,1,175945,12,8,10,1,0.51,0,1,0,0,0
CUST1156,19,Male,Married,University,Employed,156,Savings,2,216224,13,12,12,0,0.64,2,1,1,0,0
CUST1306,23,Female,Single,Primary,Employed,70,Savings,2,368256,10,6,11,1,0.72,1,1,0,1,0
CUST2676,42,Male,Married,University,Employed,170,Savings,1,94499,14,11,12,1,0.53,1,1,0,1,0
CUST0945,33,Female,Married,Secondary,Employed,45,Savings,1,132580,9,8,9,0,0.98,1,1,1,1,0
CUST1850,18,Male,Single,Secondary,Self-employed,170,Savings,1,237173,20,7,6,0,0.59,0,1,0,0,0
CUST2959,36,Male,Single,University,Employed,143,Savings,4,1041,19,10,10,0,0.59,2,1,0,0,0
CUST0729,51,Male,Married,Primary,Unemployed,68,Savings,3,46166,14,9,12,0,0.99,4,0,0,0,0
CUST1737,35,Female,Married,University,Unemployed,146,Fixed Deposit,1,28933,16,11,10,0,0.59,1,1,0,0,1
CUST0013,44,Male,Single,Secondary,Employed,12,Savings,1,224052,13,9,9,0,0.52,1,1,0,1,0
CUST2539,26,Female,Married,Primary,Employed,83,Savings,1,251819,20,7,6,0,0.55,1,1,0,0,0
CUST2749,34,Male,Married,Primary,Self-employed,24,Savings,3,110229,15,9,9,0,0.77,0,0,0,0,1
CUST0750,44,Female,Single,University,Employed,86,Fixed Deposit,3,482716,15,3,10,0,0.95,1,0,0,0,0
CUST1055,34,Female,Married,Primary,Unemployed,52,Savings,3,345977,10,8,7,0,0.62,0,0,0,0,0
CUST1579,34,Male,Married,University,Employed,109,Savings,3,92629,20,9,17,0,0.97,2,1,0,0,0
CUST1655,37,Male,Single,Secondary,Employed,129,Savings,1,34278,14,12,8,0,0.94,0,1,0,0,0
CUST1541,25,Female,Married,Secondary,Self-employed,84,Savings,2,63946,18,9,5,0,0.8,0,0,0,1,1
CUST1048,27,Male,Married,University,Unemployed,131,Savings,2,71682,12,10,12,0,0.84,0,1,0,1,0
CUST2646,31,Male,Divorced,University,Employed,180,Current,3,576850,16,9,10,0,0.53,1,0,0,1,0
CUST1782,25,Female,Married,None,Employed,90,Current,1,358422,16,7,13,0,0.8,1,1,1,0,0
CUST0866,46,Male,Married,None,Employed,69,Savings,1,32275,20,8,6,1,0.81,0,1,0,0,1
CUST0932,26,Male,Married,University,Employed,92,Current,1,31283,20,11,8,2,0.6,2,1,0,0,0
CUST0187,34,Male,Married,Primary,Employed,95,Savings,4,404720,11,8,8,0,0.53,0,1,0,1,1
CUST1349,49,Male,Married,Secondary,Self-employed,99,Current,2,250112,19,8,16,0,0.92,0,1,1,0,1
CUST0603,31,Male,Married,Primary,Employed,139,Savings,3,113596,23,13,17,1,0.88,2,0,0,1,0
CUST0019,28,Male,Married,University,Employed,55,Savings,1,95628,14,7,8,1,0.52,2,1,0,1,1
CUST2081,37,Female,Married,Secondary,Self-employed,99,Savings,1,110096,12,5,15,0,0.82,3,1,0,0,0
CUST2506,35,Female,Single,Secondary,Employed,123,Savings,1,305347,20,5,6,0,0.66,1,1,1,1,0
CUST1055,37,Male,Married,Primary,Self-employed,87,Savings,2,51490,15,10,6,0,0.76,3,0,0,0,1
CUST0804,26,Male,Single,Secondary,Employed,115,Savings,1,71568,15,8,9,0,0.76,3,0,0,0,0
CUST1482,28,Male,Single,Primary,Unemployed,65,Savings,1,15840,12,11,8,0,0.81,0,1,0,0,1
CUST1308,41,Female,Divorced,University,Self-employed,164,Fixed Deposit,1,250318,8,7,9,0,0.67,1,1,1,0,0
CUST0740,18,Female,Single,Primary,Employed,101,Fixed Deposit,2,560982,13,6,12,0,0.67,0,1,1,0,0
CUST2778,47,Female,Single,Primary,Employed,130,Current,2,111607,14,7,9,1,0.86,0,0,0,1,0
CUST1366,38,Female,Married,University,Employed,77,Fixed Deposit,1,98150,16,7,7,0,0.6,2,1,0,0,0
CUST0814,20,Female,Single,Secondary,Employed,13,Savings,2,102779,19,4,12,1,0.84,2,1,0,0,0
CUST1724,18,Male,Married,Secondary,Self-employed,25,Savings,1,42987,16,6,15,1,0.67,1,1,0,1,0
CUST0072,26,Female,Single,Primary,Employed,95,Current,1,100335,14,7,9,0,0.83,1,1,0,0,0
CUST2858,46,Female,Married,Secondary,Self-employed,9,Savings,2,318996,12,7,13,0,0.72,0,1,1,0,1
CUST2886,39,Male,Single,Primary,Self-employed,36,Current,1,211875,17,8,15,1,0.94,1,0,0,0,1
CUST2756,32,Female,Single,None,Self-employed,130,Savings,3,55305,18,6,14,0,0.64,1,1,0,0,0
CUST2859,37,Female,Married,Secondary,Self-employed,128,Savings,1,135450,20,17,8,0,0.91,0,1,0,0,0
CUST0103,48,Female,Single,Primary,Employed,137,Savings,4,266260,16,6,6,0,0.72,2,0,0,0,0
CUST1727,34,Female,Married,Primary,Self-employed,152,Savings,2,237573,10,10,7,0,0.52,0,0,0,0,0
CUST1448,33,Male,Single,Primary,Unemployed,137,Savings,2,54226,9,5,12,0,0.85,1,0,1,0,0
CUST1022,32,Female,Single,University,Self-employed,137,Current,1,255952,15,5,13,0,0.99,2,1,0,0,1
CUST0223,33,Male,Single,University,Self-employed,28,Fixed Deposit,3,76440,21,9,11,0,0.75,3,1,0,0,0
CUST0485,18,Female,Single,Primary,Employed,160,Current,3,12652,21,10,7,0,0.74,2,0,0,0,0
CUST0474,33,Female,Married,University,Employed,19,Current,1,126192,12,9,11,1,0.67,2,1,0,0,0
CUST0750,58,Female,Single,Secondary,Employed,58,Fixed Deposit,1,250265,18,14,12,0,0.62,4,1,0,0,1
CUST0276,34,Male,Married,Primary,Self-employed,111,Savings,2,180122,17,12,12,0,0.68,1,1,1,1,0
CUST1543,42,Female,Single,Primary,Self-employed,43,Savings,1,25253,15,10,6,0,0.7,2,1,0,0,1
CUST1748,31,Male,Married,Primary,Employed,56,Current,1,364783,15,14,17,0,0.56,2,1,0,0,0
CUST1973,50,Male,Married,Secondary,Self-employed,37,Savings,1,899628,13,9,14,0,0.69,1,1,1,0,1
CUST0561,42,Female,Single,University,Employed,106,Savings,1,78899,20,8,5,0,0.91,0,1,1,0,0
CUST2301,34,Male,Single,Primary,Employed,97,Savings,4,308886,19,8,9,0,0.85,1,1,0,0,0
CUST2077,32,Male,Single,University,Employed,156,Savings,4,164603,9,10,14,0,0.84,2,1,1,1,1
CUST0215,30,Female,Divorced,None,Employed,47,Current,3,486558,14,9,11,1,0.92,0,0,0,1,0
CUST0677,27,Male,Single,Primary,Employed,70,Savings,3,354001,24,8,13,0,0.65,0,0,0,1,0
CUST2389,40,Female,Single,None,Self-employed,125,Savings,3,265199,15,5,8,0,0.67,1,1,0,0,0
CUST2078,37,Male,Married,Primary,Self-employed,35,Current,2,121403,15,12,12,0,0.79,2,1,0,1,1
CUST2484,46,Female,Single,Primary,Employed,123,Current,1,752111,12,12,14,0,0.81,2,1,0,0,0
CUST0134,29,Female,Married,Secondary,Employed,157,Current,2,36059,11,11,8,0,0.84,0,0,1,0,0
CUST2751,20,Male,Married,Primary,Unemployed,48,Savings,3,75665,13,5,7,0,0.68,0,1,0,0,1
CUST0311,18,Female,Married,University,Employed,6,Savings,2,277153,15,4,8,0,0.76,1,1,0,0,0
CUST2979,18,Female,Married,Secondary,Unemployed,73,Savings,1,282310,16,6,5,0,0.6,1,0,1,0,0
CUST1268,43,Female,Divorced,University,Employed,143,Savings,1,211862,18,15,10,0,0.91,1,0,1,0,1
CUST2047,35,Female,Single,University,Employed,76,Savings,1,191548,18,10,14,0,0.56,2,1,0,1,0
CUST2510,42,Female,Married,University,Employed,85,Current,2,50179,14,4,10,0,0.9,1,1,0,0,0
CUST0316,44,Female,Divorced,None,Employed,155,Savings,4,33015,10,9,8,0,0.57,1,0,0,1,0
CUST1878,29,Male,Single,Secondary,Employed,156,Fixed Deposit,2,143280,18,6,12,0,0.7,0,0,0,0,0
CUST1028,51,Female,Married,Secondary,Unemployed,148,Current,2,238253,19,12,15,0,0.91,1,1,0,0,0
CUST0615,56,Female,Single,Secondary,Unemployed,105,Savings,1,446423,12,10,10,0,0.65,0,1,0,0,0
CUST0179,37,Female,Married,Secondary,Self-employed,168,Current,4,238774,13,11,14,0,0.58,1,1,0,0,0
CUST1630,33,Male,Married,Primary,Employed,119,Savings,2,177258,15,5,8,0,0.51,0,1,0,0,0
CUST0422,41,Female,Married,Secondary,Employed,14,Savings,4,178533,14,5,6,0,0.77,3,1,1,0,1
CUST1186,44,Female,Single,Primary,Employed,94,Current,4,411654,10,6,13,0,0.64,2,1,1,0,1
CUST0018,48,Female,Married,Secondary,Self-employed,49,Current,3,53563,14,13,7,1,0.57,0,1,1,1,0
CUST2407,42,Male,Single,Primary,Unemployed,122,Current,1,246195,23,14,13,0,0.7,2,1,0,0,0
CUST2339,34,Female,Married,Secondary,Self-employed,85,Savings,2,25496,14,4,22,0,0.89,1,1,1,1,0
CUST1822,39,Female,Married,Primary,Self-employed,16,Savings,4,21476,9,8,12,0,0.54,2,1,0,1,0
CUST2285,31,Female,Married,Secondary,Employed,33,Current,3,51187,18,14,10,0,0.94,0,1,0,0,1
CUST1865,26,Male,Married,University,Employed,126,Savings,4,144699,14,11,12,0,0.96,0,1,1,0,1
CUST2336,20,Female,Married,Secondary,Self-employed,137,Savings,2,52375,14,3,9,0,0.91,1,0,0,0,0
CUST2590,21,Female,Single,Primary,Self-employed,49,Current,3,245209,15,11,11,1,0.88,1,0,0,0,0
CUST2201,31,Male,Married,Secondary,Self-employed,110,Current,4,218714,14,13,14,0,0.76,0,0,0,0,0
CUST0275,40,Female,Married,None,Self-employed,143,Fixed Deposit,2,592896,14,7,5,0,0.9,1,0,0,0,0
CUST2604,45,Male,Single,Secondary,Self-employed,152,Current,3,408546,12,7,6,0,0.58,1,1,1,0,0
CUST2663,36,Female,Single,Primary,Unemployed,134,Savings,3,120262,21,8,12,0,0.9,4,1,1,0,0
CUST2005,33,Female,Single,Primary,Employed,61,Savings,4,138508,14,2,5,0,0.69,1,0,1,1,0
CUST1354,18,Male,Married,Primary,Employed,171,Savings,2,87339,19,7,18,0,0.59,1,1,1,0,0
CUST0307,33,Female,Single,University,Self-employed,16,Current,3,201371,19,6,13,0,0.82,2,0,0,0,1
CUST2930,26,Male,Single,Secondary,Self-employed,42,Savings,4,99947,13,3,11,0,0.59,0,1,0,0,0
CUST0624,22,Female,Single,Secondary,Employed,87,Current,1,32216,11,5,9,0,0.86,2,0,1,0,0
CUST2435,24,Male,Married,Primary,Employed,130,Savings,1,108265,16,14,5,0,0.83,3,1,0,0,0
CUST0688,31,Male,Married,Primary,Employed,166,Savings,1,74641,11,7,9,0,0.52,0,1,0,1,0
CUST2231,31,Male,Single,Secondary,Self-employed,171,Savings,1,33878,20,8,6,0,0.51,1,1,0,0,0
CUST2678,47,Female,Single,University,Employed,113,Savings,3,151352,14,6,6,2,0.71,1,1,0,0,0
CUST1964,57,Female,Married,None,Employed,37,Current,2,74263,18,7,11,0,0.83,1,1,0,0,0
CUST2335,40,Male,Married,Secondary,Employed,73,Savings,1,513516,18,6,6,0,0.51,0,1,0,0,0
CUST0436,34,Female,Single,Secondary,Self-employed,76,Current,2,93931,10,4,8,0,0.75,0,0,0,1,0
CUST1121,53,Female,Single,None,Unemployed,178,Savings,3,233569,14,6,6,0,0.9,1,0,1,0,0
CUST1004,41,Male,Divorced,Secondary,Self-employed,93,Current,2,101543,11,11,15,0,0.72,0,1,0,0,0
CUST0701,37,Male,Married,University,Self-employed,140,Savings,1,26570,21,8,9,0,0.8,2,0,1,0,0
CUST2580,47,Female,Married,Secondary,Self-employed,151,Fixed Deposit,1,1006257,19,13,12,0,0.5,2,1,0,0,1
CUST1002,19,Male,Single,University,Employed,8,Fixed Deposit,1,253828,17,9,9,0,0.69,1,1,0,0,0
CUST3000,39,Male,Married,Primary,Self-employed,125,Savings,3,113126,14,6,16,0,0.64,0,1,0,0,0
CUST1110,35,Female,Divorced,Primary,Self-employed,95,Savings,2,116745,11,7,7,1,0.71,1,1,0,0,1
CUST1196,44,Male,Divorced,Secondary,Employed,128,Current,1,169974,15,6,8,1,0.72,1,0,0,1,0
CUST0570,27,Female,Married,Primary,Self-employed,18,Savings,3,69874,21,4,8,0,0.63,1,0,0,0,1
CUST1606,29,Female,Married,Primary,Unemployed,167,Savings,2,251312,11,6,8,0,0.86,1,1,0,0,0
CUST1098,46,Female,Single,University,Employed,176,Savings,1,47102,16,10,10,1,0.65,0,1,0,0,1
CUST2922,38,Male,Married,Secondary,Self-employed,128,Savings,3,12332,18,6,11,0,0.66,1,0,0,0,0
CUST0903,27,Female,Single,Secondary,Self-employed,88,Current,4,19306,21,9,10,0,0.8,2,1,1,0,0
CUST0107,27,Male,Married,Secondary,Self-employed,157,Savings,2,57263,16,6,8,0,0.94,1,1,1,0,0
CUST0017,27,Male,Single,Secondary,Unemployed,170,Savings,1,309093,9,4,9,0,0.57,3,1,0,0,1
CUST0296,38,Female,Divorced,Primary,Employed,140,Savings,1,62806,20,9,8,0,0.69,0,1,0,0,0
CUST1717,43,Male,Single,None,Employed,136,Savings,1,107405,14,4,11,0,0.94,1,1,0,0,0
CUST2213,22,Female,Married,None,Self-employed,74,Current,3,363406,19,8,10,0,0.96,1,1,0,1,0
CUST2255,41,Female,Single,Secondary,Self-employed,123,Savings,3,193166,13,8,8,0,0.59,1,0,0,0,0
CUST0977,39,Male,Married,Secondary,Employed,121,Current,1,125218,20,9,12,0,0.56,5,0,0,0,1
CUST0143,37,Female,Married,None,Employed,158,Savings,1,46719,22,7,13,0,0.67,1,1,0,0,0
CUST1453,37,Female,Married,Secondary,Self-employed,3,Savings,3,47124,13,7,6,0,0.54,0,0,0,0,0
CUST1841,29,Male,Married,University,Employed,145,Current,2,154426,17,8,10,0,0.99,1,1,1,1,0
CUST2385,18,Female,Single,University,Employed,123,Current,4,226484,10,8,12,0,0.94,3,1,0,1,0
CUST0670,28,Male,Single,Secondary,Self-employed,100,Savings,3,21704,7,8,10,0,0.51,0,1,0,0,0
CUST0164,21,Female,Married,Primary,Employed,14,Current,1,84445,15,6,7,1,0.65,0,0,0,0,0
CUST1406,36,Female,Married,Secondary,Employed,88,Current,1,196677,18,7,11,0,0.57,1,1,0,0,1
CUST0950,18,Male,Single,Primary,Employed,26,Current,1,253398,18,6,13,1,0.65,3,1,0,0,0
CUST2572,37,Female,Single,Secondary,Employed,81,Savings,1,92305,16,11,7,0,0.5,0,1,0,0,1
CUST2331,58,Female,Married,Primary,Employed,109,Current,1,337946,17,4,13,0,0.61,0,1,1,1,1
CUST0067,47,Male,Married,Primary,Unemployed,162,Savings,3,108661,11,6,14,0,0.8,2,0,0,0,0
CUST2835,45,Female,Married,Primary,Self-employed,26,Fixed Deposit,2,203783,21,13,11,1,0.83,1,1,1,0,1
CUST2978,33,Female,Married,Secondary,Employed,99,Savings,4,29405,19,4,8,0,0.71,0,1,0,0,1
CUST0536,28,Female,Married,Secondary,Employed,70,Savings,1,1748,9,9,11,0,0.84,0,1,0,0,0
CUST1188,21,Male,Divorced,University,Self-employed,114,Current,1,16771,17,14,9,0,0.55,0,1,0,1,0
CUST2088,41,Female,Married,Secondary,Employed,67,Savings,2,193740,14,2,14,0,0.96,0,1,0,0,0
CUST1214,43,Male,Married,Secondary,Employed,53,Current,2,97355,11,9,8,0,0.51,0,1,0,0,0
CUST0150,43,Male,Married,Secondary,Self-employed,114,Current,1,314921,12,10,5,0,0.55,0,1,0,0,0
CUST0629,29,Male,Married,Primary,Employed,173,Current,4,16127,19,6,6,0,0.69,0,0,1,0,0
CUST2775,31,Male,Single,Primary,Employed,108,Savings,2,90086,11,9,12,0,0.64,1,1,0,1,0
CUST2712,20,Male,Married,None,Employed,156,Current,2,16387,14,9,12,0,0.74,0,1,0,0,0
CUST0549,35,Male,Married,Primary,Self-employed,8,Current,1,331591,18,4,10,0,0.65,1,1,1,0,0
CUST0443,26,Male,Married,Primary,Self-employed,42,Savings,1,214622,19,11,7,0,0.5,0,1,0,1,0
CUST1792,21,Male,Single,Secondary,Employed,97,Fixed Deposit,2,483498,16,10,4,0,0.6,0,1,1,1,0
CUST2678,23,Male,Single,None,Unemployed,66,Current,2,69191,16,3,8,0,0.58,0,1,0,0,0
CUST0432,34,Female,Married,University,Employed,122,Fixed Deposit,1,104343,15,7,8,0,0.65,0,1,0,0,0
CUST0845,37,Female,Married,Secondary,Self-employed,86,Savings,1,1146,21,9,11,0,0.85,0,1,0,0,1
CUST2692,44,Female,Married,University,Employed,33,Current,2,17009,21,5,14,0,0.54,2,0,0,0,0
CUST1400,18,Male,Single,None,Employed,97,Current,3,253221,10,13,6,0,0.51,1,1,1,0,0
CUST1726,50,Male,Single,None,Employed,121,Fixed Deposit,3,217301,15,7,8,0,0.72,1,1,0,0,1
CUST1431,26,Female,Married,Secondary,Employed,103,Savings,3,224001,20,6,7,0,0.55,0,0,0,0,0
CUST1815,38,Female,Single,University,Employed,22,Savings,3,92128,21,9,11,0,0.73,2,0,1,0,0
CUST1273,45,Male,Single,Secondary,Self-employed,169,Savings,2,163461,17,9,11,0,0.53,2,0,0,0,0
CUST1526,26,Female,Married,University,Employed,90,Savings,3,4491,16,7,6,1,0.51,1,1,1,1,0
CUST0453,25,Male,Married,Secondary,Employed,16,Current,3,67942,9,9,10,1,0.58,1,1,0,0,1
CUST1781,37,Male,Married,None,Employed,22,Savings,3,10448,22,11,11,0,0.82,1,1,0,0,0
CUST1779,23,Female,Married,Secondary,Employed,108,Savings,1,130868,15,7,11,0,0.69,4,0,1,0,1
CUST1612,31,Male,Married,Secondary,Employed,4,Savings,1,348303,17,9,10,1,0.63,1,1,1,0,1
CUST2682,25,Female,Married,None,Self-employed,170,Fixed Deposit,2,685309,16,6,10,0,0.54,4,1,0,0,0
CUST0851,38,Female,Married,Secondary,Self-employed,128,Savings,1,112369,9,12,7,0,0.65,1,1,0,1,0
CUST2618,42,Female,Divorced,Primary,Employed,80,Current,1,7169,18,11,6,0,0.66,2,0,1,0,0
CUST0871,46,Female,Divorced,Secondary,Self-employed,145,Savings,2,184955,25,6,8,0,0.67,1,1,0,0,0
CUST2811,32,Female,Married,Secondary,Employed,28,Savings,1,40588,18,4,9,1,0.88,1,0,0,0,0
CUST1552,34,Female,Single,University,Self-employed,68,Savings,4,239163,19,14,15,0,0.69,1,1,1,0,0
CUST0428,34,Male,Single,Secondary,Unemployed,81,Savings,2,37988,16,6,9,0,0.62,0,1,0,0,1
CUST1290,34,Male,Married,Secondary,Employed,97,Savings,4,150011,15,9,11,0,0.86,2,0,0,0,0
CUST0315,33,Female,Single,Primary,Employed,117,Savings,2,65429,16,7,10,0,0.6,2,0,0,0,1
CUST0392,27,Female,Married,Secondary,Self-employed,128,Savings,2,160142,16,12,8,0,0.9,0,0,0,0,0
CUST2367,37,Female,Married,Secondary,Employed,55,Fixed Deposit,2,375517,16,4,7,0,0.53,2,1,0,0,0
CUST0500,29,Male,Married,Primary,Unemployed,105,Savings,2,359354,19,9,11,0,0.68,0,1,0,0,0
CUST2086,35,Male,Married,University,Employed,72,Current,1,75692,15,11,8,0,0.94,3,1,1,0,0
CUST2279,34,Male,Single,Primary,Employed,77,Current,1,365604,21,6,12,0,0.88,1,1,0,0,1
CUST2944,22,Male,Single,Secondary,Self-employed,87,Savings,3,26240,14,13,12,1,0.87,0,0,1,0,1
CUST0287,47,Male,Married,University,Employed,174,Current,1,222179,18,8,11,1,0.57,0,0,0,0,1
CUST0290,37,Male,Divorced,University,Employed,174,Fixed Deposit,2,25520,15,7,5,2,0.98,1,1,0,0,0
CUST1969,31,Male,Single,Secondary,Employed,59,Current,3,1941,11,8,10,0,0.77,0,1,1,1,0
CUST0443,40,Female,Married,Secondary,Self-employed,117,Savings,1,110887,18,12,9,0,0.74,1,1,1,0,1
CUST0076,24,Female,Single,University,Self-employed,98,Current,2,99088,22,7,13,0,0.93,1,1,1,0,0
CUST2381,54,Female,Single,Secondary,Employed,141,Savings,2,197644,16,9,6,0,0.96,1,1,0,1,0
CUST2076,40,Male,Divorced,Secondary,Employed,153,Fixed Deposit,1,9886,11,9,11,1,0.91,0,1,0,0,0
CUST1692,32,Male,Married,Secondary,Employed,62,Current,2,5824,10,11,15,0,0.88,0,1,0,0,0
CUST0382,46,Male,Married,University,Self-employed,44,Fixed Deposit,3,186562,14,11,12,0,0.86,1,1,0,1,1
CUST0684,37,Male,Married,University,Employed,38,Savings,2,13553,13,7,10,0,0.96,0,1,0,0,0
CUST0007,29,Female,Married,Secondary,Self-employed,126,Current,2,139252,14,10,6,0,0.55,1,1,0,0,0
CUST2653,21,Male,Married,Secondary,Self-employed,75,Savings,1,158202,15,8,6,0,0.82,2,1,0,1,0
CUST1864,35,Male,Single,Secondary,Employed,52,Current,2,8346,11,7,5,1,0.83,0,1,1,0,0
CUST2508,41,Female,Married,Primary,Self-employed,117,Current,2,186142,17,5,10,0,0.62,0,1,1,0,0
CUST1582,38,Male,Single,Secondary,Employed,91,Current,2,14863,14,4,5,0,0.53,1,0,1,1,0
CUST1056,21,Female,Single,Primary,Self-employed,44,Fixed Deposit,1,42486,16,9,10,1,0.56,0,1,0,0,0
CUST1109,39,Male,Married,None,Self-employed,8,Current,2,263414,12,6,6,0,0.6,2,1,1,1,1
CUST1119,29,Male,Married,University,Unemployed,98,Fixed Deposit,2,263303,18,5,10,0,0.78,1,0,1,0,0
CUST2195,35,Female,Single,Secondary,Employed,60,Savings,1,76002,18,10,13,0,0.66,0,1,0,0,0
CUST0231,47,Male,Single,University,Employed,172,Current,2,172960,19,10,8,0,0.83,0,1,1,0,0
CUST1609,38,Male,Married,Primary,Employed,73,Current,1,522004,18,5,7,0,0.59,0,1,1,0,0
CUST1672,40,Female,Married,University,Self-employed,92,Current,2,80430,16,9,6,0,0.66,1,0,0,0,1
CUST2013,27,Female,Married,University,Self-employed,171,Fixed Deposit,3,119349,16,5,6,0,0.91,2,1,1,0,0
CUST1065,37,Male,Married,Primary,Employed,75,Current,1,13681,17,7,13,0,0.69,0,1,1,0,0
CUST2602,20,Male,Married,Primary,Employed,94,Fixed Deposit,3,14323,15,8,6,0,0.6,1,0,0,0,1
CUST2343,44,Male,Married,Primary,Employed,149,Savings,1,10474,11,6,8,1,0.76,0,0,0,0,1
CUST0667,27,Female,Married,Primary,Self-employed,148,Savings,1,230604,13,9,11,1,0.84,0,1,0,0,0
CUST2338,23,Female,Married,Secondary,Self-employed,116,Current,2,111158,15,9,12,0,0.7,2,1,0,0,0
CUST2970,26,Male,Divorced,University,Employed,48,Savings,2,331578,24,6,8,1,0.92,0,1,1,0,0
CUST2607,42,Male,Single,Primary,Employed,6,Savings,2,41037,17,9,8,1,0.71,3,1,0,0,0
CUST2240,37,Female,Married,Primary,Employed,138,Savings,3,121211,9,9,15,0,0.58,3,0,0,0,0
CUST1345,18,Male,Married,Secondary,Employed,6,Fixed Deposit,2,60096,9,8,5,0,0.7,0,1,0,0,0
CUST1735,18,Female,Married,University,Employed,162,Savings,3,247952,18,6,10,0,0.8,0,0,0,0,0
CUST2705,31,Female,Married,Secondary,Self-employed,122,Current,4,395818,16,5,11,1,0.73,0,1,1,0,0
CUST1151,26,Female,Married,Secondary,Employed,81,Savings,1,10292,10,8,6,0,0.73,1,1,0,1,1
CUST0223,35,Male,Married,University,Employed,44,Savings,1,126790,10,9,14,0,0.99,1,1,0,0,0
CUST2468,30,Female,Married,Secondary,Employed,54,Savings,1,29674,9,10,20,0,0.82,1,1,0,0,0
CUST1190,31,Female,Married,Secondary,Self-employed,21,Savings,2,119836,15,9,12,0,0.9,0,1,0,0,0
CUST1017,38,Female,Divorced,Secondary,Employed,147,Current,3,107617,18,6,13,0,0.57,2,1,1,0,0
CUST0060,42,Male,Single,University,Employed,160,Savings,3,115510,16,9,7,0,0.57,1,1,0,0,1
CUST1041,31,Female,Single,Primary,Employed,61,Savings,1,93705,15,10,12,0,0.91,2,0,1,1,1
CUST1007,40,Female,Single,Primary,Employed,109,Current,2,39339,14,13,16,0,0.65,0,0,1,0,0
CUST0361,18,Male,Single,None,Self-employed,96,Current,1,231557,19,12,10,0,0.92,2,1,0,0,0
CUST2798,28,Female,Single,University,Unemployed,17,Fixed Deposit,1,84139,18,10,12,0,0.84,1,1,0,0,0
CUST2536,38,Male,Married,University,Self-employed,86,Savings,1,102470,12,14,7,0,0.5,3,1,1,1,0
CUST0494,31,Male,Married,Secondary,Self-employed,74,Current,2,9181,14,7,12,0,0.89,1,0,0,0,1
CUST0059,41,Female,Married,Secondary,Employed,133,Savings,4,103602,8,4,13,0,0.78,0,0,0,0,0
CUST0154,23,Male,Married,Secondary,Employed,43,Current,2,37549,18,6,7,0,0.71,1,0,0,0,0
CUST2801,43,Female,Single,None,Employed,21,Savings,1,297440,14,6,10,0,0.61,2,1,0,0,1
CUST2080,43,Female,Married,Secondary,Employed,83,Savings,1,54290,11,14,7,0,0.85,1,0,1,1,0
CUST0218,37,Male,Divorced,Secondary,Employed,160,Savings,3,173716,15,9,11,0,0.63,1,1,0,0,0
CUST0327,34,Female,Married,Primary,Employed,2,Current,4,531783,15,6,8,1,0.73,1,1,0,0,0
CUST2373,44,Female,Single,Primary,Employed,137,Savings,1,218344,8,8,7,0,0.93,1,1,0,0,0
CUST2673,33,Male,Single,Secondary,Employed,179,Fixed Deposit,3,112509,13,8,13,1,0.53,0,0,0,0,0
CUST2717,38,Male,Married,Primary,Self-employed,48,Current,3,67559,14,14,16,0,0.8,1,1,1,1,0
CUST1368,24,Male,Married,University,Employed,151,Savings,1,54200,19,7,13,0,0.92,1,1,1,0,0
CUST2944,28,Male,Married,University,Unemployed,19,Current,2,228991,12,6,9,0,0.57,0,1,0,0,0
CUST1301,39,Female,Single,Primary,Employed,11,Current,2,22298,16,2,11,0,0.57,1,0,1,0,0
CUST1584,29,Male,Single,Secondary,Employed,117,Savings,3,84274,16,11,6,0,0.78,0,0,0,0,0
CUST0341,32,Male,Married,Secondary,Employed,158,Savings,1,26598,9,10,8,0,0.9,2,1,0,0,0
CUST2469,46,Female,Single,Secondary,Employed,2,Savings,2,240590,18,10,6,0,0.85,1,1,0,0,0
CUST1210,37,Female,Single,Primary,Self-employed,67,Savings,2,144516,11,7,12,0,0.66,0,1,0,0,0
CUST2528,40,Male,Married,Secondary,Employed,106,Savings,2,261266,16,9,10,1,0.92,2,1,0,1,0
CUST2571,45,Male,Married,Secondary,Employed,105,Savings,1,141742,17,7,9,1,0.72,0,1,1,0,1
CUST2135,32,Male,Divorced,University,Self-employed,80,Savings,4,157321,16,4,12,0,0.73,4,1,1,1,1
CUST0484,32,Male,Single,None,Unemployed,85,Savings,1,36749,18,5,11,1,0.55,0,1,0,0,0
CUST2198,45,Male,Married,Secondary,Employed,94,Current,2,139899,4,8,11,0,0.78,0,1,0,1,0
CUST2140,18,Female,Married,Primary,Employed,142,Savings,2,15344,15,11,9,0,0.66,2,1,1,0,0
CUST0498,39,Female,Married,Primary,Employed,11,Savings,2,269008,17,6,9,0,0.92,0,1,0,0,1
CUST1359,36,Female,Married,Secondary,Employed,97,Savings,3,362841,10,12,11,0,0.81,0,1,1,1,0
CUST0097,51,Male,Married,Secondary,Unemployed,124,Savings,2,126920,17,8,8,0,0.55,1,0,0,0,0
CUST2889,33,Female,Divorced,Secondary,Unemployed,162,Savings,1,133898,14,6,9,0,0.81,2,0,0,1,0
CUST2339,37,Female,Married,Secondary,Self-employed,128,Current,2,225951,17,6,10,0,0.67,0,1,0,0,1
CUST2294,22,Male,Single,Primary,Employed,177,Fixed Deposit,1,23268,26,7,11,0,0.96,3,1,0,0,0
CUST2166,32,Male,Single,Secondary,Self-employed,52,Savings,1,27402,18,9,14,0,0.71,2,0,0,0,0
CUST0553,24,Male,Single,Secondary,Employed,64,Fixed Deposit,4,2315,15,8,8,2,0.79,1,1,1,1,0
CUST0331,41,Female,Single,Primary,Self-employed,52,Savings,2,24651,20,9,10,1,0.69,1,0,1,0,0
CUST2345,36,Male,Single,None,Self-employed,110,Savings,3,55112,12,13,10,0,0.92,1,0,0,1,1
CUST0272,32,Female,Married,Secondary,Employed,130,Savings,2,74664,16,4,11,0,0.54,1,0,0,1,0
CUST0620,38,Female,Single,Secondary,Employed,162,Current,3,16393,10,5,15,0,0.66,1,0,1,1,0
CUST0525,49,Male,Divorced,Secondary,Self-employed,128,Savings,3,128770,9,7,7,1,0.74,1,1,0,0,1
CUST0408,28,Female,Married,Primary,Employed,47,Savings,1,140014,14,9,6,0,0.95,1,0,1,1,0
CUST0854,40,Male,Single,Primary,Self-employed,12,Current,2,86594,19,9,9,1,0.62,0,1,0,0,0
CUST1485,35,Female,Married,University,Self-employed,118,Savings,2,88517,15,8,9,0,0.74,0,0,0,0,1
CUST2820,24,Male,Married,University,Self-employed,99,Savings,1,129983,15,7,9,0,0.99,0,1,0,0,0
CUST0712,19,Male,Married,Secondary,Self-employed,163,Savings,2,79085,15,12,11,0,0.84,1,1,0,0,0
CUST0894,48,Female,Married,University,Employed,97,Current,3,22092,11,10,13,0,0.6,3,1,0,0,0
CUST0906,50,Female,Married,Secondary,Employed,161,Savings,3,155679,14,7,16,0,0.8,1,0,0,1,0
CUST0383,47,Female,Single,Secondary,Unemployed,163,Current,1,46469,21,7,10,0,0.58,0,1,0,0,0
CUST0037,25,Male,Married,Primary,Employed,100,Savings,3,187117,15,11,8,0,0.83,1,0,0,0,0
CUST1810,31,Male,Married,Secondary,Employed,64,Savings,2,26336,10,10,8,0,0.54,2,1,0,0,0
CUST0078,54,Male,Single,University,Employed,177,Savings,4,114046,7,6,9,1,0.86,1,1,0,1,0
CUST1126,43,Male,Single,Secondary,Self-employed,27,Savings,1,73214,16,4,9,1,0.52,1,1,0,0,1
CUST0761,42,Female,Married,Secondary,Self-employed,28,Savings,1,22250,19,8,9,1,0.53,0,1,0,0,0
CUST2963,53,Male,Single,Primary,Employed,110,Savings,1,54490,10,12,9,0,0.62,1,0,0,0,0
CUST1791,24,Male,Married,University,Unemployed,88,Savings,2,368661,29,8,11,0,0.81,0,1,1,0,0
CUST1830,30,Female,Single,None,Employed,116,Current,3,392992,14,10,13,0,0.54,0,1,0,0,0
CUST0351,30,Female,Single,Primary,Employed,80,Savings,3,20695,13,10,10,0,0.57,0,1,1,0,0
CUST2596,31,Male,Single,University,Self-employed,3,Savings,2,205909,13,7,10,1,0.56,0,0,1,0,1
CUST1804,24,Male,Married,University,Self-employed,2,Savings,3,245828,16,10,11,1,0.78,1,1,0,0,0
CUST2673,36,Female,Single,Primary,Employed,76,Savings,1,218831,14,9,8,0,0.98,0,1,1,0,0
CUST0138,33,Male,Single,None,Self-employed,65,Savings,1,62643,16,14,10,0,0.51,2,1,0,0,0
CUST2698,26,Female,Single,Primary,Employed,153,Savings,2,412935,11,9,16,0,0.63,0,0,0,0,0
CUST1999,54,Male,Married,Secondary,Employed,135,Savings,3,49095,17,13,10,0,0.84,2,1,0,0,0
CUST2378,36,Female,Single,University,Employed,150,Savings,3,204804,18,9,10,0,0.6,2,1,1,1,0
CUST2653,18,Female,Married,Secondary,Employed,146,Current,2,11083,12,9,7,0,0.68,2,0,0,0,1
CUST2379,32,Male,Single,University,Employed,120,Savings,2,268301,17,4,16,0,0.66,2,1,1,0,0
CUST2290,18,Male,Married,Primary,Employed,83,Current,2,61961,30,5,7,0,0.54,0,1,0,1,1
CUST1964,33,Female,Single,University,Employed,65,Savings,1,92233,19,8,8,0,0.76,1,1,1,0,0
CUST1341,39,Male,Single,Secondary,Employed,159,Current,1,88176,20,5,4,0,0.74,3,1,0,0,0
CUST2685,29,Male,Single,None,Employed,3,Fixed Deposit,1,26267,10,10,11,0,0.77,0,1,0,1,0
CUST0194,35,Male,Married,Secondary,Self-employed,114,Savings,4,33874,16,8,13,1,0.75,2,1,0,0,0
CUST1185,38,Male,Married,University,Employed,106,Fixed Deposit,1,292428,17,13,13,0,0.6,1,1,0,0,0
CUST0277,31,Male,Married,University,Employed,71,Current,2,141544,8,4,8,0,0.63,1,1,0,0,0
CUST1999,49,Male,Single,University,Unemployed,11,Current,1,250812,20,7,12,0,0.72,2,0,0,0,1
CUST1158,54,Male,Single,Secondary,Employed,15,Savings,3,68011,10,10,9,0,0.92,0,0,0,0,0
CUST0195,43,Female,Single,University,Employed,21,Savings,3,159153,13,3,12,0,0.77,1,1,0,1,0
CUST2650,45,Male,Single,Secondary,Self-employed,84,Current,3,164907,14,9,10,1,0.69,0,1,0,0,1
CUST2539,58,Male,Married,University,Employed,15,Savings,2,437997,6,9,10,0,0.93,0,1,0,0,1
CUST0377,34,Male,Single,Primary,Self-employed,172,Savings,4,477057,18,4,7,0,0.79,0,0,1,1,0
CUST2371,37,Female,Single,University,Unemployed,41,Current,2,96807,15,7,9,0,0.82,0,0,1,0,1
CUST2342,19,Male,Married,None,Employed,142,Savings,2,132381,14,10,13,0,0.58,1,0,1,1,0
CUST1103,34,Male,Married,University,Employed,163,Current,1,390985,13,7,10,0,0.83,1,1,0,0,0
CUST1474,30,Male,Single,University,Employed,80,Savings,2,37740,23,10,5,0,0.84,1,1,0,0,1
CUST0472,34,Male,Single,Secondary,Unemployed,9,Savings,3,48532,13,12,9,0,0.7,3,1,0,0,1
CUST2417,36,Female,Single,Primary,Employed,30,Savings,2,93718,13,6,8,0,0.92,0,1,0,0,0
CUST1037,34,Male,Single,Primary,Unemployed,105,Current,3,7077,16,11,11,0,0.5,2,1,0,1,0
CUST0831,32,Female,Single,Secondary,Employed,114,Current,3,25914,9,9,12,0,0.89,1,0,0,0,0
CUST2143,18,Female,Single,Primary,Self-employed,164,Savings,2,57862,22,9,6,0,0.62,0,1,1,0,0
CUST1432,47,Female,Single,Secondary,Employed,56,Savings,2,144377,11,10,16,1,0.92,0,1,1,0,0
CUST0326,41,Male,Married,Primary,Employed,179,Savings,2,273308,24,13,11,0,0.54,1,0,0,0,0
CUST2882,18,Male,Married,Secondary,Employed,13,Savings,1,707803,16,9,5,0,0.86,1,1,0,0,1
CUST1164,35,Male,Married,Secondary,Self-employed,13,Savings,2,5380,17,6,10,0,0.85,1,1,0,1,0
CUST1882,49,Female,Single,Primary,Employed,32,Savings,2,198735,12,3,7,0,0.79,1,1,1,0,0
CUST0250,53,Female,Single,Secondary,Self-employed,139,Savings,1,81412,19,14,10,0,0.97,1,1,1,0,0
CUST1833,60,Male,Single,University,Self-employed,180,Savings,2,5052,14,8,10,1,0.85,1,1,0,0,1
CUST1664,29,Female,Married,Secondary,Employed,40,Savings,2,75646,16,7,15,0,0.93,1,1,0,0,0
CUST1257,45,Female,Divorced,Secondary,Employed,116,Current,4,214266,10,4,10,0,0.82,0,1,0,0,0
CUST0187,49,Male,Divorced,Primary,Self-employed,4,Fixed Deposit,1,48061,16,6,8,0,0.74,1,1,1,0,0
CUST1836,27,Male,Single,Secondary,Employed,13,Fixed Deposit,3,303243,7,8,12,0,0.74,1,1,1,0,0
CUST1212,41,Female,Married,Secondary,Self-employed,142,Savings,2,215767,14,3,16,1,0.99,2,1,0,0,0
CUST2731,38,Female,Married,Secondary,Unemployed,108,Current,3,25144,21,8,12,0,0.65,0,1,0,0,0
CUST1961,48,Male,Married,University,Employed,109,Savings,2,18395,18,8,12,1,0.52,0,1,0,1,1
CUST1134,38,Female,Married,Secondary,Employed,95,Savings,2,80786,18,9,17,0,0.67,2,1,1,0,0
CUST1720,33,Female,Single,University,Employed,62,Current,4,159327,16,5,6,1,0.68,1,1,1,0,0
CUST2369,40,Female,Married,Secondary,Employed,29,Savings,2,114585,16,12,6,0,0.89,1,0,1,0,0
CUST0418,24,Male,Married,Secondary,Employed,38,Fixed Deposit,1,291629,17,4,7,0,0.86,1,0,0,0,0
CUST2738,42,Male,Single,University,Self-employed,13,Current,2,47154,9,5,10,0,0.91,1,0,0,0,0
CUST2599,31,Male,Married,None,Employed,34,Current,3,221120,11,9,7,0,0.59,1,1,1,0,0
CUST1180,40,Male,Married,None,Employed,153,Current,1,1065053,17,8,11,0,0.84,0,0,1,0,0
CUST1349,37,Female,Single,Secondary,Unemployed,111,Savings,4,2815,20,7,12,0,0.78,0,1,0,0,0
CUST0943,38,Male,Single,None,Employed,133,Savings,1,447550,23,12,9,0,0.7,0,1,0,0,0
CUST0413,28,Male,Single,None,Unemployed,113,Current,2,24837,16,6,13,1,0.71,2,1,1,0,0
CUST2742,34,Male,Married,Primary,Employed,95,Savings,1,41151,17,6,6,0,0.75,1,1,0,0,1
CUST0021,31,Female,Single,University,Employed,88,Savings,1,159302,21,6,8,1,0.74,2,1,0,1,1
CUST1548,41,Female,Married,None,Employed,117,Savings,4,9140,16,6,13,1,0.66,0,0,0,0,0
CUST1885,55,Male,Single,Secondary,Employed,7,Savings,1,71677,18,6,15,0,0.58,1,0,0,0,0
CUST1256,41,Male,Married,University,Employed,5,Fixed Deposit,4,20732,10,9,10,0,0.84,1,0,0,0,0
CUST1433,23,Male,Single,University,Employed,115,Savings,4,582421,14,6,9,0,0.71,2,1,0,0,0
CUST1153,23,Female,Married,Secondary,Unemployed,160,Savings,1,66214,23,6,5,0,0.53,2,1,1,1,0
CUST2714,35,Female,Married,Primary,Employed,38,Current,1,37165,16,9,6,0,0.63,1,0,0,0,1
CUST0398,45,Male,Married,University,Employed,101,Current,1,110102,22,5,12,0,0.94,0,1,0,0,0
CUST1482,49,Male,Married,Secondary,Self-employed,56,Current,2,67978,15,7,11,0,0.71,2,0,0,0,0
CUST0688,24,Male,Married,Secondary,Employed,50,Savings,1,18114,21,12,7,0,0.91,0,1,1,0,1
CUST0270,36,Female,Married,University,Self-employed,44,Fixed Deposit,1,126686,13,12,11,2,0.7,2,1,1,0,0
CUST2509,36,Male,Single,University,Unemployed,162,Current,3,40490,14,5,11,0,0.51,2,1,1,0,0
CUST1032,34,Female,Single,Primary,Employed,32,Savings,2,206585,17,7,9,0,0.78,0,0,0,0,0
CUST2907,23,Female,Single,Secondary,Self-employed,161,Fixed Deposit,1,47870,12,11,7,0,0.91,0,0,1,0,0
CUST2063,41,Male,Single,None,Employed,119,Savings,2,50624,15,9,7,0,0.84,1,0,0,0,0
CUST1335,18,Female,Single,University,Unemployed,86,Savings,2,268725,19,10,7,0,0.52,0,0,1,0,1
CUST2773,42,Male,Married,Primary,Employed,55,Current,1,238335,13,10,15,1,0.97,2,0,1,0,0
CUST0025,19,Male,Divorced,None,Unemployed,24,Current,3,69157,19,4,11,0,0.89,0,0,0,1,0
CUST2938,32,Male,Married,Primary,Self-employed,163,Savings,4,41661,14,4,10,0,0.84,1,0,0,0,0
CUST0054,34,Female,Married,Primary,Employed,54,Savings,1,8519,16,6,9,0,0.54,0,1,1,0,1
CUST1229,28,Female,Single,University,Self-employed,106,Savings,2,500,21,16,13,0,0.97,3,1,1,0,0
CUST0552,29,Male,Married,Secondary,Employed,50,Savings,3,22964,16,6,11,0,0.63,2,1,0,1,1
CUST2376,40,Male,Single,University,Unemployed,24,Current,3,641230,14,8,8,0,0.93,0,1,1,1,0
CUST1447,48,Female,Married,Secondary,Self-employed,73,Savings,2,233335,17,7,9,0,0.94,0,1,0,0,0
CUST1709,35,Female,Divorced,University,Employed,101,Savings,1,27808,19,6,12,0,0.67,1,1,1,1,0
CUST1359,29,Female,Married,Primary,Employed,93,Current,2,65270,16,8,7,0,0.67,3,0,0,0,1
CUST1896,28,Male,Married,Primary,Employed,55,Savings,1,199451,14,7,10,0,0.76,0,0,0,0,0
CUST1114,42,Female,Single,Primary,Employed,73,Savings,2,10488,17,12,10,0,0.54,1,1,0,1,1
CUST2584,30,Female,Married,Secondary,Unemployed,145,Current,2,51338,15,8,5,0,0.92,1,1,1,0,0
CUST0172,20,Female,Single,Secondary,Employed,48,Savings,1,53969,11,5,15,0,0.51,2,1,0,0,0
CUST1888,35,Female,Single,University,Employed,33,Current,1,386882,14,11,12,0,0.82,0,0,1,0,0
CUST1360,44,Male,Married,Primary,Unemployed,74,Current,1,81741,16,9,11,0,0.86,1,0,0,0,0
CUST0197,40,Female,Divorced,University,Unemployed,26,Current,3,102896,15,5,10,0,0.89,3,0,1,1,1
CUST2180,52,Female,Married,Primary,Employed,121,Current,1,181949,22,7,5,0,0.7,2,1,1,0,1
CUST1690,60,Female,Divorced,University,Self-employed,175,Current,3,67526,14,10,8,0,0.65,1,0,1,0,0
CUST0697,41,Female,Single,Primary,Employed,50,Savings,2,68531,20,7,9,0,0.72,3,0,1,0,0
CUST1614,33,Female,Single,Secondary,Employed,23,Current,1,615316,8,9,8,1,0.59,2,1,0,0,1
CUST0470,48,Female,Married,University,Employed,111,Current,3,27273,11,9,15,0,0.84,1,1,1,0,1
CUST2718,42,Female,Married,Secondary,Self-employed,37,Savings,1,148245,15,8,12,0,0.6,3,1,0,0,1
CUST1963,56,Male,Divorced,Secondary,Employed,45,Current,2,326581,20,6,3,0,0.75,2,1,1,1,0
CUST0056,38,Female,Married,Secondary,Self-employed,77,Savings,3,136069,19,8,11,0,0.71,1,1,0,0,0
CUST2655,33,Male,Married,Primary,Employed,109,Savings,1,404242,17,8,7,0,0.61,2,1,0,0,0
CUST2890,43,Male,Married,Secondary,Employed,40,Current,1,151375,22,8,15,0,0.95,1,1,0,0,0
CUST0083,37,Female,Married,None,Employed,18,Savings,2,113979,14,8,13,0,0.65,0,1,0,0,1
CUST0096,39,Male,Single,Primary,Employed,47,Savings,2,27007,15,12,8,0,0.65,0,0,0,0,1
CUST1157,48,Male,Single,University,Self-employed,106,Savings,3,85842,13,8,9,0,0.77,3,1,0,0,0
CUST1682,22,Male,Married,Secondary,Employed,55,Savings,1,69618,16,5,10,1,0.6,2,1,0,0,0
CUST0646,29,Male,Single,Primary,Employed,160,Savings,3,178846,21,7,12,0,0.85,0,1,1,0,1
CUST0832,28,Male,Divorced,Secondary,Self-employed,112,Savings,2,175797,15,5,12,1,0.76,0,0,0,0,1
CUST0719,26,Female,Married,Primary,Employed,120,Savings,1,37061,14,8,10,0,0.77,0,1,0,0,1
CUST1887,36,Female,Married,Secondary,Self-employed,170,Fixed Deposit,2,76138,20,11,11,0,0.98,0,1,0,1,0
CUST0682,30,Female,Single,University,Employed,10,Fixed Deposit,2,58154,13,9,5,0,0.9,1,0,1,1,0
CUST0929,42,Female,Single,Primary,Employed,36,Savings,4,125116,15,5,12,0,0.68,1,0,0,0,1
CUST2426,48,Male,Married,Primary,Employed,179,Savings,1,3100,17,11,8,0,0.78,1,1,0,0,0
CUST2398,28,Male,Single,Primary,Employed,83,Fixed Deposit,3,175701,20,9,13,0,0.77,3,1,1,0,1
CUST2589,39,Male,Single,Secondary,Self-employed,99,Current,2,197325,19,4,10,0,0.96,0,1,0,0,0
CUST1982,38,Male,Single,Secondary,Employed,68,Fixed Deposit,1,418775,11,6,10,0,0.5,0,0,0,0,0
CUST0518,26,Female,Married,University,Employed,9,Savings,1,50454,15,6,8,0,0.82,0,1,1,1,0
CUST2280,38,Male,Single,Secondary,Self-employed,101,Savings,1,270363,16,10,13,0,0.62,1,1,1,0,1
CUST1429,27,Female,Single,University,Self-employed,57,Current,2,70444,6,9,12,0,0.78,0,0,0,0,1
CUST0281,24,Female,Married,Secondary,Employed,31,Savings,2,654622,11,7,5,0,0.54,1,1,0,0,0
CUST1129,18,Male,Married,Secondary,Employed,83,Current,4,42487,15,8,13,0,0.6,1,0,0,0,0
CUST2418,52,Female,Married,None,Self-employed,159,Current,4,30446,18,12,21,0,0.8,3,1,0,0,0
CUST1096,34,Male,Single,University,Self-employed,91,Savings,2,134433,22,9,8,0,0.89,1,1,0,1,1
CUST0790,32,Male,Single,University,Employed,164,Savings,1,25944,17,9,11,0,0.55,1,1,0,0,0
CUST1022,49,Female,Married,None,Employed,50,Current,2,72368,12,7,11,0,0.86,0,1,0,0,1
CUST1750,56,Female,Married,Primary,Unemployed,58,Current,2,285118,14,5,10,0,0.59,1,0,0,0,1
CUST1074,28,Female,Single,None,Employed,174,Current,4,161008,18,12,11,0,0.98,1,0,0,0,0
CUST1492,23,Male,Single,Primary,Employed,83,Savings,2,46609,15,4,7,0,0.64,0,1,0,0,0
CUST2084,34,Male,Married,Secondary,Employed,44,Savings,1,41094,17,5,5,0,0.52,1,1,0,0,1
CUST1193,20,Male,Married,Secondary,Employed,100,Current,1,77121,23,8,6,0,0.56,0,0,1,0,0
CUST1099,29,Female,Married,None,Self-employed,163,Savings,1,116315,24,16,8,0,0.67,3,1,0,0,1
CUST2360,34,Female,Married,Secondary,Unemployed,91,Fixed Deposit,1,11367,13,14,12,1,0.86,4,0,0,0,0
CUST0671,30,Male,Married,Secondary,Employed,126,Savings,1,138363,10,7,13,0,0.69,1,1,0,1,0
CUST1802,52,Female,Single,Secondary,Employed,157,Savings,3,106279,16,11,8,1,0.69,0,0,1,0,1
CUST2721,37,Female,Single,Secondary,Self-employed,44,Savings,2,359183,13,10,9,0,0.84,0,0,1,0,1
CUST1163,36,Female,Single,Primary,Employed,170,Fixed Deposit,2,686685,8,5,12,0,0.67,1,1,0,0,1
CUST0834,52,Male,Divorced,Secondary,Employed,146,Savings,2,262224,11,5,8,0,0.53,2,1,0,1,0
CUST2952,50,Female,Single,Secondary,Employed,178,Current,1,108595,16,3,8,0,0.61,1,0,0,1,0
CUST2166,32,Female,Married,Secondary,Self-employed,60,Current,3,46971,15,4,9,0,0.86,0,0,0,0,1
CUST0791,35,Female,Married,Primary,Employed,82,Fixed Deposit,1,105730,15,7,9,1,0.94,0,0,0,0,0
CUST2925,25,Male,Single,None,Employed,124,Current,3,126063,15,8,8,0,0.82,1,0,0,0,0
CUST2802,28,Male,Married,Primary,Employed,12,Savings,3,94742,19,7,12,0,0.83,1,0,0,0,0
CUST0042,21,Male,Married,Secondary,Employed,120,Current,2,4425,13,8,5,0,0.97,0,1,0,1,0
CUST2527,42,Female,Single,Secondary,Employed,71,Savings,2,221898,20,6,6,0,0.58,0,1,0,0,1
CUST0180,33,Female,Single,Secondary,Employed,21,Savings,4,285222,19,7,17,0,0.97,5,1,0,0,1
CUST2483,41,Male,Married,Secondary,Employed,64,Savings,2,467281,24,7,7,0,0.66,1,1,1,1,0
CUST0260,33,Male,Single,Secondary,Employed,22,Savings,3,357622,15,6,8,0,0.54,0,1,0,0,0
CUST0173,20,Male,Single,Primary,Employed,125,Current,3,221836,12,14,10,0,0.76,0,1,1,0,0
CUST0931,24,Male,Married,Secondary,Self-employed,33,Fixed Deposit,2,29441,18,9,8,0,0.55,3,1,1,0,1
CUST2299,42,Male,Married,None,Employed,5,Current,3,598052,18,7,18,0,0.96,2,1,0,0,1
CUST1202,27,Male,Single,Primary,Employed,21,Current,2,291604,21,8,12,0,0.77,1,1,0,1,1
CUST1568,21,Male,Single,Primary,Self-employed,32,Current,1,149856,15,6,9,0,0.72,0,0,0,0,1
CUST1988,19,Male,Divorced,Primary,Self-employed,171,Savings,4,451164,13,11,10,0,0.78,1,1,0,0,1
CUST1746,29,Female,Single,Secondary,Employed,27,Current,2,21182,16,11,12,0,0.59,0,1,0,0,1
CUST1516,38,Male,Married,University,Employed,124,Current,3,14378,15,14,12,0,0.52,2,1,0,0,0
CUST0017,32,Female,Single,Secondary,Employed,91,Savings,3,82442,20,10,12,0,0.98,0,0,0,0,0
CUST2795,30,Female,Married,Secondary,Self-employed,46,Fixed Deposit,2,119208,14,10,13,0,0.51,1,1,1,0,0
CUST2250,34,Male,Married,None,Employed,115,Savings,1,75229,14,7,15,0,0.93,1,1,1,1,0
CUST1007,36,Male,Single,Secondary,Employed,173,Savings,2,429077,15,2,14,0,0.61,2,1,0,0,0
CUST1620,44,Male,Divorced,Primary,Self-employed,146,Current,1,100654,15,10,14,0,0.88,2,1,1,0,0
CUST0831,36,Male,Single,Secondary,Self-employed,150,Savings,1,119590,20,6,11,0,0.84,1,1,0,1,0
CUST2960,34,Male,Single,Secondary,Employed,85,Savings,2,46021,19,6,13,0,0.51,1,1,0,0,0
CUST0287,31,Female,Married,Secondary,Self-employed,155,Savings,4,271404,10,11,7,0,0.55,1,1,0,0,0
CUST2670,25,Female,Single,Secondary,Unemployed,112,Savings,2,93489,14,7,12,0,0.93,0,0,0,0,0
CUST0070,34,Female,Single,Primary,Employed,94,Fixed Deposit,1,130650,10,7,9,1,0.82,1,1,0,0,0
CUST1058,21,Female,Married,University,Self-employed,6,Savings,1,362736,24,2,15,0,0.76,3,0,0,0,1
CUST1364,50,Female,Married,Primary,Employed,33,Savings,2,124395,14,17,10,0,0.67,0,0,0,0,1
CUST2560,37,Male,Divorced,Primary,Employed,147,Current,2,101403,18,7,8,0,0.75,1,0,0,1,0
CUST1997,18,Male,Married,Secondary,Employed,145,Savings,1,144778,15,10,11,0,0.85,2,1,1,1,0
CUST0395,22,Male,Married,University,Employed,75,Current,1,18271,18,11,7,0,0.75,2,1,0,0,0
CUST2434,42,Male,Married,University,Self-employed,66,Savings,3,183375,10,11,12,0,0.97,5,1,0,0,1
CUST0357,18,Female,Married,Primary,Employed,82,Savings,1,91429,14,9,5,0,0.91,3,1,1,0,0
CUST1437,42,Female,Divorced,University,Employed,88,Savings,1,4740,9,8,12,0,0.95,0,0,1,0,1
CUST1667,38,Female,Married,Primary,Self-employed,57,Current,2,134816,13,13,8,0,0.84,2,1,1,0,0
CUST0121,28,Male,Married,Primary,Employed,102,Current,2,65205,19,9,8,0,0.68,3,1,0,0,0
CUST0388,29,Female,Single,Secondary,Employed,129,Current,3,83034,14,8,14,0,0.77,0,1,0,1,0
CUST2963,22,Female,Married,Primary,Employed,48,Savings,4,74364,23,10,16,0,0.52,1,1,1,1,0
CUST2427,23,Female,Single,None,Self-employed,55,Savings,1,222305,14,5,9,0,0.96,0,0,0,0,0
CUST1135,31,Female,Single,Primary,Self-employed,25,Savings,1,129035,21,7,11,0,0.72,0,1,0,1,1
CUST2373,20,Female,Married,Secondary,Unemployed,119,Current,3,259432,16,3,10,0,0.75,2,0,0,0,1
CUST1042,32,Male,Divorced,Primary,Self-employed,31,Savings,1,14078,17,10,7,1,0.82,1,0,0,1,0
CUST2008,29,Male,Single,Secondary,Employed,36,Current,2,88142,17,4,6,1,0.64,0,1,1,0,1
CUST1912,37,Male,Single,University,Self-employed,145,Savings,3,24288,8,9,10,0,0.88,2,1,0,1,1
CUST2781,40,Male,Single,Primary,Employed,81,Savings,2,133192,8,8,8,0,0.67,0,0,0,1,1
CUST1720,38,Female,Married,Primary,Employed,163,Savings,1,25189,15,6,5,0,0.65,0,1,0,0,0
CUST0907,41,Female,Single,University,Employed,85,Savings,3,252544,13,10,8,0,0.93,1,1,0,0,0
CUST0479,37,Male,Divorced,Secondary,Employed,27,Savings,3,294992,15,5,15,1,0.85,1,1,0,0,0
CUST0163,29,Female,Married,University,Self-employed,168,Savings,1,110186,8,9,8,2,0.78,0,1,0,0,0
CUST2219,33,Female,Single,Secondary,Employed,166,Savings,3,237242,14,12,11,0,0.89,0,1,0,0,0
CUST1650,49,Male,Married,Secondary,Employed,16,Savings,4,130785,17,9,12,0,0.51,1,1,0,1,1
CUST0948,51,Male,Married,Secondary,Self-employed,118,Savings,3,210723,15,14,12,1,0.6,2,1,1,0,0
CUST1217,40,Female,Single,University,Self-employed,165,Savings,1,22497,19,4,11,0,0.7,1,1,0,0,1
CUST1862,25,Male,Married,Secondary,Employed,13,Savings,3,47267,12,3,10,0,0.96,1,1,0,0,0
CUST0026,38,Male,Married,Primary,Employed,96,Current,2,394850,14,5,15,0,0.63,0,0,0,0,0
CUST0252,47,Female,Married,Primary,Self-employed,80,Fixed Deposit,1,358283,12,4,9,0,0.91,1,0,1,1,0
CUST0772,24,Female,Married,Secondary,Employed,45,Savings,1,149847,17,14,8,0,0.88,0,1,0,0,0
CUST0338,46,Male,Divorced,None,Employed,24,Fixed Deposit,2,93371,13,10,10,0,0.65,0,1,0,0,1
CUST1908,20,Female,Single,Primary,Employed,37,Current,3,69865,15,7,10,0,0.82,2,1,1,0,0
CUST0765,33,Female,Single,None,Employed,5,Savings,1,6750,19,9,15,0,0.77,0,1,1,0,0
CUST2155,48,Female,Married,Primary,Self-employed,20,Current,2,126912,8,5,8,0,0.67,2,0,0,1,1
CUST2518,35,Female,Married,None,Employed,57,Current,1,159653,12,8,16,0,0.67,1,1,1,0,1
CUST0302,42,Female,Married,University,Employed,13,Fixed Deposit,4,211300,11,10,13,0,0.68,0,1,0,0,0
CUST1438,34,Female,Single,Secondary,Employed,104,Savings,2,167506,16,7,13,0,0.89,1,1,0,0,0
CUST0582,27,Female,Divorced,Secondary,Employed,46,Savings,4,19586,15,11,11,0,0.9,0,0,0,1,1
CUST0964,48,Male,Divorced,University,Employed,169,Fixed Deposit,2,154264,22,8,6,0,0.58,3,0,0,0,0
CUST0012,39,Male,Single,Secondary,Employed,135,Current,1,722572,15,13,11,0,0.69,2,1,1,0,0
CUST2416,30,Female,Married,Secondary,Employed,148,Savings,2,131360,19,3,15,0,0.68,0,1,0,0,0
CUST2229,22,Male,Single,Secondary,Self-employed,27,Fixed Deposit,3,14383,23,9,12,0,0.72,2,1,0,0,0
CUST2506,38,Female,Married,None,Employed,136,Savings,1,144711,16,6,14,0,0.67,1,1,0,0,0
CUST1588,31,Male,Divorced,Secondary,Self-employed,178,Current,2,15530,16,2,11,0,0.98,0,1,0,1,0
CUST1927,42,Female,Married,Secondary,Unemployed,86,Savings,1,315171,13,12,8,0,0.78,2,1,0,0,0
CUST2375,45,Male,Single,None,Self-employed,28,Fixed Deposit,4,555735,13,12,11,0,0.79,0,1,0,0,0
CUST1639,54,Male,Single,University,Employed,156,Savings,2,34066,16,8,16,0,0.51,1,1,1,0,0
CUST0727,35,Male,Married,University,Self-employed,41,Current,1,100914,11,11,4,0,0.89,1,1,0,1,1
CUST0872,37,Female,Married,Secondary,Self-employed,37,Savings,4,296178,10,8,13,0,0.76,2,1,0,0,1
CUST0931,31,Male,Single,None,Employed,34,Current,2,208295,17,3,16,0,0.63,3,1,1,0,0
CUST1926,28,Female,Married,University,Self-employed,168,Current,1,382681,16,2,15,1,0.51,1,1,0,0,0
CUST1449,18,Male,Married,University,Self-employed,137,Savings,1,44175,20,5,10,0,0.66,0,0,0,0,0
CUST2847,23,Female,Divorced,University,Self-employed,155,Current,2,45391,13,15,8,0,0.86,0,0,0,0,0
CUST0642,41,Male,Married,University,Self-employed,16,Savings,3,112190,20,10,6,0,0.65,1,1,0,0,1
CUST2683,51,Male,Single,University,Self-employed,139,Savings,3,441804,14,4,11,0,0.75,0,1,0,0,0
CUST0429,21,Female,Married,Primary,Self-employed,2,Savings,2,22349,21,7,15,0,0.94,1,1,0,1,0
CUST2936,42,Female,Married,Primary,Employed,102,Savings,3,167623,21,10,12,1,0.7,0,0,0,0,0
CUST0242,31,Female,Married,University,Employed,9,Savings,2,245459,21,9,14,0,0.98,1,1,0,0,0
CUST0286,43,Female,Married,Primary,Employed,133,Current,1,140978,16,4,11,0,0.73,1,1,1,0,0
CUST0639,52,Male,Single,Secondary,Employed,132,Fixed Deposit,1,218887,11,7,10,1,0.93,1,1,0,0,0
CUST2927,25,Male,Single,Secondary,Employed,12,Savings,2,50034,13,10,9,0,0.67,1,1,0,0,1
CUST1544,18,Female,Married,None,Employed,62,Savings,3,187293,8,6,10,0,0.65,0,0,1,0,1
CUST0574,32,Female,Single,Primary,Self-employed,132,Fixed Deposit,3,369415,12,6,10,0,0.76,1,1,1,0,0
CUST1963,42,Female,Single,Primary,Employed,78,Current,1,58462,18,9,11,1,0.69,4,1,0,0,0
CUST2554,45,Male,Married,University,Self-employed,11,Savings,1,99633,7,9,6,1,0.66,3,1,0,0,0
CUST1770,40,Female,Divorced,Secondary,Employed,60,Savings,3,267934,16,10,12,0,0.98,1,1,0,0,0
CUST2004,34,Male,Single,None,Employed,136,Current,1,48461,13,11,13,0,0.53,1,1,0,0,0
CUST0813,66,Male,Married,Primary,Employed,85,Savings,2,69809,22,7,8,0,0.65,2,1,1,0,0
CUST2665,45,Female,Single,University,Self-employed,148,Savings,3,17247,15,5,12,0,0.62,2,1,1,1,0
CUST2661,31,Male,Single,Secondary,Employed,165,Current,1,140954,13,12,8,0,0.51,1,1,0,1,0
CUST0489,37,Male,Married,Primary,Employed,125,Current,1,182503,17,13,14,0,0.56,0,0,1,0,0
CUST1089,43,Female,Married,Secondary,Employed,170,Savings,3,421299,20,5,7,1,0.5,0,1,0,0,0
CUST1161,40,Male,Married,Secondary,Employed,61,Current,1,80711,13,8,8,0,0.78,1,1,0,1,0
CUST0362,35,Female,Single,Secondary,Employed,55,Savings,3,132128,13,4,6,0,0.92,0,1,0,0,1
CUST2630,37,Female,Married,Secondary,Employed,50,Savings,4,73526,14,8,10,0,0.66,1,1,0,0,0
CUST0187,40,Female,Divorced,Secondary,Employed,155,Savings,1,86717,14,7,19,0,0.61,2,1,0,0,0
CUST2507,29,Female,Single,Secondary,Unemployed,103,Savings,2,102750,16,4,10,0,0.6,2,1,1,0,0
CUST2528,32,Male,Married,University,Self-employed,2,Savings,1,45623,15,8,11,0,0.95,3,1,1,0,1
CUST0900,43,Female,Single,Secondary,Employed,124,Savings,3,50733,10,11,11,0,0.59,0,1,0,1,0
CUST0523,31,Female,Married,Secondary,Employed,62,Savings,2,91258,14,5,9,0,0.78,4,1,0,0,0
CUST1420,41,Male,Single,University,Employed,55,Savings,2,151175,17,5,7,0,0.71,0,1,1,0,1
CUST1113,24,Male,Married,Primary,Employed,70,Savings,2,222456,12,14,10,0,0.92,0,0,0,0,1
CUST1627,44,Female,Single,University,Employed,138,Savings,3,417598,18,0,12,0,0.64,0,1,0,0,0
CUST1424,48,Male,Single,Secondary,Unemployed,157,Savings,3,6889,20,7,7,0,0.79,1,1,0,1,1
CUST0789,30,Female,Married,Secondary,Employed,172,Savings,1,450751,18,12,8,0,0.58,2,1,0,0,0
CUST0251,19,Female,Single,University,Self-employed,49,Savings,2,261332,13,4,12,0,0.62,2,0,0,1,0
CUST0799,38,Male,Married,University,Employed,71,Savings,3,168239,11,10,8,0,0.74,0,0,0,0,0
CUST1170,37,Female,Married,None,Employed,152,Savings,4,42519,16,9,8,0,0.53,0,0,1,0,0
CUST2466,19,Male,Married,Secondary,Self-employed,93,Savings,3,109940,14,13,15,0,0.91,2,1,1,1,0
CUST0658,41,Female,Married,Secondary,Employed,107,Current,3,178846,8,7,14,0,0.82,1,0,0,0,0
CUST1864,18,Female,Single,Secondary,Self-employed,55,Savings,1,193695,13,5,14,0,0.71,3,1,0,0,0
CUST2717,27,Female,Single,University,Employed,53,Current,1,84383,15,11,7,0,0.53,1,1,1,0,0
CUST1317,51,Male,Single,Secondary,Employed,98,Savings,1,269913,12,3,6,0,0.92,3,1,0,0,1
CUST1193,43,Female,Married,Secondary,Employed,68,Savings,2,4305,17,9,8,0,0.54,1,0,0,1,1
CUST1518,36,Female,Married,Primary,Self-employed,116,Savings,2,70720,10,13,12,0,0.69,1,1,0,0,0
CUST2661,18,Female,Married,Primary,Self-employed,93,Current,2,276686,15,5,9,0,0.66,0,1,0,0,0
CUST2751,36,Female,Married,None,Employed,147,Current,2,3420,15,1,9,1,0.54,0,0,1,0,0
CUST1883,24,Female,Single,University,Employed,69,Fixed Deposit,3,76603,16,7,4,0,0.58,0,1,0,0,1
CUST0489,35,Female,Single,Secondary,Self-employed,63,Current,1,65253,14,5,11,0,0.61,1,1,0,0,0
CUST0260,36,Female,Married,Primary,Self-employed,33,Current,1,205034,11,9,15,0,0.5,1,1,1,0,0
CUST0350,40,Female,Married,Secondary,Employed,7,Savings,2,449919,16,10,10,0,0.7,0,0,0,0,0
CUST2421,32,Female,Single,None,Self-employed,60,Current,1,20415,16,11,14,0,0.66,0,1,0,0,0
CUST1740,33,Male,Single,University,Self-employed,13,Savings,4,81992,19,9,14,1,0.59,0,1,1,0,1
CUST1010,30,Female,Single,University,Employed,174,Savings,4,139822,19,9,9,0,0.58,1,1,1,0,1
CUST0672,36,Female,Married,University,Employed,75,Current,2,137992,17,6,11,0,0.51,0,1,0,1,0
CUST0843,28,Male,Married,University,Self-employed,175,Savings,2,146496,21,9,6,0,0.83,1,1,1,0,0
CUST0730,41,Female,Married,Secondary,Employed,92,Savings,1,112744,17,10,12,0,0.97,0,0,1,0,0
CUST1932,25,Female,Single,Secondary,Unemployed,35,Savings,2,102543,16,7,7,0,0.82,1,0,0,1,0
CUST0988,22,Female,Married,University,Employed,83,Savings,3,13818,10,8,8,0,0.61,1,1,1,0,1
CUST2688,34,Male,Divorced,University,Employed,99,Savings,2,668229,14,10,14,0,0.73,1,1,0,0,0
CUST0735,30,Male,Married,Secondary,Self-employed,144,Savings,1,268582,20,12,6,0,0.87,3,1,1,1,0
CUST0255,39,Male,Married,Secondary,Employed,163,Savings,4,5364,12,4,10,0,0.86,0,1,0,0,1
CUST0527,20,Female,Single,Secondary,Employed,64,Savings,2,108577,14,6,12,0,0.96,1,0,0,0,0
CUST1274,38,Female,Married,Primary,Employed,45,Savings,1,57342,12,13,8,1,0.53,1,1,0,0,0
CUST1436,45,Male,Single,University,Employed,27,Savings,2,71544,18,9,4,0,0.73,0,1,0,0,0
CUST1342,26,Male,Married,University,Self-employed,133,Savings,2,160202,15,10,12,0,0.55,2,1,0,0,0
CUST1723,43,Female,Single,University,Employed,70,Fixed Deposit,1,16898,14,9,5,0,0.76,0,1,0,0,0
CUST2455,43,Male,Single,University,Employed,171,Current,3,85680,20,8,11,0,0.53,4,0,1,0,0
CUST0923,41,Female,Married,Primary,Unemployed,85,Savings,3,2756,16,13,10,0,0.95,2,0,0,0,0
CUST2487,24,Male,Single,Secondary,Self-employed,33,Savings,1,40266,13,11,8,0,0.83,2,1,0,1,0
CUST2645,32,Male,Single,Primary,Unemployed,47,Fixed Deposit,2,201637,15,5,6,1,0.84,1,0,0,0,0
CUST2467,38,Male,Single,University,Employed,77,Savings,1,298593,15,10,5,0,0.51,0,0,1,1,0
CUST0627,21,Female,Single,Secondary,Employed,33,Current,2,49527,13,9,16,0,0.74,1,1,0,0,1
CUST1494,27,Female,Married,University,Unemployed,126,Savings,2,53638,10,8,13,0,0.54,1,0,0,0,0
CUST2801,40,Female,Single,Secondary,Employed,159,Fixed Deposit,1,247422,16,8,12,0,0.74,0,0,0,0,0
CUST1179,46,Male,Married,Secondary,Self-employed,159,Savings,2,11351,12,5,13,0,0.94,0,1,1,0,0
CUST0207,38,Female,Married,Primary,Self-employed,121,Savings,1,52993,10,9,14,0,0.59,2,1,0,0,0
CUST0005,30,Male,Divorced,Primary,Employed,132,Current,1,205192,17,7,14,0,0.7,1,0,0,0,0
CUST2578,29,Male,Married,University,Employed,85,Savings,2,364813,13,5,13,0,0.66,0,1,0,0,1
CUST1464,54,Female,Single,Secondary,Employed,177,Savings,2,89370,13,4,14,0,0.64,1,0,0,0,0
CUST2206,32,Male,Married,University,Employed,57,Fixed Deposit,2,35227,20,12,6,0,0.91,2,1,0,0,0
CUST1994,42,Female,Single,Primary,Employed,162,Current,1,163887,13,9,18,0,0.52,0,0,0,0,1
CUST0933,24,Male,Married,Secondary,Employed,108,Current,2,372865,19,5,8,2,0.9,0,1,1,0,0
CUST0451,25,Female,Married,Secondary,Unemployed,72,Savings,1,5967,13,6,11,1,0.81,1,0,0,0,0
CUST2251,31,Female,Married,Primary,Employed,65,Savings,2,23860,11,12,9,0,0.79,0,1,0,1,0
CUST2558,39,Male,Married,Secondary,Employed,29,Current,2,32623,13,2,11,0,0.94,0,1,0,0,1
CUST2381,44,Female,Married,Secondary,Employed,34,Savings,3,62840,15,5,12,1,0.6,0,1,0,0,1
CUST1107,35,Female,Divorced,Secondary,Self-employed,30,Savings,1,445971,14,7,11,0,0.9,0,1,0,1,1
CUST0292,40,Female,Married,University,Employed,168,Savings,2,219299,18,5,8,0,0.89,3,1,1,1,0
CUST0315,34,Male,Married,None,Employed,27,Savings,1,25449,21,8,9,0,0.7,0,1,0,0,0
CUST1631,38,Female,Single,Secondary,Self-employed,13,Savings,3,245903,10,6,10,1,0.78,1,1,0,0,1
CUST1041,21,Female,Married,Primary,Self-employed,24,Fixed Deposit,1,71967,14,2,7,0,0.6,4,1,0,0,1
CUST0976,36,Male,Married,Primary,Employed,89,Current,1,42812,15,8,15,0,0.89,0,1,0,0,0
CUST0617,33,Female,Married,None,Employed,47,Fixed Deposit,1,31686,15,7,7,1,0.51,1,1,0,1,1
CUST1678,33,Female,Married,Secondary,Employed,178,Savings,1,3857,17,4,6,0,0.73,2,1,0,0,0
CUST0139,29,Female,Single,Secondary,Unemployed,153,Current,1,68655,13,10,15,0,0.72,2,1,0,0,0
CUST0054,52,Female,Married,Secondary,Unemployed,87,Savings,2,329260,12,5,5,0,0.68,1,0,1,0,0
CUST2181,27,Female,Married,University,Employed,128,Savings,1,39243,13,11,7,1,0.79,1,1,0,0,1
CUST2347,32,Female,Married,Primary,Self-employed,42,Current,4,76737,15,13,15,0,0.88,1,1,0,0,0
CUST0268,27,Female,Married,Primary,Employed,65,Savings,2,116211,14,6,7,0,0.94,1,1,0,0,0
CUST0163,32,Female,Divorced,University,Employed,166,Current,2,38339,19,9,9,1,0.82,0,0,1,0,0
CUST1551,40,Male,Single,University,Self-employed,82,Savings,1,339344,19,5,12,0,0.72,1,1,0,0,1
CUST0718,18,Female,Divorced,Secondary,Self-employed,8,Savings,2,85862,11,5,11,0,0.51,0,1,0,0,1
CUST2833,33,Female,Single,Primary,Employed,31,Savings,1,134575,12,15,9,1,0.84,1,1,0,0,0
CUST2812,32,Female,Divorced,Secondary,Self-employed,83,Savings,1,170694,20,6,5,0,0.56,2,1,0,0,0
CUST2631,24,Male,Married,Primary,Employed,93,Savings,3,44035,9,6,11,0,1,1,1,0,0,0
CUST1402,33,Female,Married,University,Employed,108,Savings,1,364481,18,8,11,1,0.87,2,1,0,0,0
CUST0914,38,Male,Single,Primary,Self-employed,127,Savings,2,26025,20,2,10,0,0.65,0,1,1,1,0
CUST1291,38,Male,Married,University,Employed,56,Current,1,30034,18,8,14,0,0.59,0,1,1,1,0
CUST0148,30,Female,Single,Secondary,Employed,66,Savings,3,51959,19,9,9,0,0.88,0,1,0,0,0
CUST1713,58,Female,Married,University,Employed,126,Current,1,75451,12,9,12,0,0.55,0,0,1,0,0
CUST2199,32,Female,Married,Primary,Employed,75,Current,4,27697,13,11,9,0,0.55,1,0,1,1,0
CUST0123,19,Female,Married,Secondary,Employed,136,Savings,4,181162,14,11,7,0,0.84,0,1,0,1,0
CUST1199,29,Male,Single,Secondary,Self-employed,13,Savings,2,175891,14,15,4,1,0.52,2,1,1,0,0
CUST0740,45,Male,Single,None,Employed,54,Savings,2,100967,15,4,6,1,0.64,1,1,1,1,1
CUST0114,27,Female,Single,University,Employed,165,Current,2,210671,18,9,10,1,0.84,0,1,1,0,0
CUST0666,34,Male,Married,Secondary,Employed,162,Savings,3,72865,21,11,14,0,1,1,1,0,0,0
CUST0739,31,Male,Married,Secondary,Self-employed,148,Savings,1,127733,14,7,12,0,0.96,1,1,0,0,0
CUST2292,28,Male,Divorced,Secondary,Self-employed,5,Savings,1,102613,19,10,9,1,0.88,2,1,0,0,1
CUST2980,48,Male,Single,University,Unemployed,171,Savings,1,129624,10,6,16,0,0.64,0,1,1,0,0
CUST2827,18,Female,Married,University,Unemployed,116,Savings,3,81144,10,6,8,0,0.67,0,1,1,0,0
CUST2777,35,Female,Single,Secondary,Self-employed,135,Savings,1,131285,9,8,10,0,0.76,0,0,1,1,0
CUST2476,33,Male,Married,Secondary,Employed,153,Savings,1,86400,18,4,9,0,0.91,1,1,0,0,0
CUST1869,49,Female,Single,University,Self-employed,76,Savings,2,243083,14,7,14,0,0.71,5,1,1,0,0
CUST2002,34,Female,Married,University,Employed,50,Current,1,59497,18,11,12,0,0.97,0,1,0,1,0
CUST0107,45,Female,Single,University,Employed,90,Savings,3,420360,19,13,8,0,0.81,1,0,1,0,0
CUST2504,37,Male,Married,Secondary,Employed,152,Savings,3,76984,12,5,15,0,0.79,0,1,0,1,0
CUST1360,27,Male,Single,Secondary,Employed,171,Current,3,84280,16,7,11,0,0.82,0,1,0,0,0
CUST1103,39,Male,Married,None,Unemployed,163,Savings,3,64076,12,4,12,0,0.88,0,1,1,0,0
CUST0661,24,Male,Divorced,Secondary,Self-employed,135,Current,1,176217,26,4,11,0,0.83,1,1,0,0,0
CUST1332,23,Female,Divorced,None,Employed,170,Current,4,20093,18,6,10,0,0.74,1,0,0,0,0
CUST2042,47,Male,Single,Secondary,Employed,67,Savings,1,108007,15,15,9,0,0.99,0,1,0,0,0
CUST2887,37,Male,Single,Secondary,Self-employed,57,Current,2,3008,18,3,11,0,0.72,1,0,0,0,0
CUST1055,19,Female,Married,Secondary,Employed,97,Current,1,89731,13,8,10,0,0.63,1,0,0,0,0
CUST0893,29,Male,Divorced,University,Self-employed,1,Current,2,30271,11,7,10,0,0.63,5,0,0,0,1
CUST0543,41,Female,Married,Primary,Employed,71,Current,4,327374,18,6,13,1,0.6,0,1,0,0,0
CUST0434,38,Female,Single,Primary,Employed,60,Fixed Deposit,1,134796,26,6,14,0,0.89,1,1,1,0,0
CUST1970,31,Male,Single,None,Self-employed,8,Savings,2,17533,13,9,13,0,0.68,1,1,0,0,1
CUST1258,26,Male,Single,Primary,Self-employed,153,Savings,3,87280,18,13,15,0,0.86,0,1,0,1,0
CUST2320,32,Male,Single,Primary,Employed,122,Savings,4,8881,18,12,12,0,0.99,0,1,0,0,0
CUST0523,44,Female,Single,Secondary,Employed,2,Current,4,625766,19,13,11,0,0.95,2,1,1,1,0
CUST0649,29,Female,Single,Secondary,Employed,98,Current,2,141269,13,9,10,0,0.84,3,0,0,1,0
CUST0701,45,Female,Divorced,None,Employed,10,Current,1,37615,12,7,8,0,0.84,0,1,1,0,1
CUST2761,42,Female,Single,None,Employed,59,Savings,1,16607,13,8,12,0,0.74,4,1,0,1,0
CUST2457,32,Male,Married,Primary,Employed,47,Savings,2,141006,16,10,8,0,0.59,0,1,1,0,1
CUST2226,18,Female,Married,University,Employed,140,Savings,1,120207,13,6,12,0,0.63,3,1,0,0,1
CUST0923,27,Female,Married,University,Self-employed,46,Savings,3,61548,14,5,9,0,0.65,0,1,0,0,0
CUST1088,42,Male,Divorced,University,Self-employed,23,Savings,2,235317,13,6,8,0,0.9,2,0,0,1,1
CUST2982,53,Male,Married,University,Self-employed,29,Fixed Deposit,2,239206,8,10,22,2,0.97,2,1,1,0,1
CUST0162,43,Male,Divorced,Secondary,Employed,36,Current,1,445441,10,7,10,0,0.76,2,1,0,0,1
CUST1564,25,Female,Married,Secondary,Self-employed,72,Savings,2,323459,14,2,12,0,0.77,3,1,0,1,1
CUST2797,37,Male,Divorced,Secondary,Employed,118,Current,2,362486,13,10,13,0,0.94,0,0,0,0,1
CUST1017,31,Female,Single,Primary,Self-employed,22,Savings,1,550769,12,10,7,0,0.87,3,1,1,0,1
CUST2819,29,Male,Single,Secondary,Self-employed,34,Current,2,113706,16,9,20,0,0.79,0,1,0,1,1
CUST1736,24,Male,Single,None,Employed,98,Savings,2,34394,15,3,5,0,0.93,0,0,0,0,1
CUST0131,27,Male,Single,None,Employed,147,Savings,1,39638,13,5,5,0,0.87,0,1,0,0,0
CUST2318,43,Male,Married,Primary,Unemployed,16,Current,1,43212,7,12,5,0,0.63,1,0,1,0,0
CUST2801,54,Male,Married,Primary,Employed,150,Savings,1,223110,16,15,10,0,0.72,0,1,0,0,0
CUST0451,41,Male,Single,Secondary,Self-employed,11,Current,2,517210,22,8,13,0,0.68,0,1,0,1,0
CUST0123,23,Female,Married,Primary,Employed,74,Savings,3,1120,14,8,11,0,0.69,0,0,0,0,0
CUST1869,28,Male,Married,Secondary,Employed,109,Current,1,89959,15,7,14,0,0.87,2,1,1,1,1
CUST1154,56,Male,Married,Primary,Self-employed,134,Savings,4,15068,10,8,10,1,0.82,0,0,0,0,1
CUST1326,30,Male,Married,None,Employed,179,Current,2,211683,15,10,13,0,0.93,2,1,1,0,0
CUST1394,27,Male,Married,Primary,Employed,31,Savings,2,275961,10,3,9,0,0.92,0,1,0,0,1
CUST2278,30,Female,Married,University,Employed,106,Savings,1,368374,12,6,11,1,0.64,0,1,0,0,1
CUST2576,59,Male,Single,Primary,Self-employed,173,Savings,1,15926,15,6,16,0,0.79,0,1,1,0,1
CUST2049,39,Male,Single,University,Employed,80,Savings,3,95042,12,9,20,0,0.53,0,1,0,1,1
CUST0291,32,Male,Single,Primary,Employed,110,Current,1,142781,11,9,15,0,0.96,1,0,0,0,0
CUST1184,46,Female,Married,Primary,Self-employed,158,Current,2,44345,23,6,7,0,0.85,0,1,0,0,0
CUST0797,21,Male,Married,Secondary,Self-employed,11,Current,2,35854,23,7,7,0,0.9,0,1,1,1,1
CUST0951,34,Male,Single,University,Employed,158,Current,1,66899,15,3,11,0,0.79,2,1,0,0,1
CUST1911,42,Female,Married,University,Unemployed,99,Savings,1,160727,18,9,8,0,0.9,3,1,1,0,1
CUST1043,24,Male,Single,University,Employed,175,Savings,2,51536,13,9,7,0,0.63,1,0,0,0,1
CUST2234,30,Male,Single,Primary,Unemployed,146,Current,1,791417,6,8,8,0,0.99,0,0,1,0,1
CUST0524,39,Male,Divorced,Secondary,Employed,28,Savings,2,17698,9,11,12,0,0.67,0,1,0,0,1
CUST2898,21,Male,Single,Primary,Self-employed,35,Savings,3,6133,10,8,6,0,0.52,1,1,0,0,0
CUST1604,18,Female,Single,Primary,Employed,174,Savings,1,41869,15,9,12,1,0.92,0,1,0,0,1
CUST1646,32,Female,Married,Primary,Self-employed,85,Savings,3,160983,17,9,4,0,0.66,0,1,0,0,0
CUST2975,55,Female,Single,Secondary,Self-employed,19,Savings,2,13693,15,9,8,0,0.91,1,1,0,1,1
CUST0317,27,Female,Single,None,Unemployed,20,Current,3,76073,16,10,5,0,0.74,1,0,0,0,1
CUST0590,21,Male,Single,Primary,Employed,92,Savings,3,21515,21,6,6,0,0.56,1,1,0,0,0
CUST2606,34,Male,Single,Primary,Self-employed,75,Savings,1,97650,17,10,12,0,0.61,1,1,1,0,0
CUST0159,47,Male,Married,University,Employed,101,Savings,1,432205,9,8,9,0,0.58,0,1,0,1,0
CUST1203,26,Female,Single,Primary,Self-employed,157,Savings,1,111844,25,9,9,0,0.58,0,1,0,0,0
CUST2421,41,Female,Married,Primary,Employed,136,Savings,1,75203,12,9,11,0,0.82,1,0,1,0,0
CUST1962,32,Female,Divorced,Secondary,Employed,176,Savings,3,172395,21,11,12,0,0.59,0,1,1,0,0
CUST1199,18,Female,Divorced,University,Employed,158,Fixed Deposit,1,114746,22,8,13,0,0.92,1,1,0,0,0
CUST0209,34,Female,Single,None,Employed,38,Savings,1,249696,12,10,10,1,0.7,1,0,1,0,1
CUST0529,38,Female,Married,Secondary,Employed,168,Savings,3,37314,9,10,7,1,0.98,1,1,1,1,0
CUST1954,33,Female,Divorced,Secondary,Employed,23,Savings,2,86723,22,8,11,0,0.79,1,0,1,0,1
CUST2531,36,Male,Married,University,Employed,80,Current,4,186359,13,7,12,0,0.72,0,0,0,1,0
CUST1713,26,Female,Single,Secondary,Employed,164,Savings,2,237402,17,11,6,1,0.59,0,1,0,1,0
CUST1779,28,Male,Married,Secondary,Self-employed,176,Savings,1,30044,13,10,11,0,0.83,1,0,1,0,0
CUST2294,34,Female,Married,Primary,Employed,9,Savings,3,233647,17,14,11,0,0.54,1,1,0,0,0
CUST0835,48,Male,Married,University,Employed,164,Current,3,325609,12,7,9,0,0.79,2,0,0,0,0
CUST2448,22,Female,Single,Secondary,Self-employed,106,Fixed Deposit,2,118449,11,11,11,0,0.8,1,0,0,0,0
CUST1685,27,Male,Married,University,Self-employed,173,Fixed Deposit,1,94851,13,5,8,0,0.72,0,1,0,0,0
CUST1962,35,Male,Married,Primary,Employed,58,Savings,2,245963,12,4,11,0,0.86,2,0,1,1,0
CUST2257,23,Male,Married,Secondary,Self-employed,2,Savings,3,995474,14,3,10,0,0.68,0,1,0,0,0
CUST2350,22,Male,Divorced,Secondary,Self-employed,25,Current,1,126017,9,5,6,0,0.94,1,1,0,0,0
CUST2537,32,Female,Married,Secondary,Employed,142,Current,4,74516,19,7,4,0,0.51,0,1,0,0,0
CUST2851,30,Male,Single,Primary,Employed,173,Current,1,13468,20,9,8,0,0.9,1,1,0,0,0
CUST1572,41,Female,Single,Primary,Employed,9,Fixed Deposit,2,183230,16,5,11,0,0.74,3,0,0,0,0
CUST1089,31,Male,Married,Primary,Self-employed,150,Current,1,329420,20,9,10,0,0.67,1,1,0,0,0
CUST2033,20,Male,Single,Secondary,Self-employed,34,Current,4,37740,17,11,9,1,0.94,2,1,1,0,0
CUST0870,60,Female,Single,Primary,Employed,50,Current,2,180753,17,7,7,0,0.91,1,0,1,1,0
CUST1226,30,Male,Married,University,Self-employed,50,Savings,3,11981,18,9,15,2,0.68,1,1,0,0,1
CUST2407,59,Male,Single,Secondary,Self-employed,111,Savings,1,64420,19,12,11,0,0.53,0,1,0,0,1
CUST1239,26,Female,Married,Primary,Employed,99,Fixed Deposit,2,564840,11,5,4,1,0.58,2,0,0,0,0
CUST0754,40,Male,Single,Primary,Self-employed,111,Savings,2,344165,22,9,10,0,0.53,2,0,0,0,0
CUST2813,29,Female,Married,Secondary,Self-employed,94,Savings,2,77388,21,5,12,0,0.93,2,1,0,0,0
CUST0606,46,Male,Married,Secondary,Self-employed,4,Current,3,126494,18,12,13,0,0.63,0,1,0,0,0
CUST2581,29,Male,Divorced,Secondary,Employed,86,Current,2,128910,20,8,9,1,0.98,0,0,0,0,0
CUST2468,35,Female,Married,Secondary,Employed,173,Current,1,18759,12,5,6,0,0.9,0,0,0,1,0
CUST2841,40,Female,Single,Primary,Self-employed,35,Savings,1,54023,16,10,10,0,0.77,1,1,0,0,0
CUST1356,32,Male,Single,University,Employed,127,Current,2,199614,20,4,15,0,0.9,0,1,0,0,0
CUST0055,28,Female,Divorced,Secondary,Employed,63,Current,1,243192,8,6,10,0,0.94,0,1,0,1,0
CUST1280,33,Female,Divorced,Secondary,Employed,92,Savings,2,167800,12,10,16,0,0.68,1,1,0,0,0
CUST1557,18,Male,Married,Secondary,Employed,18,Current,2,227823,17,7,12,0,0.91,0,1,0,0,0
CUST1113,33,Male,Married,None,Employed,135,Savings,1,108421,15,10,12,0,0.66,0,0,0,0,0
CUST2200,30,Male,Married,Primary,Self-employed,139,Savings,1,65412,12,6,12,0,0.76,1,1,0,0,0
CUST0603,35,Male,Single,Primary,Employed,129,Savings,2,79410,17,7,12,0,0.53,1,1,0,1,0
CUST1587,19,Female,Single,University,Self-employed,63,Current,1,161699,14,12,8,0,0.95,0,1,1,0,0
CUST1062,41,Male,Married,None,Employed,25,Savings,1,60814,14,9,7,1,0.6,2,1,0,1,1
CUST0819,34,Male,Divorced,Secondary,Employed,51,Savings,3,67244,24,6,11,0,0.67,2,1,0,0,0
CUST2546,24,Female,Single,Primary,Self-employed,162,Current,1,105351,15,9,11,0,0.89,0,1,0,0,0
CUST2012,48,Female,Divorced,Secondary,Unemployed,95,Savings,3,27676,18,6,9,0,0.57,0,0,0,0,0
CUST1467,34,Male,Single,None,Self-employed,61,Current,3,136808,7,10,7,1,0.76,0,0,0,0,0
CUST0910,18,Female,Married,Secondary,Employed,122,Savings,2,257033,7,3,10,0,0.56,4,0,0,0,1
CUST0986,50,Male,Single,Secondary,Self-employed,178,Savings,2,208157,15,12,8,0,0.95,3,0,1,0,0
CUST2150,29,Male,Married,Secondary,Employed,7,Savings,2,31869,16,7,12,0,0.61,3,0,1,1,1
CUST2859,37,Male,Single,University,Employed,133,Savings,1,159580,13,6,7,0,0.53,0,1,1,1,1
CUST1841,51,Male,Married,Secondary,Self-employed,143,Savings,1,176611,11,6,6,0,0.56,0,1,0,0,0
CUST0680,42,Female,Single,University,Employed,63,Savings,3,258694,11,11,12,2,0.78,0,1,1,0,0
CUST2845,36,Female,Single,Primary,Employed,152,Savings,3,167273,19,5,12,1,0.97,1,0,0,0,0
CUST1019,38,Male,Married,None,Employed,55,Current,2,45699,13,14,7,1,0.92,0,1,0,0,1
CUST2809,30,Female,Married,Primary,Employed,61,Savings,2,31327,12,5,4,0,0.74,1,1,0,0,0
CUST2375,44,Female,Single,Secondary,Employed,164,Fixed Deposit,1,172296,16,14,5,0,0.73,2,0,0,0,1
CUST1412,37,Male,Single,Secondary,Employed,66,Current,1,177483,16,9,9,1,0.86,4,0,0,0,0
CUST0972,29,Female,Married,None,Employed,26,Savings,1,99482,16,18,12,0,0.63,0,0,0,1,1
CUST1005,30,Male,Single,Primary,Self-employed,12,Savings,2,3079,17,9,13,0,0.88,3,1,0,1,1
CUST0444,40,Female,Single,Secondary,Self-employed,145,Current,3,494858,8,11,7,0,0.85,1,0,1,0,0
CUST0666,26,Male,Divorced,Secondary,Unemployed,44,Current,2,166991,13,8,10,0,0.86,0,0,1,0,0
CUST1980,42,Female,Married,Secondary,Self-employed,57,Fixed Deposit,2,299336,17,8,9,0,0.75,1,1,0,1,0
CUST0673,43,Male,Single,University,Employed,115,Current,1,261200,19,9,15,0,0.61,0,1,1,1,0
CUST2726,25,Female,Married,Secondary,Employed,88,Current,3,52350,13,5,6,0,0.58,2,1,0,0,1
CUST0162,47,Male,Single,Primary,Self-employed,54,Savings,1,511355,12,12,12,1,0.72,2,1,0,0,1
CUST0938,31,Female,Divorced,Secondary,Employed,155,Current,2,63403,14,10,12,0,0.56,3,1,0,0,1
CUST1658,50,Female,Single,Primary,Employed,109,Savings,3,4161,22,14,8,0,0.98,1,1,0,1,0
CUST2866,39,Male,Married,Secondary,Employed,85,Current,1,34828,20,10,17,0,0.85,1,1,1,0,0
CUST2657,20,Male,Married,Secondary,Self-employed,167,Savings,2,19961,13,14,11,0,0.86,0,1,0,0,0
CUST0472,42,Female,Married,Primary,Employed,100,Savings,2,76755,15,7,14,0,0.71,1,1,1,0,0
CUST2808,27,Male,Single,Primary,Self-employed,39,Savings,1,180719,10,4,13,0,0.85,1,1,1,0,0
CUST1526,30,Male,Married,University,Self-employed,114,Savings,1,79620,17,11,5,0,0.84,0,1,0,0,0
CUST0162,39,Female,Single,Primary,Self-employed,61,Fixed Deposit,1,31379,18,9,5,1,0.54,1,1,0,0,0
CUST0469,45,Female,Single,Secondary,Self-employed,80,Savings,1,129389,18,4,7,0,0.77,0,0,0,0,1
CUST1962,30,Male,Single,None,Employed,144,Savings,1,17247,12,7,16,0,0.74,1,1,1,1,1
CUST0843,36,Female,Married,Primary,Employed,64,Savings,3,124707,15,7,7,1,0.78,0,1,0,0,1
CUST1438,19,Male,Divorced,Secondary,Self-employed,154,Savings,2,151547,16,8,7,0,0.97,0,1,0,0,0
CUST1501,18,Male,Single,None,Employed,84,Savings,3,124556,15,10,12,0,0.55,1,1,1,0,0
CUST2786,18,Male,Divorced,University,Employed,169,Current,3,10289,14,10,9,0,0.98,0,1,0,0,1
CUST1468,27,Male,Married,University,Unemployed,78,Current,2,167940,12,6,8,0,0.78,0,1,0,0,0
CUST2743,45,Male,Divorced,University,Self-employed,119,Savings,1,309845,18,10,9,0,0.86,1,1,1,0,1
CUST1358,26,Male,Married,Primary,Unemployed,57,Current,4,104277,20,7,16,0,0.63,3,1,1,0,0
CUST0132,25,Male,Married,Primary,Self-employed,32,Savings,1,228013,18,7,8,1,0.76,0,1,0,0,0
CUST1785,32,Female,Single,Primary,Unemployed,124,Current,2,351504,13,13,9,0,0.8,1,1,0,0,0
CUST2994,24,Male,Single,Primary,Employed,132,Current,4,129309,15,10,13,0,0.8,1,0,0,0,1
CUST1700,41,Male,Married,Primary,Employed,22,Savings,1,198777,12,3,9,0,0.54,1,1,1,0,1
CUST0125,37,Male,Divorced,Primary,Unemployed,107,Savings,3,161854,18,6,10,1,0.84,1,0,0,0,0
CUST2385,42,Female,Married,Secondary,Employed,46,Savings,1,269627,10,11,11,0,0.57,2,1,1,1,0
CUST0435,26,Female,Married,Secondary,Employed,103,Savings,1,62481,19,13,7,0,0.95,2,1,0,1,0
CUST1658,34,Female,Married,Secondary,Employed,49,Savings,3,34740,18,11,7,0,0.99,0,1,0,0,0
CUST0065,35,Female,Divorced,Secondary,Self-employed,67,Savings,2,59258,10,7,12,0,0.95,3,1,1,0,0
CUST0910,39,Female,Single,University,Employed,168,Savings,2,85951,13,8,5,0,0.65,1,1,1,0,0
CUST1733,36,Male,Married,Primary,Employed,152,Savings,2,87348,17,6,10,0,0.84,2,1,1,0,0
CUST0333,28,Male,Divorced,Secondary,Employed,5,Savings,1,152544,20,9,12,0,0.92,0,0,0,0,1
CUST1615,42,Female,Single,University,Employed,24,Savings,2,22011,14,10,8,0,0.51,1,1,0,0,0
CUST0988,39,Female,Single,None,Employed,145,Savings,3,83941,14,9,11,0,0.58,2,1,0,0,1
CUST2278,34,Male,Married,University,Employed,47,Savings,3,163610,14,7,7,1,0.82,0,0,0,0,0
CUST0956,31,Male,Divorced,Primary,Employed,140,Savings,2,174390,18,7,8,0,0.51,0,0,0,0,0
CUST2900,43,Female,Married,Primary,Employed,163,Savings,2,12770,17,5,7,0,0.81,2,1,1,0,0
CUST0873,52,Male,Married,Secondary,Employed,52,Savings,1,11692,15,12,10,0,0.93,1,1,1,1,1
CUST1684,50,Female,Married,University,Self-employed,43,Current,1,124079,13,12,15,0,0.72,1,1,0,0,1
CUST2247,30,Male,Divorced,Secondary,Employed,2,Current,2,54573,23,18,12,0,0.93,1,1,1,0,0
CUST2232,34,Male,Single,None,Employed,104,Current,1,304012,10,10,7,0,0.87,1,0,1,0,0
CUST2464,30,Male,Married,Secondary,Employed,122,Savings,1,219789,14,9,10,0,0.82,0,1,1,0,0
CUST2035,37,Female,Married,Secondary,Employed,151,Savings,1,131639,13,4,16,0,0.87,0,0,1,0,0
CUST1842,32,Female,Married,Secondary,Self-employed,151,Savings,1,32010,20,8,8,1,0.71,1,0,0,0,0
CUST2471,52,Male,Single,Secondary,Self-employed,1,Savings,3,252391,8,12,13,0,0.62,1,1,0,0,0
CUST0036,32,Male,Single,Primary,Employed,77,Current,3,49147,10,10,12,0,0.6,1,1,0,0,0
CUST0299,31,Female,Single,Secondary,Employed,104,Savings,3,173433,11,7,4,0,0.55,3,1,1,0,0
CUST2594,34,Male,Single,Primary,Employed,179,Savings,2,176150,16,9,12,0,0.98,2,1,1,0,0
CUST2403,33,Female,Married,Secondary,Unemployed,124,Current,1,82114,21,6,11,0,0.79,1,0,0,0,0
CUST0517,42,Male,Married,Secondary,Employed,141,Savings,1,41901,7,10,14,0,0.97,0,1,0,0,0
CUST2853,40,Female,Single,Secondary,Employed,25,Savings,4,32016,11,5,9,0,0.79,1,1,0,0,0
CUST2052,19,Female,Married,University,Employed,111,Current,1,6155,19,7,13,0,0.64,2,0,1,0,0
CUST1762,28,Female,Married,Primary,Employed,108,Fixed Deposit,2,179341,12,4,8,1,0.9,1,1,0,1,0
CUST2422,31,Female,Married,University,Self-employed,145,Fixed Deposit,1,48715,14,13,9,0,0.52,2,1,0,0,0
CUST2269,44,Female,Married,University,Self-employed,32,Current,4,128623,18,9,11,0,0.96,0,1,1,0,0
CUST0599,35,Male,Married,Secondary,Unemployed,41,Savings,2,80403,16,14,11,0,0.63,0,1,0,0,0
CUST1482,40,Female,Single,Secondary,Employed,64,Savings,2,225296,10,8,16,0,0.64,2,1,1,0,1
CUST2882,34,Male,Married,Secondary,Employed,85,Savings,2,59457,7,11,11,0,0.88,0,1,1,0,0
CUST0567,31,Female,Married,Primary,Employed,23,Savings,4,132875,17,10,9,0,0.5,0,1,0,0,0
CUST2657,42,Male,Single,Primary,Employed,164,Savings,1,91853,15,7,15,1,0.55,1,1,1,0,0
CUST1224,58,Male,Single,Secondary,Self-employed,177,Savings,2,109638,11,5,11,0,0.73,0,1,1,0,0
CUST1618,35,Female,Married,Secondary,Employed,37,Current,1,113835,15,4,7,1,0.55,0,1,1,0,1
CUST1542,18,Male,Married,University,Self-employed,109,Savings,2,178705,14,2,11,0,0.76,0,1,0,0,0
CUST0694,25,Female,Single,Primary,Self-employed,29,Savings,1,145894,16,11,15,0,0.63,0,0,1,1,1
CUST1193,33,Female,Divorced,Primary,Employed,133,Fixed Deposit,1,292234,13,7,5,0,0.71,1,1,0,0,0
CUST2687,19,Male,Single,Secondary,Unemployed,81,Savings,2,28247,16,7,6,0,0.61,2,0,0,0,0
CUST1783,38,Female,Single,Secondary,Self-employed,173,Savings,1,169597,10,3,9,1,0.7,1,0,0,0,0
CUST0398,29,Male,Married,Primary,Self-employed,163,Fixed Deposit,4,38118,13,5,7,0,0.57,1,1,0,0,0
CUST0217,42,Female,Single,Secondary,Employed,81,Fixed Deposit,1,212061,15,7,8,1,0.53,1,0,0,0,1
CUST1357,44,Female,Married,University,Self-employed,133,Savings,4,199762,19,8,6,0,0.86,0,1,0,1,0
CUST0999,18,Female,Married,Secondary,Employed,169,Current,1,95522,22,8,6,0,0.92,2,1,0,0,0
CUST2788,41,Female,Married,Primary,Employed,28,Savings,3,154651,12,11,12,0,0.96,1,1,1,0,1
CUST1289,45,Female,Married,Primary,Self-employed,173,Current,1,89639,15,6,12,1,0.55,1,1,0,0,0
CUST1641,28,Female,Divorced,None,Unemployed,84,Savings,2,195482,18,8,5,0,0.98,3,1,0,0,1
CUST1612,26,Female,Single,Secondary,Employed,57,Savings,1,98964,18,13,14,0,0.86,1,1,1,1,0
CUST0809,18,Male,Single,University,Self-employed,137,Savings,1,130816,24,6,15,0,0.6,0,0,0,0,0
CUST1161,45,Male,Married,University,Employed,41,Savings,1,90889,17,11,11,0,0.78,2,0,0,1,0
CUST2463,56,Male,Married,Primary,Unemployed,117,Current,2,316420,17,7,5,0,0.63,1,0,0,0,1
CUST0905,34,Female,Married,University,Unemployed,29,Current,1,1619,19,10,9,0,0.95,0,1,0,0,0
CUST2298,46,Female,Married,University,Self-employed,140,Savings,1,224263,19,10,14,1,0.51,0,1,0,0,0
CUST0124,47,Male,Married,Secondary,Employed,64,Current,3,265915,18,8,8,0,0.84,0,1,1,0,0
CUST0490,36,Female,Married,Secondary,Employed,57,Savings,2,406865,10,6,9,0,0.71,3,1,1,0,0
CUST0482,35,Male,Married,Secondary,Employed,99,Savings,4,148196,15,12,5,0,0.63,0,1,0,0,0
CUST2490,56,Female,Married,Primary,Self-employed,17,Savings,1,169860,11,6,10,0,0.9,1,1,0,0,0
CUST0165,31,Male,Married,None,Self-employed,19,Savings,1,111940,15,7,11,0,0.86,1,1,0,0,1
CUST0362,23,Male,Single,Secondary,Employed,176,Savings,4,101991,14,8,11,0,0.65,1,1,1,0,0
CUST0706,47,Female,Married,Primary,Employed,45,Current,4,136484,20,9,10,0,0.83,1,1,1,1,0
CUST1300,29,Male,Married,University,Employed,163,Savings,1,2681,14,12,15,0,0.78,0,1,0,0,0
CUST0614,20,Female,Married,Primary,Employed,158,Current,2,129654,19,10,14,0,0.59,1,0,0,0,0
CUST1855,32,Female,Married,Secondary,Employed,86,Savings,3,339414,12,6,7,0,0.56,4,1,0,0,0
CUST1380,27,Male,Divorced,Primary,Employed,33,Current,2,357762,14,4,7,0,0.58,0,1,0,0,0
CUST0212,25,Female,Divorced,Secondary,Self-employed,141,Current,1,46758,15,3,14,0,0.91,2,1,0,0,0
CUST0746,58,Female,Divorced,Primary,Employed,116,Savings,1,545197,17,7,5,0,0.54,0,0,0,0,1
CUST0980,35,Male,Married,University,Employed,66,Savings,4,7208,8,15,11,0,0.79,2,0,0,0,0
CUST1266,41,Male,Single,Primary,Employed,140,Savings,2,8387,17,6,11,0,0.95,1,1,0,1,0
CUST1296,18,Male,Married,Secondary,Self-employed,115,Current,2,54610,14,9,9,0,0.59,1,0,0,0,1
CUST2306,36,Male,Single,Secondary,Employed,6,Savings,1,7306,14,6,10,0,0.73,0,1,0,0,1
CUST0528,18,Male,Single,University,Self-employed,137,Current,2,141742,19,8,14,0,0.62,0,0,0,1,0
CUST0788,40,Male,Married,Secondary,Self-employed,72,Current,1,80433,11,9,13,0,0.95,0,1,1,0,1
CUST2286,42,Male,Divorced,Secondary,Employed,71,Savings,1,3909,16,11,12,0,0.62,0,0,0,0,0
CUST0370,31,Male,Married,Secondary,Self-employed,133,Savings,2,36365,20,6,5,0,0.53,1,0,0,0,1
CUST0777,30,Female,Single,University,Self-employed,14,Savings,2,325836,16,8,10,0,0.7,2,0,0,0,0
CUST1768,48,Female,Married,University,Employed,81,Savings,2,279132,11,11,11,1,0.79,3,1,1,0,0
CUST1256,24,Female,Single,None,Employed,11,Current,2,90675,21,8,12,0,0.53,0,1,1,1,1
CUST0601,38,Male,Married,Secondary,Employed,162,Current,3,1463,13,10,10,0,0.8,1,0,0,0,0
CUST1226,40,Female,Single,Secondary,Unemployed,122,Savings,1,129683,17,3,10,0,0.77,2,1,0,0,0
CUST1114,42,Female,Married,None,Self-employed,111,Current,4,265891,12,14,11,0,0.8,1,0,0,1,0
CUST1456,34,Female,Married,None,Self-employed,68,Fixed Deposit,3,12299,9,10,10,0,0.9,1,1,1,0,0
CUST1534,37,Male,Married,University,Self-employed,63,Current,2,92772,14,5,9,1,0.86,0,1,1,0,1
CUST2944,25,Male,Single,Primary,Employed,15,Savings,1,292627,19,7,11,0,0.69,0,0,1,0,0
CUST1739,44,Female,Single,Secondary,Unemployed,51,Current,1,40303,17,11,15,0,0.84,0,0,0,0,1
CUST0079,29,Male,Married,Primary,Employed,71,Savings,2,35725,17,6,12,0,0.91,1,1,1,1,0
CUST0903,25,Male,Married,University,Self-employed,153,Current,2,16646,15,9,11,1,0.98,0,0,1,0,0
CUST1372,31,Female,Single,Primary,Unemployed,66,Savings,2,21746,8,9,13,0,0.66,1,1,1,0,0
CUST1980,27,Female,Married,None,Self-employed,62,Current,1,138353,27,9,10,0,0.52,1,1,0,1,0
CUST2867,46,Male,Single,Secondary,Self-employed,128,Savings,2,354258,29,11,13,0,0.76,1,1,0,1,0
CUST1682,29,Male,Married,Primary,Employed,64,Current,2,458059,19,8,7,0,0.85,0,1,0,0,0
CUST0537,59,Female,Divorced,Primary,Self-employed,56,Savings,3,165438,12,13,21,1,0.99,0,1,1,1,0
CUST0018,33,Female,Single,Secondary,Employed,138,Savings,3,8780,7,8,9,0,0.58,1,1,1,0,0
CUST0993,44,Male,Married,Secondary,Unemployed,75,Savings,4,80291,15,9,11,0,0.82,0,1,0,0,0
CUST0371,29,Male,Single,Primary,Employed,21,Current,2,356775,16,9,10,0,0.66,4,1,0,0,0
CUST1663,37,Female,Married,None,Employed,88,Savings,3,226410,15,9,13,0,0.96,1,1,0,0,0
CUST2692,46,Male,Married,Primary,Employed,88,Savings,2,193856,11,6,9,0,0.57,1,1,0,0,1
CUST0275,49,Male,Divorced,University,Self-employed,147,Savings,3,296292,15,8,9,0,0.51,3,0,1,0,1
CUST0164,33,Male,Single,Primary,Employed,45,Savings,1,35277,12,10,18,0,0.83,1,1,1,1,0
CUST1652,19,Female,Single,Primary,Employed,32,Savings,3,44026,8,6,11,1,0.79,2,0,1,0,0
CUST1607,32,Male,Single,Primary,Employed,94,Current,3,339247,10,10,11,0,0.93,2,1,0,1,1
CUST2081,32,Female,Married,Secondary,Employed,115,Savings,1,136952,15,8,10,0,0.75,1,1,0,0,1
CUST1776,35,Female,Married,Primary,Employed,58,Savings,1,201792,15,8,8,0,0.67,1,1,0,0,1
CUST2024,46,Male,Single,Primary,Employed,77,Savings,3,25453,17,11,12,0,0.85,0,1,0,0,1
CUST0269,25,Male,Married,Secondary,Employed,60,Current,1,248654,19,3,9,0,0.59,0,1,0,1,1
CUST2147,19,Female,Married,University,Employed,161,Savings,3,225514,8,11,14,0,0.79,2,1,1,0,0
CUST0032,43,Female,Married,University,Unemployed,176,Savings,4,463170,21,6,9,0,0.5,0,1,0,0,0
CUST0772,35,Male,Married,University,Employed,167,Current,1,1735,16,4,11,0,0.77,2,1,0,0,0
CUST0729,39,Male,Married,University,Self-employed,156,Savings,4,386910,14,6,8,0,0.68,0,1,0,0,0
CUST0240,22,Female,Married,University,Self-employed,9,Fixed Deposit,1,159182,11,8,7,0,0.98,1,0,1,0,0
CUST2011,28,Female,Married,Primary,Unemployed,149,Savings,4,302297,15,6,7,0,0.91,0,0,1,1,0
CUST1331,33,Female,Married,Primary,Employed,109,Current,1,278192,13,6,7,0,0.61,1,1,0,0,0
CUST1356,56,Female,Married,Primary,Self-employed,175,Savings,4,4331,18,13,14,0,0.57,2,1,0,1,0
CUST1278,52,Male,Single,Secondary,Employed,115,Savings,2,28026,12,9,10,0,0.88,0,1,0,0,1
CUST0368,35,Male,Single,Secondary,Employed,175,Current,1,12649,11,6,13,1,0.6,2,1,0,0,0
CUST0372,46,Female,Married,Secondary,Employed,33,Savings,1,397650,9,9,12,0,0.76,1,1,0,0,0
CUST2533,29,Female,Single,Primary,Self-employed,174,Current,2,89285,11,8,6,0,0.51,0,1,0,0,0
CUST1794,31,Male,Single,Primary,Employed,102,Savings,1,554987,11,8,11,0,0.77,2,1,0,0,1
CUST1863,34,Female,Single,Secondary,Self-employed,67,Savings,2,52267,16,14,5,0,0.93,0,0,1,0,0
CUST1344,21,Female,Divorced,University,Employed,157,Savings,3,395772,19,5,11,0,0.8,0,1,0,0,0
CUST0543,35,Male,Married,University,Self-employed,99,Savings,4,80713,14,5,17,0,0.65,0,0,0,1,0
CUST1083,37,Male,Married,Secondary,Self-employed,81,Savings,2,39993,10,7,4,1,0.72,2,0,0,0,1
CUST0686,24,Female,Single,Secondary,Employed,115,Current,3,290747,14,11,15,1,0.78,0,1,1,0,1
CUST0761,20,Female,Married,Primary,Employed,166,Savings,2,49888,12,6,5,0,0.61,0,0,1,0,0
CUST1168,65,Male,Single,Secondary,Employed,34,Savings,2,108628,17,6,7,0,0.7,2,1,0,1,0
CUST0222,30,Female,Single,Secondary,Unemployed,49,Current,1,46220,19,4,8,1,0.88,0,0,0,0,0
CUST0295,40,Female,Single,Primary,Employed,91,Savings,1,162094,12,11,10,0,0.6,0,1,0,0,0
CUST0636,30,Female,Married,None,Employed,26,Savings,3,215754,11,10,9,0,0.94,2,0,0,0,1
CUST0612,50,Male,Single,Primary,Employed,116,Fixed Deposit,2,26114,18,9,8,0,0.85,1,1,0,1,0
CUST0586,31,Female,Divorced,None,Employed,51,Savings,3,138697,12,5,19,0,0.89,1,0,0,0,0
CUST2553,40,Female,Single,Secondary,Employed,174,Savings,1,228073,15,7,6,0,0.67,1,0,1,0,0
CUST0733,42,Male,Married,University,Self-employed,68,Savings,3,76716,13,6,13,0,0.78,1,1,1,0,1
CUST1636,30,Male,Married,Secondary,Self-employed,86,Savings,1,283255,19,9,9,0,0.53,1,0,0,1,0
CUST2344,29,Female,Single,None,Employed,40,Savings,2,40457,12,13,5,0,0.82,1,1,1,0,1
CUST0331,46,Male,Single,Primary,Self-employed,5,Savings,2,219940,20,7,12,0,0.95,1,1,0,1,0
CUST1164,48,Male,Single,University,Self-employed,59,Savings,2,866872,10,10,13,0,0.75,0,0,1,0,0
CUST2359,37,Female,Single,Primary,Employed,7,Savings,1,100392,12,7,9,1,0.9,2,0,0,0,1
CUST1565,22,Female,Married,Secondary,Self-employed,157,Current,3,72752,22,4,14,0,0.78,0,1,0,0,0
CUST2817,43,Male,Married,Primary,Employed,120,Fixed Deposit,3,110425,14,7,16,0,0.6,1,1,0,0,0
CUST1219,28,Male,Married,Primary,Employed,127,Savings,2,169925,15,9,7,0,0.88,2,0,0,0,0
CUST2808,33,Female,Married,Secondary,Self-employed,28,Savings,1,305709,12,16,16,0,0.78,0,0,0,0,0
CUST2780,49,Male,Single,Secondary,Employed,176,Savings,1,266222,18,10,14,2,0.89,3,1,1,0,0
CUST1026,19,Female,Married,University,Self-employed,143,Savings,4,102986,20,7,16,0,0.66,0,1,1,0,0
CUST1736,42,Male,Married,Primary,Employed,173,Savings,1,315483,13,8,11,0,0.9,0,1,0,0,0
CUST0735,38,Male,Married,Secondary,Unemployed,51,Savings,2,239549,16,7,5,0,0.6,0,1,1,0,0
CUST2018,38,Male,Married,Primary,Employed,55,Savings,2,10397,13,7,11,0,0.71,1,1,1,1,0
CUST1716,38,Male,Married,University,Self-employed,161,Current,3,858962,12,7,8,1,0.75,1,1,1,0,0
CUST1841,32,Male,Married,University,Employed,40,Fixed Deposit,1,15330,16,7,9,0,0.67,2,0,1,0,0
CUST2724,37,Male,Single,University,Employed,107,Savings,1,263990,17,8,11,0,0.78,0,0,1,0,1
CUST1272,32,Male,Married,Primary,Employed,144,Fixed Deposit,3,529724,21,5,7,1,0.7,1,1,0,0,0
CUST0583,37,Male,Single,None,Employed,14,Savings,1,56995,17,9,6,0,0.62,4,0,1,0,0
CUST2138,29,Female,Married,Primary,Self-employed,73,Savings,4,80389,15,12,11,0,0.69,1,0,1,1,1
CUST1725,38,Male,Single,Secondary,Employed,128,Current,1,15586,14,7,13,0,0.56,0,1,0,0,0
CUST0506,50,Female,Single,Secondary,Unemployed,165,Savings,2,225402,9,5,9,0,0.9,2,0,0,1,1
CUST1714,26,Female,Married,University,Employed,97,Savings,4,264092,14,9,10,0,0.91,0,0,1,0,0
CUST2933,30,Female,Married,University,Employed,68,Savings,2,69335,9,10,12,0,0.8,0,1,0,0,0
CUST2290,29,Female,Married,Secondary,Employed,72,Savings,2,89038,18,6,9,0,0.6,2,0,0,0,0
CUST0272,47,Female,Married,Secondary,Self-employed,170,Savings,3,327982,23,10,11,0,0.51,0,1,0,0,0
CUST0408,32,Female,Married,Secondary,Self-employed,137,Savings,4,164912,16,6,7,0,0.75,1,0,0,0,0
CUST1921,45,Female,Single,Secondary,Unemployed,38,Savings,1,139556,17,4,7,1,0.96,0,1,1,0,0
CUST2438,34,Male,Single,Primary,Employed,85,Savings,1,139281,19,8,11,0,0.88,0,1,0,0,0
CUST0707,29,Female,Married,Secondary,Unemployed,175,Fixed Deposit,1,433425,16,12,10,0,0.81,0,0,1,0,0
CUST1862,43,Female,Married,Secondary,Employed,109,Savings,1,19399,17,8,6,0,0.57,0,1,1,0,0
CUST0123,29,Female,Married,Secondary,Self-employed,90,Savings,3,95901,20,10,8,1,0.8,1,1,0,1,0
CUST1680,30,Female,Divorced,University,Self-employed,143,Current,1,222295,9,12,13,1,0.59,2,1,0,0,0
CUST2082,30,Male,Single,University,Self-employed,53,Savings,1,44719,15,4,8,1,0.74,0,1,0,0,1
CUST1083,45,Female,Single,Secondary,Self-employed,161,Fixed Deposit,2,44900,12,10,14,0,0.81,0,1,0,0,1
CUST1734,56,Male,Married,Primary,Employed,58,Savings,4,266915,12,7,7,0,0.96,0,1,0,1,1
CUST1815,22,Female,Single,Primary,Unemployed,69,Fixed Deposit,2,64178,18,2,12,0,0.62,0,1,0,1,1
CUST2177,26,Female,Single,Secondary,Self-employed,157,Savings,2,181594,16,5,8,0,0.62,1,0,0,1,0
CUST2774,25,Male,Single,Primary,Employed,40,Savings,2,145342,14,7,8,0,0.52,2,1,1,1,0
CUST1604,22,Female,Married,Secondary,Employed,143,Current,4,199894,19,7,11,0,0.99,1,1,1,0,0
CUST1947,37,Female,Single,None,Employed,2,Savings,2,218624,11,4,6,2,0.57,0,0,0,1,1
CUST1579,36,Male,Married,Secondary,Employed,2,Savings,2,250409,11,3,7,0,0.88,2,1,0,1,1
CUST2031,31,Male,Single,Primary,Unemployed,24,Current,3,500,21,8,11,0,0.59,1,0,0,0,1
CUST2910,30,Female,Married,Secondary,Employed,59,Savings,1,40417,11,4,14,0,0.84,2,1,0,0,1
CUST2590,41,Female,Married,Primary,Unemployed,104,Savings,3,251372,13,8,10,1,0.73,2,0,0,0,0
CUST0916,18,Female,Married,Primary,Employed,105,Savings,3,108837,12,7,4,0,0.55,0,1,1,0,1
CUST2368,48,Male,Married,Secondary,Self-employed,116,Savings,2,1598,18,2,12,1,0.92,2,0,1,0,1
CUST0842,36,Female,Married,University,Self-employed,28,Savings,2,86877,18,11,9,1,0.87,1,1,0,0,0
CUST1516,44,Female,Single,University,Employed,86,Current,4,95289,18,4,15,0,0.62,0,0,1,0,0
CUST1721,34,Female,Single,None,Self-employed,157,Current,1,41403,18,7,12,1,0.82,2,1,0,0,0
CUST2894,35,Female,Single,Secondary,Employed,165,Savings,2,51797,9,8,7,0,0.57,2,0,1,1,0
CUST1345,32,Male,Married,Secondary,Employed,57,Fixed Deposit,2,118351,15,8,10,0,0.98,2,1,1,0,0
CUST1447,29,Female,Single,Secondary,Unemployed,101,Savings,2,187120,15,6,9,1,0.63,1,1,0,0,0
CUST1675,45,Female,Married,Primary,Employed,16,Savings,3,69154,17,3,9,1,0.82,1,1,0,0,0
CUST1014,36,Female,Married,Secondary,Employed,70,Current,1,54232,16,4,11,1,0.88,1,0,0,0,0
CUST2471,23,Female,Single,None,Self-employed,149,Savings,1,47166,17,6,10,1,0.81,0,1,0,0,0
CUST1309,39,Female,Married,Primary,Employed,150,Current,3,67519,11,8,7,0,0.52,1,1,1,0,0
CUST2990,26,Male,Single,Primary,Self-employed,98,Current,2,90081,7,10,8,1,0.82,0,1,0,0,1
CUST1243,18,Female,Married,Primary,Employed,137,Current,1,29922,15,7,14,0,0.62,0,1,0,0,1
CUST0754,34,Male,Single,Secondary,Unemployed,133,Current,1,9919,21,4,7,0,0.67,1,1,0,1,0
CUST0069,34,Female,Single,University,Employed,128,Savings,4,16827,18,7,16,1,0.73,2,1,0,0,0
CUST2262,40,Female,Married,Secondary,Self-employed,72,Current,2,149227,6,4,10,0,0.67,0,0,1,0,1
CUST1198,49,Male,Single,Secondary,Employed,150,Savings,1,286720,17,6,9,0,0.66,1,1,1,0,0
CUST0812,44,Female,Single,Primary,Unemployed,94,Savings,2,98711,10,11,14,0,0.56,0,1,0,0,1
CUST2600,27,Female,Married,Primary,Employed,73,Savings,2,79368,17,6,8,0,0.97,2,0,1,0,0
CUST1184,41,Male,Married,Secondary,Self-employed,55,Current,3,490369,7,6,9,0,0.51,0,1,0,0,0
CUST0583,36,Male,Divorced,University,Employed,166,Savings,2,18271,13,6,4,1,0.58,2,1,1,0,0
CUST2262,40,Male,Divorced,None,Employed,147,Fixed Deposit,2,53034,22,6,6,1,0.78,1,1,1,0,1
CUST1380,31,Male,Married,Primary,Self-employed,60,Savings,1,68552,9,12,11,0,0.62,0,1,0,0,1
CUST2049,28,Female,Divorced,University,Self-employed,1,Current,3,186936,23,8,6,0,0.71,2,1,0,0,1
CUST2789,45,Male,Single,Primary,Self-employed,83,Current,1,144914,19,5,7,0,0.83,0,1,0,0,0
CUST1803,36,Male,Married,University,Self-employed,56,Current,2,169398,17,9,11,0,0.82,0,1,1,0,0
CUST1192,42,Male,Divorced,Secondary,Employed,138,Current,1,179860,12,12,12,0,0.99,0,0,0,1,0
CUST1072,29,Male,Married,University,Unemployed,52,Fixed Deposit,1,62134,12,11,8,0,0.8,1,0,0,0,0
CUST1933,18,Female,Married,University,Employed,10,Current,3,123067,12,7,14,1,0.65,1,0,1,0,0
CUST1553,30,Female,Single,University,Unemployed,70,Savings,2,55863,16,8,18,0,0.71,1,1,1,0,0
CUST1902,36,Male,Married,Secondary,Employed,147,Savings,1,379103,13,11,9,0,0.51,1,1,0,0,0
CUST2187,55,Female,Married,Secondary,Self-employed,49,Savings,3,237374,14,8,7,0,0.73,0,0,0,0,1
CUST0241,35,Male,Divorced,Primary,Employed,32,Fixed Deposit,4,287619,20,8,9,0,0.99,0,1,1,0,0
CUST1738,18,Male,Married,University,Self-employed,13,Savings,3,149138,16,8,9,0,0.95,0,1,0,0,0
CUST1842,30,Male,Married,University,Self-employed,169,Savings,1,7024,19,12,4,0,0.82,2,1,0,1,0
CUST1166,25,Male,Married,Secondary,Employed,36,Current,4,30108,17,6,13,0,0.54,1,1,0,0,0
CUST0224,40,Female,Married,Primary,Self-employed,112,Current,1,15335,16,6,6,0,0.97,0,1,1,0,0
CUST0256,32,Male,Divorced,Secondary,Employed,52,Current,1,42287,13,12,16,0,0.89,0,1,0,0,0
CUST0132,41,Male,Single,Secondary,Employed,47,Savings,1,122028,18,7,8,1,0.65,0,1,0,0,0
CUST0315,44,Female,Divorced,Primary,Employed,111,Savings,2,78501,11,10,12,0,0.97,3,1,0,0,0
CUST0636,26,Female,Married,Primary,Self-employed,142,Savings,2,140225,16,7,8,1,0.59,2,1,0,0,0
CUST2091,46,Female,Married,University,Self-employed,13,Current,3,181509,11,7,9,0,0.9,0,1,0,1,0
CUST2075,28,Female,Married,None,Employed,68,Current,2,16082,17,8,12,0,0.88,0,1,0,0,0
CUST1252,33,Female,Married,Secondary,Employed,2,Savings,1,40535,10,8,11,0,0.52,1,0,0,0,0
CUST0745,31,Female,Married,University,Self-employed,88,Current,3,198894,14,7,12,1,0.68,0,1,0,0,0
CUST2866,18,Female,Married,Secondary,Employed,65,Savings,1,18678,12,11,10,1,0.79,0,1,0,0,0
CUST1265,31,Female,Married,Secondary,Unemployed,126,Current,1,72882,18,10,7,1,0.66,0,1,1,0,0
CUST1868,18,Female,Single,Secondary,Employed,21,Current,3,477436,12,6,13,1,0.69,0,1,0,1,0
CUST1289,20,Male,Married,Primary,Self-employed,60,Current,1,1106,15,9,14,0,0.86,2,0,0,0,1
CUST1424,37,Male,Married,Primary,Employed,39,Current,3,45259,14,9,12,0,0.9,0,1,0,0,1
CUST2686,38,Male,Single,None,Employed,98,Savings,1,40306,11,11,9,0,0.52,1,1,1,1,0
CUST0796,42,Female,Single,University,Self-employed,21,Savings,4,729955,13,6,9,1,0.79,0,0,0,0,1
CUST2428,28,Male,Married,Primary,Unemployed,129,Savings,1,431219,15,10,15,1,0.6,0,1,0,0,0
CUST2125,40,Female,Married,Primary,Employed,94,Savings,2,292693,24,9,9,1,0.69,0,1,0,0,1
CUST0967,46,Female,Married,Primary,Unemployed,9,Savings,1,34284,20,8,4,0,0.68,4,0,0,0,1
CUST2519,30,Female,Single,Primary,Employed,106,Current,3,269701,16,9,12,0,0.5,1,1,0,0,0
CUST1548,41,Male,Married,University,Employed,121,Current,3,25957,15,18,4,0,0.99,3,1,0,0,1
CUST2392,18,Female,Single,Secondary,Employed,149,Savings,1,185858,5,7,11,0,0.57,0,0,0,0,0
CUST1812,31,Female,Married,Primary,Employed,139,Savings,1,139352,7,13,13,0,0.97,0,0,0,0,0
CUST2753,35,Female,Single,Secondary,Self-employed,89,Current,1,5739,17,10,6,1,0.7,1,1,0,1,1
CUST1785,40,Male,Married,Primary,Employed,14,Savings,3,31092,19,9,10,1,0.93,0,1,0,1,0
CUST1716,26,Female,Single,None,Employed,153,Fixed Deposit,4,100067,17,11,12,0,0.97,3,1,1,0,0
CUST0912,32,Female,Divorced,Primary,Employed,48,Current,1,9147,19,15,6,1,0.79,0,0,1,1,0
CUST2851,36,Male,Married,Secondary,Employed,16,Savings,1,122259,16,5,6,0,0.93,0,0,0,0,0
CUST0783,44,Male,Married,Secondary,Unemployed,103,Savings,3,103735,15,9,7,0,0.99,1,1,0,0,0
CUST1753,43,Male,Married,Secondary,Employed,164,Savings,2,57425,15,10,7,0,0.96,1,1,0,0,0
CUST2813,33,Male,Single,Primary,Self-employed,155,Current,2,86389,17,12,12,1,0.65,3,1,0,0,0
CUST1553,38,Male,Single,Secondary,Employed,137,Savings,3,392942,11,7,19,1,0.82,1,1,0,0,0
CUST0926,38,Female,Divorced,None,Self-employed,137,Savings,1,43886,14,10,9,1,0.95,0,1,0,0,1
CUST0362,27,Female,Single,Secondary,Self-employed,138,Savings,1,33445,14,11,16,0,0.93,0,0,0,0,0
CUST0525,59,Male,Married,Secondary,Employed,176,Savings,2,37171,17,11,10,0,0.9,1,0,1,0,0
CUST1637,37,Female,Married,Secondary,Employed,173,Savings,1,7895,19,13,7,0,0.62,2,1,1,0,1
CUST2740,40,Male,Single,Secondary,Unemployed,174,Current,3,27002,16,11,12,0,0.6,1,1,0,0,0
CUST0287,22,Female,Single,University,Self-employed,139,Savings,2,179296,17,9,10,0,0.93,1,0,0,0,0
CUST1773,33,Female,Single,Primary,Self-employed,178,Savings,2,20696,7,3,11,0,0.57,0,0,0,0,0
CUST2691,33,Male,Single,Secondary,Self-employed,3,Current,3,193186,18,8,16,0,0.51,0,0,1,0,0
CUST0109,43,Male,Married,Secondary,Employed,161,Current,3,14589,23,3,15,0,0.66,1,0,0,0,0
CUST0845,40,Male,Single,Secondary,Employed,150,Savings,1,255382,16,12,12,0,0.94,0,1,0,1,0
CUST0719,33,Male,Married,Secondary,Self-employed,140,Savings,1,366295,11,7,9,0,0.68,0,1,1,0,0
CUST1286,40,Female,Single,University,Employed,117,Savings,1,233420,21,8,18,0,0.89,1,1,0,0,1
CUST0193,39,Female,Married,Secondary,Employed,142,Savings,2,18744,20,4,15,0,0.97,1,0,0,1,1
CUST2122,45,Female,Single,Primary,Self-employed,152,Savings,3,128372,9,9,10,0,0.93,1,1,0,0,1
CUST2930,46,Female,Single,Primary,Employed,3,Current,3,44440,13,4,11,0,0.95,0,1,1,0,0
CUST2091,40,Male,Married,Primary,Employed,110,Savings,3,238972,16,7,10,0,0.52,2,0,0,0,0
CUST1556,23,Male,Married,Primary,Employed,84,Savings,3,63996,21,5,7,0,0.62,0,1,0,0,1
CUST1490,32,Male,Single,Primary,Employed,100,Savings,1,94161,11,5,13,1,0.67,0,1,0,0,0
CUST1167,31,Female,Divorced,University,Employed,98,Savings,2,257481,13,11,9,0,0.91,0,0,0,0,0
CUST0474,50,Female,Married,University,Employed,71,Current,1,23198,14,7,8,0,0.72,1,0,1,0,0
CUST0551,33,Male,Married,Secondary,Self-employed,23,Savings,1,208218,16,15,14,0,0.58,2,1,0,1,0
CUST2435,28,Male,Single,Secondary,Self-employed,176,Current,3,20126,20,8,12,1,0.96,0,1,1,0,1
CUST1880,55,Female,Single,Primary,Self-employed,45,Savings,3,32549,16,7,8,0,0.55,1,0,1,0,1
CUST1853,51,Male,Married,Secondary,Employed,11,Savings,2,33206,18,7,8,0,0.71,1,0,0,0,0
CUST1299,34,Male,Married,None,Employed,135,Savings,2,625762,17,5,6,0,0.62,1,1,0,0,0
CUST1445,40,Male,Married,Secondary,Employed,112,Savings,4,135335,22,8,8,0,0.8,1,1,1,0,0
CUST0822,24,Male,Married,Secondary,Employed,152,Savings,2,30379,15,6,6,0,0.56,3,1,0,0,0
CUST0263,41,Male,Single,University,Unemployed,15,Savings,1,123200,19,5,12,0,0.61,1,1,1,0,0
CUST2268,29,Male,Single,Primary,Employed,122,Current,1,7741,15,6,15,1,0.85,1,1,0,0,0
CUST2053,34,Female,Married,Secondary,Employed,160,Current,3,232512,16,5,8,0,0.68,2,0,0,0,0
CUST0152,27,Male,Married,Secondary,Employed,71,Savings,2,363425,11,9,8,0,0.68,0,1,0,0,0
CUST2744,18,Female,Married,Primary,Employed,56,Current,1,355295,14,11,7,0,0.84,1,0,0,0,0
CUST2730,21,Female,Single,University,Employed,48,Current,1,136628,12,8,12,0,0.71,0,1,0,1,1
CUST0116,43,Male,Married,University,Employed,100,Savings,1,8847,12,7,12,0,0.58,0,0,0,0,1
CUST0804,22,Female,Divorced,Secondary,Employed,2,Savings,1,99694,14,7,14,1,0.97,0,1,0,1,0
CUST0027,29,Male,Married,Secondary,Self-employed,50,Current,4,92117,5,8,7,0,0.51,3,1,0,0,0
CUST2239,25,Male,Single,None,Employed,37,Savings,3,5512,14,6,6,0,0.95,3,1,0,0,0
CUST1300,34,Male,Married,None,Unemployed,145,Savings,2,129457,17,6,6,2,0.89,0,1,0,0,0
CUST1417,41,Female,Single,Secondary,Self-employed,146,Savings,3,64101,21,8,9,1,0.84,0,1,1,0,0
CUST2117,32,Female,Single,Primary,Self-employed,72,Savings,3,344301,15,8,11,0,0.68,3,1,0,0,1
CUST2741,25,Female,Married,University,Employed,65,Savings,2,128177,15,8,8,1,0.88,4,1,0,0,0
CUST2081,41,Male,Married,Primary,Employed,137,Current,1,105576,10,8,11,0,0.59,0,1,0,1,0
CUST2100,36,Male,Married,None,Self-employed,99,Current,2,34913,11,13,9,0,0.56,0,1,0,1,0
CUST0875,49,Female,Married,Primary,Employed,27,Savings,1,45982,10,7,7,0,0.63,1,1,0,1,1
CUST0513,34,Female,Married,Primary,Employed,48,Fixed Deposit,1,182854,19,5,5,0,0.82,2,1,0,0,0
CUST1133,45,Male,Single,Secondary,Employed,66,Savings,2,292511,11,8,9,1,0.61,2,1,0,0,1
CUST0882,31,Female,Single,Secondary,Employed,169,Savings,2,52449,13,6,11,1,0.99,0,1,0,0,0
CUST2596,44,Male,Divorced,Secondary,Self-employed,137,Current,2,44512,20,8,11,0,0.99,2,1,0,1,1
CUST2810,36,Male,Single,Secondary,Self-employed,170,Current,1,9898,16,10,10,1,0.58,0,0,1,0,1
CUST2752,30,Female,Single,Secondary,Employed,35,Current,1,420357,12,1,14,0,0.51,0,0,0,0,1
CUST2722,36,Female,Married,Secondary,Unemployed,6,Savings,1,112881,20,5,8,1,0.76,1,0,0,0,1
CUST2448,37,Male,Married,Secondary,Employed,167,Savings,3,178256,15,6,8,0,0.62,1,1,0,0,0
CUST2108,52,Female,Married,Primary,Employed,140,Current,1,69390,11,5,10,0,0.73,3,1,0,0,0
CUST1448,45,Male,Married,Primary,Self-employed,49,Savings,1,41140,7,6,9,0,0.87,1,1,1,0,1
CUST1789,31,Male,Single,Primary,Self-employed,112,Current,2,15840,20,12,9,0,0.98,3,0,0,0,1
CUST0374,35,Female,Single,Secondary,Employed,108,Current,3,30848,12,6,8,0,0.75,1,0,0,0,0
CUST2674,43,Female,Married,Secondary,Employed,93,Current,2,128496,10,5,10,0,0.94,0,1,0,1,0
CUST0427,20,Female,Married,Secondary,Self-employed,157,Current,2,11752,16,10,12,0,0.77,3,0,1,0,1
CUST1169,37,Female,Divorced,None,Employed,99,Savings,1,208444,17,14,14,0,0.64,1,0,0,0,0
CUST1296,37,Male,Divorced,Secondary,Unemployed,79,Savings,1,209642,17,6,9,0,0.62,1,1,0,0,0
CUST0264,47,Female,Married,Secondary,Self-employed,145,Fixed Deposit,1,363601,20,10,5,0,0.72,1,1,0,0,0
CUST2245,41,Female,Married,Secondary,Unemployed,153,Savings,2,207287,13,8,9,0,0.84,2,1,1,1,0
CUST2828,43,Male,Single,Secondary,Employed,12,Current,1,36719,12,9,12,0,0.56,3,1,1,0,1
CUST1723,39,Male,Married,Primary,Self-employed,5,Current,2,5873,18,10,10,0,0.65,1,1,0,0,1
CUST1631,44,Female,Single,Primary,Employed,23,Current,1,22670,15,9,11,2,0.58,3,1,0,0,0
CUST2287,60,Male,Married,Secondary,Self-employed,29,Current,2,85470,8,4,13,0,0.77,0,0,0,1,1
CUST1431,36,Male,Married,Primary,Unemployed,130,Savings,4,652490,6,8,12,1,0.72,2,1,0,0,0
CUST0527,44,Male,Married,Secondary,Self-employed,54,Savings,4,49227,12,7,13,0,0.75,2,1,1,1,1
CUST2981,47,Male,Married,University,Employed,41,Savings,4,58523,13,9,13,0,0.8,1,1,0,0,1
CUST0297,22,Male,Married,Primary,Employed,22,Savings,2,116072,14,1,5,0,0.68,1,1,1,1,1
CUST1999,34,Male,Married,None,Employed,120,Savings,3,71178,11,11,5,1,0.79,0,1,1,0,0
CUST2407,31,Female,Single,Primary,Employed,43,Fixed Deposit,2,178808,18,9,9,0,0.5,0,1,0,0,0
CUST2008,27,Male,Single,Secondary,Employed,21,Savings,1,382613,19,11,10,0,0.79,1,1,0,0,1
CUST1353,27,Female,Married,Secondary,Employed,148,Savings,2,411246,15,8,12,0,0.76,0,0,0,0,1
CUST2507,29,Male,Married,University,Employed,83,Savings,1,129511,14,4,14,1,0.79,2,1,0,0,1
CUST0714,29,Male,Divorced,University,Employed,117,Savings,1,87838,15,15,9,0,0.61,0,0,1,0,0
CUST2865,44,Female,Single,University,Employed,32,Savings,3,204698,20,3,9,0,0.54,0,0,0,0,0
CUST0234,42,Female,Divorced,University,Employed,100,Current,3,3570,20,9,8,1,0.84,2,1,0,0,0
CUST2855,34,Male,Married,Primary,Employed,23,Current,4,499672,22,2,16,0,0.71,0,1,0,1,1
CUST2449,35,Male,Married,University,Self-employed,134,Savings,1,20199,10,4,13,0,0.6,1,1,1,1,0
CUST2981,54,Male,Married,University,Employed,1,Current,4,6114,17,8,13,0,0.86,0,0,0,0,0
CUST0675,22,Female,Single,Secondary,Unemployed,126,Current,3,3909,9,5,13,0,0.9,2,1,0,0,0
CUST1106,37,Male,Single,Primary,Self-employed,159,Fixed Deposit,1,124934,20,6,9,0,0.91,1,1,0,0,0
CUST0701,42,Male,Single,Primary,Employed,171,Current,2,2745,11,9,12,0,0.58,1,0,0,0,0
CUST1069,38,Male,Married,University,Self-employed,179,Current,3,40386,20,5,11,0,0.69,1,1,0,1,0
CUST0671,31,Female,Married,University,Employed,123,Savings,2,2325,10,6,7,0,0.52,0,1,0,1,0
CUST2435,40,Female,Married,Primary,Employed,33,Current,2,90746,20,13,14,0,0.99,0,1,1,0,1
CUST1049,33,Male,Single,Secondary,Self-employed,39,Savings,2,33427,15,6,6,1,0.66,1,1,1,0,0
CUST1227,29,Male,Single,Primary,Employed,137,Fixed Deposit,1,47302,17,6,12,0,0.56,4,1,1,0,1
CUST2026,35,Female,Married,None,Employed,142,Savings,3,192956,19,6,6,0,0.6,0,1,1,0,0
CUST1913,37,Male,Married,Secondary,Employed,86,Fixed Deposit,1,59204,12,9,7,0,0.69,0,1,0,0,1
CUST2745,35,Female,Married,Secondary,Self-employed,152,Savings,3,8943,13,8,10,0,0.74,0,1,0,0,0
CUST1780,47,Female,Single,University,Employed,106,Savings,1,247714,13,13,15,0,0.5,4,1,0,0,0
CUST2683,44,Male,Single,Secondary,Employed,46,Savings,1,39295,23,9,9,0,0.77,2,1,1,0,0
CUST0890,43,Female,Married,Primary,Employed,171,Savings,1,52301,21,9,15,1,0.95,1,1,0,0,0
CUST1763,28,Female,Single,Secondary,Self-employed,143,Savings,3,392955,15,7,11,0,0.87,1,1,1,0,0
CUST1444,44,Male,Married,Secondary,Self-employed,153,Fixed Deposit,1,323067,8,11,16,0,0.77,0,0,1,0,0
CUST1802,36,Female,Divorced,University,Self-employed,154,Savings,2,2475,11,13,13,0,0.81,1,0,1,0,0
CUST1598,43,Male,Single,Secondary,Unemployed,3,Savings,2,121105,12,7,10,1,0.63,2,1,0,0,1
CUST0913,39,Female,Single,Secondary,Self-employed,130,Savings,2,51690,15,4,8,0,0.83,0,1,0,0,0
CUST0462,31,Female,Single,Secondary,Employed,85,Savings,1,12024,11,9,10,0,0.87,0,0,0,0,1
CUST0643,37,Female,Divorced,University,Self-employed,9,Current,3,178639,12,5,11,0,0.85,3,1,1,1,0
CUST0180,30,Male,Married,Secondary,Unemployed,108,Savings,1,576341,17,14,10,0,0.76,0,1,0,0,0
CUST0846,32,Female,Married,Primary,Employed,50,Savings,1,90635,18,8,18,0,0.79,1,1,0,0,0
CUST0113,52,Male,Married,Secondary,Employed,116,Savings,4,557072,15,8,7,0,0.98,0,0,1,0,0
CUST1381,49,Male,Divorced,None,Employed,71,Current,1,32630,20,11,11,0,0.67,0,1,0,0,1
CUST2078,31,Female,Married,None,Employed,63,Savings,2,241772,12,13,16,0,0.59,3,0,0,0,1
CUST2339,30,Male,Single,Primary,Unemployed,139,Current,2,126990,9,7,11,0,0.64,1,1,0,0,0
CUST0206,47,Female,Married,Secondary,Self-employed,134,Current,1,28105,17,6,11,0,0.87,4,0,0,0,0
CUST1553,35,Female,Married,Secondary,Employed,24,Savings,1,103072,19,9,10,0,0.94,2,1,1,0,0
CUST0779,38,Male,Married,University,Employed,143,Savings,1,39564,13,7,7,0,0.92,1,1,0,1,0
CUST1537,34,Male,Single,Primary,Employed,52,Current,1,770567,23,12,10,0,0.64,0,1,1,1,0
CUST0841,47,Female,Married,University,Employed,118,Savings,2,102834,9,9,11,0,0.68,2,0,0,1,0
CUST2107,38,Female,Married,Primary,Employed,71,Savings,1,38716,9,11,5,0,0.61,2,1,0,0,1
CUST2499,33,Female,Married,Primary,Self-employed,137,Savings,3,349554,25,9,14,0,0.76,1,0,0,0,1
CUST0436,44,Male,Married,Secondary,Employed,13,Savings,1,225207,11,11,11,1,0.79,1,1,0,0,0
CUST0428,44,Female,Married,Secondary,Employed,55,Current,1,43751,12,8,10,0,0.99,2,1,0,0,0
CUST1430,40,Female,Single,University,Employed,134,Savings,2,3956,21,4,6,0,0.58,0,1,0,0,0
CUST1961,50,Male,Married,University,Employed,70,Savings,1,104262,11,6,11,0,0.77,1,1,0,0,0
CUST0862,31,Male,Married,Secondary,Unemployed,174,Savings,1,6684,22,8,8,1,0.94,1,1,0,1,0
CUST2633,33,Female,Single,University,Self-employed,162,Savings,2,88512,14,8,6,0,0.52,1,1,0,0,0
CUST2063,31,Female,Single,Secondary,Employed,20,Savings,2,727478,15,6,13,0,0.73,2,1,1,0,0
CUST1416,44,Male,Single,None,Employed,177,Savings,4,104047,17,13,7,0,0.92,0,1,1,0,0
CUST2864,35,Male,Married,Primary,Unemployed,29,Fixed Deposit,4,2898,16,5,13,0,0.83,0,0,0,0,0
CUST2650,33,Female,Married,University,Employed,125,Savings,2,178759,19,6,11,0,0.5,3,0,0,0,0
CUST1899,18,Male,Single,Secondary,Employed,151,Current,1,53555,19,10,9,0,0.81,0,1,0,0,0
CUST0239,36,Female,Married,Secondary,Employed,149,Savings,1,37151,14,4,6,1,0.91,0,1,0,1,0
CUST1255,33,Female,Divorced,University,Self-employed,146,Current,1,47240,11,6,11,0,0.98,1,1,0,0,1
CUST0318,63,Female,Married,Secondary,Employed,137,Current,4,446607,9,9,15,0,0.9,1,1,1,0,0
CUST2710,24,Female,Single,Primary,Employed,7,Current,2,388361,19,7,10,0,0.69,1,1,0,1,1
CUST0151,43,Male,Single,Primary,Self-employed,59,Current,3,60437,19,6,16,0,0.66,0,0,0,0,0
CUST0799,41,Male,Single,Secondary,Employed,161,Current,1,500,17,9,3,1,0.57,1,1,0,0,1
CUST0496,35,Male,Single,Secondary,Employed,93,Current,1,500,13,11,17,0,0.52,0,1,0,0,0
CUST2842,39,Female,Married,University,Self-employed,26,Savings,1,11551,14,9,14,0,0.74,0,1,0,1,1
CUST2033,44,Female,Single,University,Unemployed,149,Savings,3,64217,15,8,8,2,0.99,1,1,1,0,0
CUST1114,33,Female,Single,Primary,Unemployed,97,Current,4,68439,15,8,15,0,0.66,0,1,0,0,0
CUST0936,29,Female,Single,None,Employed,166,Savings,2,239390,18,6,11,0,0.78,0,1,0,1,0
CUST2051,29,Female,Married,Primary,Employed,167,Current,2,284381,10,10,4,0,0.93,0,1,1,1,0
CUST1684,18,Male,Married,Secondary,Employed,9,Current,1,228363,16,14,5,0,0.93,0,1,0,1,1
CUST0144,33,Male,Married,University,Employed,151,Current,1,36430,26,6,8,0,0.53,0,1,1,1,1
CUST1627,35,Female,Single,Primary,Self-employed,96,Savings,1,63105,19,5,6,0,0.59,1,0,1,0,0
CUST1744,49,Male,Married,Secondary,Employed,52,Current,1,78805,17,12,9,0,0.8,0,0,0,0,1
CUST2403,40,Female,Married,University,Self-employed,58,Current,3,87539,16,10,10,0,0.88,0,1,0,0,0
CUST1114,44,Female,Single,Secondary,Self-employed,134,Current,3,352062,15,8,12,1,0.72,0,1,0,0,0
CUST1873,24,Male,Divorced,Primary,Employed,28,Savings,1,177643,20,9,9,1,0.6,2,1,0,0,0
CUST0415,40,Female,Married,University,Employed,137,Savings,1,353892,19,7,14,0,0.62,0,1,0,1,0
CUST2065,27,Male,Married,None,Employed,118,Savings,1,44756,17,8,12,0,0.91,1,1,0,0,0
CUST0578,38,Male,Single,Secondary,Employed,52,Savings,4,32853,23,8,6,0,0.84,1,1,0,0,0
CUST0782,52,Male,Married,University,Self-employed,12,Current,2,174540,17,7,8,0,0.85,0,0,0,0,0
CUST1760,22,Male,Married,Secondary,Employed,158,Savings,1,7026,23,7,9,0,0.68,2,1,0,0,0
CUST1662,35,Male,Married,Primary,Employed,121,Savings,1,13066,20,7,11,0,0.91,1,0,1,0,1
CUST2089,34,Male,Married,Secondary,Unemployed,139,Savings,2,121337,17,6,10,0,0.84,1,1,1,0,1
CUST1048,41,Female,Married,None,Employed,55,Current,1,32599,12,7,13,0,0.8,1,1,0,0,0
CUST1151,55,Female,Married,Secondary,Employed,62,Fixed Deposit,1,120316,15,11,3,0,0.92,0,1,0,0,0
CUST0541,18,Male,Single,Primary,Self-employed,32,Savings,1,142714,11,7,12,0,0.73,1,1,0,0,1
CUST1301,47,Male,Married,University,Employed,156,Savings,4,56271,12,11,17,0,0.75,2,1,0,0,0
CUST1883,28,Male,Married,Primary,Employed,110,Savings,1,57221,13,8,10,0,0.69,3,0,1,0,0
CUST0754,36,Male,Married,Secondary,Employed,34,Current,3,63316,16,12,10,2,0.53,0,0,0,0,0
CUST2779,46,Female,Single,Secondary,Employed,92,Current,3,108219,14,10,8,0,0.95,2,1,0,0,0
CUST1162,50,Male,Single,Primary,Employed,169,Current,2,55213,16,12,10,0,0.82,1,0,0,1,0
CUST0948,50,Male,Married,University,Self-employed,167,Savings,2,27821,20,10,13,1,0.99,2,1,0,0,0
CUST2706,53,Female,Single,Secondary,Employed,125,Current,1,101907,16,7,3,0,0.78,0,1,0,0,0
CUST1122,18,Female,Married,University,Unemployed,178,Savings,4,186379,18,8,7,0,1,1,1,0,0,1
CUST0132,29,Female,Married,University,Employed,84,Current,2,89354,16,5,9,0,0.83,2,1,0,0,0
CUST2217,32,Female,Single,None,Employed,74,Savings,4,95609,19,9,11,0,0.77,0,0,0,0,1
CUST1860,41,Male,Married,Secondary,Self-employed,33,Current,2,80080,8,10,8,0,0.9,1,1,0,0,0
CUST1676,26,Male,Divorced,None,Employed,69,Savings,2,47500,23,8,6,0,0.77,1,1,0,1,1
CUST1821,30,Male,Single,Secondary,Employed,178,Current,2,335922,14,9,12,0,0.54,1,0,0,0,0
CUST1202,35,Female,Single,Secondary,Employed,173,Savings,3,66485,15,6,12,0,0.52,0,1,1,0,0
CUST0715,18,Female,Single,None,Employed,95,Savings,3,60263,17,3,14,0,0.68,1,0,1,1,0
CUST0634,39,Female,Married,Secondary,Employed,6,Current,2,17509,15,10,17,0,0.52,1,0,1,0,0
CUST2535,34,Male,Single,Secondary,Employed,57,Savings,1,463266,13,14,8,0,0.57,1,1,1,0,0
CUST2779,45,Male,Single,Secondary,Self-employed,136,Savings,2,39371,18,5,9,1,0.99,2,0,1,1,1
CUST2078,25,Male,Single,Primary,Employed,102,Current,1,3978,18,4,6,0,0.82,1,1,1,0,0
CUST2058,34,Female,Divorced,Secondary,Employed,15,Savings,3,84562,13,19,9,0,0.99,2,1,1,0,0
CUST0087,46,Female,Single,University,Self-employed,74,Current,2,103110,21,11,8,0,0.67,0,1,0,0,1
CUST0690,18,Female,Single,Secondary,Employed,37,Current,1,5954,27,11,12,1,0.7,2,0,1,1,1
CUST1286,43,Female,Married,Secondary,Employed,156,Savings,3,73083,23,7,12,0,0.88,1,1,0,0,0
CUST0721,34,Female,Single,University,Self-employed,33,Savings,1,151065,5,11,4,0,0.87,1,1,1,0,0
CUST2536,22,Male,Single,Primary,Self-employed,128,Savings,2,66870,9,8,4,0,0.85,0,1,0,0,1
CUST0896,28,Female,Divorced,Primary,Self-employed,41,Fixed Deposit,2,101447,19,6,4,1,0.8,1,1,0,0,0
CUST1447,26,Male,Married,None,Employed,140,Savings,2,108021,16,7,8,0,0.98,0,1,0,0,0
CUST2763,37,Male,Married,Secondary,Employed,58,Savings,3,43726,10,5,12,0,0.95,0,0,0,0,1
CUST0858,51,Female,Married,Secondary,Employed,117,Savings,1,4733,10,7,15,0,0.94,1,0,0,0,1
CUST0984,37,Male,Married,Primary,Employed,120,Current,2,270173,8,14,11,0,0.54,3,1,0,0,0
CUST1834,30,Male,Single,University,Self-employed,78,Fixed Deposit,1,210001,12,8,15,0,0.78,2,0,0,1,0
CUST0467,32,Female,Married,Secondary,Employed,53,Current,4,113581,11,8,12,0,0.66,3,1,0,0,1
CUST0303,40,Male,Single,University,Employed,18,Fixed Deposit,2,1337,11,6,11,0,0.54,5,1,1,0,1
CUST1162,36,Male,Single,Secondary,Self-employed,39,Current,1,25437,14,4,12,0,0.65,1,1,1,0,0
CUST1394,41,Female,Married,Secondary,Self-employed,126,Savings,1,119949,17,7,6,0,0.86,0,1,1,0,0
CUST0929,36,Male,Single,Primary,Employed,65,Current,1,67558,15,6,9,0,0.98,2,0,0,0,1
CUST2463,35,Female,Single,Primary,Unemployed,52,Fixed Deposit,4,697,16,11,15,0,0.84,0,1,1,0,0
CUST2710,23,Male,Divorced,Secondary,Unemployed,36,Current,3,352929,14,15,13,0,0.68,0,1,0,0,0
CUST2932,23,Male,Single,Secondary,Employed,95,Savings,3,275666,14,8,15,0,0.71,0,1,1,0,0
CUST0727,25,Male,Married,Primary,Self-employed,93,Savings,4,256604,16,7,11,0,0.61,1,0,1,0,1
CUST0669,35,Male,Married,Secondary,Employed,28,Fixed Deposit,1,182114,13,10,7,0,0.74,3,1,0,1,1
CUST1694,34,Female,Single,Primary,Employed,41,Current,1,454356,11,8,12,0,0.63,1,0,0,0,0
CUST1993,56,Female,Divorced,Secondary,Self-employed,112,Savings,2,271476,13,12,9,0,0.59,0,1,0,1,0
CUST0743,47,Female,Single,Primary,Self-employed,61,Savings,2,343241,18,5,8,0,0.95,0,1,0,0,0
CUST2946,47,Female,Single,Secondary,Employed,50,Current,3,81463,17,4,11,0,0.59,0,1,0,0,1
CUST1690,42,Female,Married,University,Self-employed,167,Current,1,146153,13,11,10,1,0.88,1,0,0,1,0
CUST0636,32,Female,Married,Secondary,Employed,166,Savings,2,70563,16,9,8,0,0.69,0,1,0,0,0
CUST1424,39,Male,Single,Secondary,Employed,19,Current,3,118763,18,9,6,0,0.93,0,1,0,0,1
CUST1837,34,Female,Single,Secondary,Self-employed,85,Savings,3,5679,21,5,9,0,0.7,0,1,0,0,0
CUST1275,26,Female,Married,Primary,Employed,50,Fixed Deposit,1,124131,13,11,9,0,0.99,1,0,0,0,0
CUST2417,38,Male,Single,Primary,Employed,149,Savings,1,206351,12,4,12,1,0.69,0,0,0,0,1
CUST1575,27,Female,Single,Primary,Employed,165,Savings,1,240751,8,13,9,0,0.75,0,1,0,1,0
CUST2358,59,Female,Divorced,Primary,Employed,61,Current,2,31385,19,6,6,0,0.86,0,1,1,1,0
CUST2765,32,Male,Married,Primary,Employed,172,Savings,2,42794,7,11,10,0,0.84,1,0,0,1,0
CUST1959,35,Female,Single,University,Self-employed,132,Savings,2,317058,9,6,8,1,0.71,1,0,0,1,0
CUST0760,23,Female,Single,Secondary,Self-employed,98,Savings,4,8542,21,5,11,0,0.72,1,1,0,0,0
CUST0894,22,Male,Married,Primary,Self-employed,131,Current,1,41567,8,8,10,0,0.64,0,1,0,0,0
CUST1699,42,Male,Divorced,Primary,Employed,55,Current,3,103171,12,10,17,0,0.53,2,1,1,1,0
CUST1073,40,Female,Married,Primary,Unemployed,156,Current,1,35810,19,5,8,0,0.66,1,1,1,0,0
CUST0472,48,Male,Married,Secondary,Employed,40,Savings,3,686830,13,11,6,0,0.93,3,0,0,0,0
CUST1604,27,Female,Divorced,Secondary,Self-employed,68,Current,2,64776,8,6,9,1,0.87,0,1,0,0,1
CUST2752,30,Male,Single,Secondary,Employed,87,Current,1,112496,22,6,11,0,0.72,1,1,1,0,0
CUST1883,58,Male,Single,Secondary,Employed,115,Current,3,15376,21,7,7,0,0.56,3,1,1,0,1
CUST1488,43,Female,Married,Secondary,Employed,51,Fixed Deposit,1,763803,15,8,7,0,0.68,1,1,0,0,0
CUST0840,35,Female,Married,Secondary,Employed,44,Savings,3,41813,13,8,7,0,0.87,1,1,1,0,1
CUST1091,31,Male,Married,Secondary,Employed,162,Savings,3,167572,8,10,11,0,0.83,2,1,0,0,1
CUST2965,30,Female,Divorced,Primary,Unemployed,96,Current,1,7555,21,13,15,0,0.61,1,1,1,1,1
CUST2423,28,Male,Married,None,Employed,115,Savings,2,78778,15,9,8,0,0.68,0,1,1,0,0
CUST2349,43,Male,Married,Secondary,Employed,109,Savings,2,167655,12,10,10,0,0.53,0,0,0,0,0
CUST1354,33,Female,Married,Primary,Self-employed,128,Savings,3,20683,15,5,9,0,0.52,0,1,1,1,0
CUST2341,33,Male,Married,Secondary,Employed,12,Savings,4,342825,18,6,5,0,0.52,0,1,1,0,0
CUST2747,24,Male,Married,Secondary,Employed,79,Savings,1,186853,4,10,10,0,0.65,1,0,1,0,0
CUST1028,53,Female,Single,None,Employed,94,Current,4,13925,8,8,9,0,0.61,2,0,0,0,0
CUST0660,39,Male,Married,Primary,Employed,136,Savings,3,4593,15,7,14,0,0.9,0,0,0,0,1
CUST2987,28,Male,Single,University,Employed,148,Savings,3,57645,18,4,8,0,0.98,1,1,1,0,0
CUST2148,34,Female,Single,Secondary,Employed,78,Savings,1,59860,10,5,6,0,0.78,0,0,0,0,1
CUST1121,27,Female,Married,Secondary,Self-employed,103,Savings,2,355790,13,6,10,0,0.87,1,1,0,0,0
CUST1262,31,Female,Single,Primary,Employed,65,Savings,1,18691,16,9,17,0,0.85,0,0,1,0,0
CUST2318,27,Male,Single,Primary,Self-employed,118,Current,2,85880,15,13,7,0,0.66,0,1,0,1,0
CUST2519,44,Male,Married,University,Self-employed,150,Current,3,174889,12,5,4,1,0.85,0,1,1,0,0
CUST0949,43,Male,Single,Secondary,Self-employed,99,Current,1,21028,17,4,14,0,0.78,3,1,0,0,0
CUST0215,44,Female,Single,Secondary,Employed,42,Savings,1,201632,14,7,15,1,0.94,1,1,1,0,1
CUST2751,32,Male,Married,Secondary,Self-employed,67,Savings,1,535643,13,8,12,0,0.96,1,0,0,0,0
CUST2807,29,Female,Single,Secondary,Self-employed,88,Current,3,153082,16,15,9,0,0.96,0,1,0,0,0
CUST2208,18,Male,Single,Secondary,Employed,60,Current,1,109053,7,4,14,0,0.74,1,0,0,0,0
CUST2385,42,Female,Divorced,Primary,Employed,140,Fixed Deposit,1,232401,14,11,15,0,0.67,0,0,1,0,0
CUST1775,26,Male,Single,University,Self-employed,64,Savings,3,99108,11,2,12,0,0.96,2,1,0,0,0
CUST0213,52,Male,Married,Primary,Employed,126,Savings,1,531353,9,11,7,0,0.76,1,1,0,0,0
CUST1488,33,Male,Single,University,Self-employed,180,Savings,2,36095,18,9,7,0,0.67,3,1,0,0,1
CUST0364,36,Male,Single,Primary,Employed,144,Savings,1,59706,20,7,11,0,0.7,1,1,1,0,0
CUST2109,45,Male,Married,Primary,Employed,54,Current,3,18977,17,1,9,0,0.97,3,1,0,1,0
CUST0834,28,Female,Married,Primary,Self-employed,100,Savings,1,140661,19,9,8,0,0.84,2,1,1,0,0
CUST2544,39,Female,Married,Primary,Self-employed,52,Current,2,449379,15,7,5,0,0.83,0,1,0,0,0
CUST1788,47,Female,Divorced,Secondary,Employed,120,Savings,3,46738,16,8,6,1,0.82,0,1,0,0,0
CUST1315,37,Male,Divorced,Primary,Self-employed,59,Current,3,315427,15,18,8,0,0.8,1,0,0,0,1
CUST0898,53,Female,Divorced,Secondary,Self-employed,174,Savings,4,136253,14,12,15,0,0.62,1,1,0,0,0
CUST2411,31,Male,Single,University,Employed,64,Savings,3,68865,13,3,8,0,0.85,2,0,0,0,0
CUST0161,43,Male,Single,Secondary,Employed,131,Savings,1,48135,10,5,7,0,0.83,1,1,0,0,0
CUST0394,42,Male,Married,University,Employed,138,Savings,1,391131,18,6,8,1,0.84,1,0,0,0,0
CUST0723,37,Female,Married,University,Unemployed,123,Savings,3,102215,16,13,8,0,1,1,1,0,1,0
CUST0926,48,Male,Married,Secondary,Employed,97,Current,3,279846,14,9,5,0,0.54,1,1,0,1,1
CUST0058,34,Male,Single,Primary,Employed,58,Current,3,40682,8,5,8,0,0.84,0,1,1,0,0
CUST0353,33,Female,Married,None,Employed,20,Savings,2,17563,15,15,11,0,0.57,2,1,0,0,1
CUST2111,36,Female,Single,Secondary,Employed,19,Fixed Deposit,1,5407,19,8,7,0,0.94,0,1,0,0,0
CUST1938,42,Male,Single,Primary,Self-employed,111,Savings,1,312359,16,8,14,1,1,1,0,0,1,0
CUST0132,26,Male,Married,Secondary,Employed,172,Current,3,40240,11,14,9,0,0.65,1,0,1,0,0
CUST0958,22,Male,Single,Primary,Employed,61,Savings,3,28876,14,9,10,0,0.8,3,1,0,0,0
CUST2199,25,Female,Married,Secondary,Employed,51,Current,1,21399,14,9,11,0,0.67,2,1,0,0,1
CUST0258,30,Female,Married,Primary,Employed,141,Current,3,46425,16,13,11,0,0.9,0,0,1,1,0
CUST1834,44,Male,Divorced,Secondary,Self-employed,130,Savings,1,55599,20,12,11,0,0.85,2,0,0,0,0
CUST0928,39,Female,Single,University,Self-employed,70,Savings,1,24746,20,9,7,0,0.92,2,1,1,0,0
CUST2144,36,Male,Married,Primary,Unemployed,16,Current,2,533968,16,10,5,0,0.54,0,1,0,0,0
CUST0224,43,Male,Single,Primary,Unemployed,50,Savings,1,64796,19,8,13,0,0.78,2,1,1,0,1
CUST0061,46,Female,Married,Primary,Self-employed,98,Current,1,401267,16,10,10,0,0.61,0,1,1,0,0
CUST0193,19,Female,Divorced,Secondary,Unemployed,138,Savings,2,158256,14,7,14,1,0.57,1,1,1,0,1
CUST1619,34,Male,Single,University,Unemployed,129,Fixed Deposit,1,63776,15,7,10,0,0.62,0,1,0,1,0
CUST2088,33,Female,Married,Secondary,Employed,42,Savings,2,322583,13,8,5,0,1,0,1,0,1,1
CUST0092,48,Female,Married,Primary,Employed,134,Current,1,335393,18,5,12,0,0.76,2,1,1,0,1
CUST0414,31,Female,Single,Primary,Self-employed,178,Savings,3,148524,12,2,7,0,0.8,0,1,1,0,0
CUST1751,36,Female,Single,None,Employed,35,Savings,2,24780,16,6,14,0,0.93,1,1,0,0,0
CUST2593,46,Male,Divorced,Primary,Self-employed,13,Current,2,182570,19,6,17,1,0.63,0,0,0,0,0
CUST1840,49,Male,Single,None,Employed,80,Savings,2,59060,14,2,7,1,0.55,1,0,0,0,0
CUST0327,43,Male,Married,University,Self-employed,26,Fixed Deposit,1,65229,23,10,13,0,0.53,1,1,0,1,0
CUST0760,34,Male,Single,Secondary,Self-employed,106,Fixed Deposit,1,36090,12,8,9,0,0.83,2,0,0,0,0
CUST2790,38,Female,Single,Secondary,Employed,62,Current,4,73845,14,3,9,0,0.64,1,1,0,1,0
CUST0279,18,Female,Married,Secondary,Self-employed,55,Savings,2,240952,16,9,14,1,0.66,3,1,1,1,0
CUST0686,21,Female,Divorced,University,Self-employed,73,Savings,2,13725,9,4,7,0,0.98,0,1,0,0,0
CUST0441,18,Female,Divorced,University,Employed,4,Savings,1,5530,16,9,6,0,0.58,0,0,0,1,0
CUST2301,46,Male,Married,Secondary,Employed,157,Savings,2,133329,15,7,17,1,0.99,0,1,1,1,0
CUST2634,43,Male,Single,Primary,Employed,136,Savings,3,68230,17,7,11,0,0.78,1,1,0,0,0
CUST1950,46,Female,Single,None,Unemployed,13,Savings,4,417040,15,7,5,0,0.99,2,1,1,0,0
CUST2251,42,Male,Divorced,Primary,Employed,175,Fixed Deposit,4,179109,17,9,8,0,0.6,1,0,1,0,0
CUST1862,33,Female,Married,Secondary,Self-employed,157,Current,2,171296,7,6,16,0,0.6,3,1,1,0,0
CUST1532,40,Male,Married,Secondary,Self-employed,5,Current,1,25544,14,9,10,0,0.51,1,1,0,0,0
CUST1605,41,Male,Married,Secondary,Employed,106,Savings,4,158816,9,8,12,1,0.94,3,1,0,1,0
CUST2999,48,Female,Married,Primary,Self-employed,105,Savings,3,105766,13,9,14,0,0.91,1,0,0,0,0
CUST2960,27,Male,Married,None,Self-employed,87,Savings,1,177032,17,12,10,0,0.86,0,1,0,1,1
CUST2991,39,Female,Divorced,Secondary,Employed,104,Current,2,217729,16,16,14,0,0.55,3,1,1,1,1
CUST1722,22,Male,Married,Primary,Employed,165,Current,2,90811,20,6,9,0,0.5,0,0,0,0,0
CUST0705,18,Male,Divorced,University,Self-employed,34,Current,1,19669,15,5,8,0,0.83,1,1,0,1,0
CUST0306,20,Male,Married,Primary,Self-employed,177,Savings,1,171771,20,9,7,0,0.73,3,0,0,0,0
CUST1066,18,Male,Single,Secondary,Self-employed,129,Savings,2,6574,12,7,9,0,0.54,1,0,1,0,0
CUST2961,26,Female,Married,Secondary,Employed,44,Savings,2,151040,24,9,15,0,0.54,0,1,1,0,0
CUST2738,22,Female,Married,Secondary,Self-employed,166,Savings,2,165074,17,4,20,0,0.9,2,1,0,0,0
CUST0678,53,Female,Divorced,University,Self-employed,7,Savings,2,3342,18,12,11,0,0.61,1,1,1,0,1
CUST2891,43,Male,Single,Secondary,Employed,11,Savings,2,121658,13,16,8,1,0.92,2,0,0,0,0
CUST0532,33,Female,Married,University,Employed,38,Savings,4,179922,16,6,11,1,0.74,1,1,0,0,1
CUST1942,31,Female,Married,Primary,Employed,142,Current,1,154822,17,8,9,0,0.78,1,0,0,0,0
CUST1752,50,Female,Married,University,Employed,110,Savings,1,8472,13,10,8,1,0.68,1,1,0,0,1
CUST1593,38,Male,Single,None,Employed,143,Savings,2,123577,19,12,8,0,0.76,0,1,0,0,0
CUST2758,27,Female,Married,Secondary,Self-employed,137,Current,2,39423,23,1,8,0,0.93,0,1,1,1,0
CUST2009,34,Female,Married,Secondary,Employed,138,Savings,2,130818,20,7,9,1,0.94,0,0,0,0,0
CUST1432,35,Male,Married,Secondary,Employed,74,Savings,1,290644,15,6,14,0,0.91,2,1,0,0,0
CUST0307,34,Female,Married,Primary,Employed,154,Savings,4,148090,19,4,13,0,0.6,1,0,0,0,1
CUST0666,57,Female,Single,Secondary,Self-employed,130,Current,4,95231,23,5,5,0,0.61,0,1,0,0,0
CUST2324,45,Female,Single,Secondary,Unemployed,59,Savings,2,325228,14,13,8,1,0.82,0,0,0,1,0
CUST2189,41,Female,Single,University,Employed,168,Savings,1,37895,13,6,5,0,0.54,3,0,0,0,0
CUST2764,30,Male,Divorced,None,Self-employed,68,Savings,4,1892,15,8,13,0,0.61,1,0,0,0,1
CUST0098,50,Male,Single,Secondary,Employed,155,Current,3,24256,19,6,7,0,0.64,1,1,1,0,0
CUST0471,43,Male,Married,University,Unemployed,120,Fixed Deposit,2,157116,17,5,6,0,0.76,0,1,0,0,0
CUST1085,18,Male,Single,Secondary,Employed,35,Current,1,15047,12,10,12,0,0.67,0,1,0,0,0
CUST2748,28,Female,Single,University,Self-employed,166,Savings,1,78638,24,8,12,0,0.6,0,1,0,0,0
CUST2262,51,Female,Single,None,Employed,5,Savings,1,452763,11,8,11,0,0.58,3,1,0,1,0
CUST2822,18,Male,Single,Secondary,Employed,37,Savings,3,231831,16,6,13,0,0.74,2,0,0,1,0
CUST1104,31,Male,Single,Secondary,Employed,36,Savings,3,312560,19,9,8,1,0.77,0,0,0,0,1
CUST2521,36,Male,Married,Secondary,Employed,81,Savings,1,405193,19,5,13,0,0.81,0,1,0,0,0
CUST0474,24,Male,Single,None,Employed,132,Savings,1,13042,21,13,11,0,0.62,0,1,1,0,0
CUST1833,48,Female,Married,Primary,Self-employed,88,Savings,1,157008,13,10,7,0,0.6,1,1,0,0,0
CUST0051,30,Female,Married,Secondary,Employed,113,Current,1,255073,17,10,9,0,0.87,2,1,0,1,0
CUST1634,31,Female,Single,Primary,Employed,23,Current,1,361594,16,8,10,0,0.83,2,1,1,0,1
CUST1086,19,Female,Married,Secondary,Self-employed,80,Savings,2,500,16,11,9,0,0.68,1,1,0,0,0
CUST2560,35,Male,Married,Secondary,Unemployed,165,Current,2,46622,17,8,14,1,0.55,1,1,0,0,0
CUST0181,29,Female,Single,University,Employed,179,Savings,2,128657,11,10,12,1,0.9,2,1,0,0,0
CUST2279,31,Female,Divorced,University,Employed,165,Savings,3,213366,15,6,11,0,0.88,2,0,0,0,1
CUST1682,33,Female,Single,Primary,Employed,32,Current,1,289745,24,6,9,0,0.54,3,1,0,0,0
CUST0350,46,Female,Married,None,Self-employed,116,Savings,1,109792,15,9,13,1,0.78,2,0,0,0,1
CUST1489,28,Male,Married,Primary,Employed,39,Fixed Deposit,3,198263,15,16,5,0,0.86,0,1,0,0,0
CUST1184,29,Female,Single,University,Employed,173,Current,1,149400,15,9,12,0,0.56,0,1,0,0,0
CUST2541,36,Male,Single,University,Employed,169,Savings,2,152444,12,12,6,0,0.66,0,1,0,0,0
CUST2298,38,Female,Single,University,Self-employed,53,Savings,2,172997,18,9,7,0,0.79,0,0,0,0,1
CUST0590,18,Male,Single,University,Employed,86,Savings,1,70247,13,8,7,0,0.71,0,1,0,1,0
CUST0916,21,Male,Married,University,Employed,166,Savings,3,13597,14,3,14,0,0.76,0,1,0,0,0
CUST1346,35,Female,Married,Secondary,Self-employed,97,Savings,1,78761,9,7,8,0,0.68,1,1,1,0,0
CUST0117,44,Male,Divorced,Primary,Self-employed,78,Current,1,342785,14,10,11,1,0.72,2,0,0,0,0
CUST0934,37,Female,Divorced,Primary,Self-employed,91,Savings,2,314082,17,7,12,0,0.9,0,1,0,0,0
CUST0732,29,Female,Single,Secondary,Self-employed,109,Current,2,98654,16,3,7,0,0.98,2,0,0,0,1
CUST2923,33,Male,Single,Secondary,Self-employed,64,Savings,1,36709,12,14,6,0,0.52,2,0,1,0,1
CUST1003,45,Female,Married,None,Employed,80,Savings,1,65055,17,13,10,0,0.72,1,0,1,0,0
CUST2795,43,Female,Married,None,Self-employed,23,Current,4,252069,12,8,5,0,0.86,1,1,1,1,1
CUST1725,23,Male,Divorced,Primary,Employed,54,Savings,4,90659,10,11,14,0,0.77,0,1,0,1,0
CUST0669,45,Female,Single,Secondary,Employed,108,Savings,1,177211,15,9,13,0,0.91,2,0,0,0,0
CUST2887,28,Female,Single,University,Unemployed,74,Current,1,357385,13,15,12,0,0.84,3,1,0,0,0
CUST0359,41,Female,Married,University,Employed,95,Savings,3,16676,12,7,9,0,0.82,0,1,0,0,0
CUST2823,34,Male,Married,Secondary,Self-employed,164,Fixed Deposit,2,17171,20,10,8,0,0.84,2,1,1,1,0
CUST0787,33,Female,Married,University,Employed,121,Savings,2,48149,20,15,12,0,0.66,0,1,1,1,0
CUST2911,41,Male,Married,University,Employed,108,Savings,1,176549,17,10,18,0,0.61,1,1,0,1,0
CUST1322,60,Female,Married,Secondary,Employed,9,Savings,2,51361,11,6,8,0,0.56,1,1,0,1,0
CUST0688,35,Male,Single,Secondary,Employed,97,Savings,3,34757,18,4,11,0,0.53,2,0,1,0,0
CUST1694,27,Female,Single,University,Unemployed,121,Current,1,919,15,4,12,0,1,1,1,0,0,0
CUST2027,45,Male,Single,University,Unemployed,49,Savings,1,54138,13,4,8,0,0.7,1,0,0,0,0
CUST2198,32,Female,Married,University,Employed,114,Current,1,517073,12,5,9,0,0.71,0,1,0,1,0
CUST1884,35,Male,Single,None,Employed,75,Savings,2,9743,17,5,9,0,1,1,1,0,1,0
CUST0513,26,Male,Married,University,Employed,124,Current,1,25390,21,12,2,0,0.64,2,0,1,0,0
CUST1884,39,Female,Divorced,Primary,Self-employed,144,Current,3,44052,16,10,8,0,0.55,1,1,1,0,0
CUST0001,21,Female,Single,Secondary,Self-employed,11,Savings,1,95745,21,6,12,0,0.8,0,1,0,1,0
CUST2356,23,Female,Divorced,Secondary,Self-employed,145,Fixed Deposit,2,104104,17,8,9,0,0.59,2,1,0,0,0
CUST0229,40,Male,Married,Secondary,Self-employed,25,Savings,3,116921,17,8,9,0,0.76,1,0,1,0,0
CUST1873,49,Male,Divorced,Primary,Employed,11,Current,3,230793,12,3,9,0,0.55,0,1,0,1,0
CUST0211,44,Male,Divorced,Secondary,Self-employed,51,Current,1,296696,12,4,11,1,0.57,0,1,0,0,1
CUST0578,43,Male,Single,University,Employed,121,Current,1,38996,13,6,12,0,0.63,0,1,0,0,0
CUST1913,19,Female,Single,Secondary,Unemployed,75,Current,2,127833,21,6,8,1,0.83,1,0,0,1,0
CUST0577,40,Female,Married,Primary,Unemployed,47,Savings,1,4516,16,4,14,0,0.66,1,1,0,1,1
CUST2463,28,Male,Married,Primary,Self-employed,125,Fixed Deposit,1,918939,11,5,9,2,0.53,0,1,0,1,0
CUST2313,36,Male,Single,Secondary,Self-employed,76,Savings,1,480395,16,6,7,0,0.93,1,1,0,0,0
CUST2562,48,Female,Married,Secondary,Employed,143,Savings,2,94419,15,12,11,0,0.59,0,1,0,0,0
CUST0569,20,Female,Single,Primary,Employed,149,Savings,3,37689,14,11,8,1,0.84,1,1,0,1,0
CUST2750,44,Male,Single,Secondary,Self-employed,29,Current,1,30757,14,10,5,0,0.71,0,1,1,0,0
CUST0938,18,Male,Divorced,Secondary,Self-employed,102,Savings,4,168177,15,7,9,1,0.92,0,1,0,1,0
CUST2036,21,Female,Married,Secondary,Employed,167,Savings,1,19300,10,5,10,0,0.55,2,1,0,1,0
CUST0066,37,Female,Married,Secondary,Employed,145,Current,1,411766,14,4,13,0,0.81,1,1,0,0,0
CUST1050,51,Male,Single,University,Employed,180,Savings,1,65423,12,8,8,0,0.84,1,1,0,0,0
CUST0119,29,Male,Married,Secondary,Employed,78,Current,1,303607,14,4,10,0,0.68,0,1,1,0,1
CUST1236,26,Female,Married,Secondary,Employed,17,Savings,2,285623,17,8,8,0,0.77,3,1,0,0,1
CUST2413,35,Male,Married,Secondary,Employed,34,Fixed Deposit,3,112500,13,7,7,0,0.86,1,0,0,0,0
CUST1005,45,Female,Married,Secondary,Self-employed,162,Savings,3,338500,18,6,7,0,0.61,1,1,0,0,0
CUST2624,44,Male,Single,Secondary,Self-employed,160,Savings,3,158550,12,9,8,0,0.83,2,1,0,1,1
CUST1215,34,Female,Married,Secondary,Unemployed,7,Current,4,500507,13,8,9,0,0.83,0,0,1,0,1
CUST2636,45,Female,Married,University,Self-employed,152,Current,4,79034,12,5,9,0,0.54,4,1,0,1,0
CUST2723,37,Female,Married,University,Employed,8,Savings,1,338479,12,16,12,0,0.82,1,1,1,1,0
CUST0870,34,Female,Single,Primary,Self-employed,114,Savings,1,122148,13,6,4,0,0.93,3,0,0,0,0
CUST2029,35,Male,Single,University,Employed,163,Current,1,64953,17,7,8,0,0.6,0,1,0,0,0
CUST1244,46,Male,Single,Primary,Self-employed,16,Savings,1,47924,9,8,17,0,0.69,0,1,0,1,0
CUST0542,27,Female,Divorced,University,Employed,4,Fixed Deposit,1,162587,24,5,7,0,0.59,1,1,0,1,1
CUST1407,25,Male,Single,Secondary,Employed,63,Savings,1,261941,14,8,10,0,0.84,1,1,0,0,0
CUST1822,32,Male,Married,Secondary,Employed,23,Current,4,83712,22,12,12,0,0.96,3,1,1,0,0
CUST1623,34,Male,Single,Secondary,Employed,111,Savings,3,632171,17,10,7,0,0.69,1,1,0,0,0
CUST0112,41,Female,Married,University,Employed,112,Current,3,143954,15,5,6,0,0.53,0,1,0,0,0
CUST1827,39,Male,Single,Secondary,Employed,138,Fixed Deposit,1,87517,15,3,13,0,0.62,2,1,0,1,1
CUST2550,53,Female,Married,Primary,Self-employed,121,Savings,4,223279,23,11,10,0,0.52,0,1,0,0,1
CUST0855,32,Female,Married,Primary,Employed,99,Current,2,120168,17,8,12,0,0.97,3,1,1,0,0
CUST1230,54,Female,Single,Secondary,Employed,176,Savings,3,68511,14,6,13,0,0.72,0,0,0,1,0
CUST0438,49,Male,Married,Primary,Self-employed,54,Savings,2,259660,13,9,13,0,1,2,1,0,1,0
CUST1713,43,Female,Single,Primary,Employed,8,Savings,1,106146,11,14,8,1,0.94,1,1,0,0,0
CUST0873,38,Male,Single,None,Self-employed,159,Savings,4,334603,19,6,7,0,0.68,0,0,0,0,0
CUST2847,37,Male,Single,Secondary,Employed,79,Fixed Deposit,3,160472,16,11,15,0,0.78,3,0,0,0,1
CUST2846,18,Male,Single,Secondary,Employed,27,Current,4,128950,15,6,15,0,0.74,1,1,0,0,0
CUST1564,20,Female,Married,None,Unemployed,42,Savings,1,20295,12,11,11,0,0.83,0,1,0,0,0
CUST0720,27,Female,Married,Secondary,Employed,122,Savings,3,288836,15,5,8,0,0.74,1,0,1,0,0
CUST2070,36,Male,Married,Primary,Employed,109,Savings,1,97283,23,5,7,1,0.72,1,1,0,1,0
CUST0567,48,Male,Married,Secondary,Employed,70,Fixed Deposit,1,20656,19,10,14,0,0.97,1,1,1,0,0
CUST2965,25,Female,Divorced,Secondary,Unemployed,120,Current,1,67724,13,8,7,0,0.95,0,0,0,1,0
CUST1696,38,Male,Married,None,Employed,92,Savings,2,49299,16,5,12,0,0.6,0,0,0,0,0
CUST0885,18,Female,Single,University,Self-employed,138,Current,1,251104,23,10,9,0,0.79,4,1,1,1,0
CUST1475,60,Female,Married,University,Self-employed,141,Savings,4,141443,15,7,8,0,0.92,1,1,1,0,0
CUST2062,33,Female,Married,Primary,Self-employed,157,Current,3,430064,13,7,9,0,0.64,3,1,0,0,0
CUST0822,18,Female,Married,University,Employed,123,Current,3,511984,22,10,12,0,0.56,2,1,1,1,0
CUST1133,45,Male,Married,Secondary,Unemployed,87,Fixed Deposit,3,44828,20,7,7,0,0.72,1,1,0,1,0
CUST0478,47,Male,Divorced,University,Employed,172,Current,3,146073,15,10,5,0,0.91,2,1,0,0,0
CUST0526,43,Female,Divorced,Secondary,Employed,155,Savings,1,79069,13,6,6,0,0.75,0,0,0,0,0
CUST0274,44,Female,Single,University,Employed,97,Savings,1,133435,17,7,9,0,1,0,1,0,0,0
CUST2026,33,Female,Single,Secondary,Self-employed,150,Savings,3,265449,8,11,12,0,0.5,0,1,1,0,0
CUST1972,48,Male,Married,Secondary,Employed,9,Savings,1,87400,13,8,6,0,0.76,3,1,0,1,0
CUST0376,33,Male,Married,Secondary,Employed,113,Savings,1,148238,15,6,9,0,0.81,2,0,1,0,1
CUST0798,18,Female,Single,Secondary,Employed,91,Current,2,85404,15,11,6,0,0.74,0,0,0,1,0
CUST0114,54,Male,Married,Secondary,Employed,126,Savings,1,114343,8,7,9,0,0.53,2,1,1,0,0
CUST1369,47,Female,Married,Secondary,Self-employed,108,Current,1,11860,21,12,9,1,0.63,1,0,0,0,0
CUST0336,42,Female,Married,None,Unemployed,117,Savings,1,202336,15,9,16,0,0.54,1,1,0,1,0
CUST2317,22,Female,Married,University,Self-employed,51,Current,3,110752,15,5,10,0,0.57,0,0,1,0,0
CUST0428,44,Female,Single,Secondary,Employed,166,Savings,1,16951,18,7,8,0,0.6,0,1,0,1,0
CUST1653,34,Male,Married,Primary,Employed,136,Current,1,8210,8,9,14,0,0.67,1,0,0,1,0
CUST0730,47,Male,Single,Primary,Employed,77,Savings,3,221094,24,6,12,0,0.74,1,0,1,0,0
CUST1887,55,Female,Married,Secondary,Employed,124,Savings,1,154753,18,7,6,0,0.61,1,1,1,0,0
CUST0169,30,Female,Married,Secondary,Employed,41,Savings,1,22557,19,7,16,1,0.6,2,1,0,0,0
CUST1696,40,Male,Married,Primary,Employed,108,Savings,1,57524,14,9,8,0,0.66,2,1,0,0,0
CUST0906,49,Male,Single,Primary,Employed,69,Savings,1,40737,16,7,10,1,0.64,1,1,0,0,0
CUST2522,46,Male,Married,Secondary,Employed,180,Savings,1,56342,10,5,11,0,0.86,2,0,0,0,0
CUST2548,36,Female,Married,University,Unemployed,124,Current,2,117094,7,7,9,0,0.96,1,1,1,0,0
CUST1661,29,Male,Single,University,Employed,30,Fixed Deposit,3,79846,13,6,10,0,0.93,0,1,1,0,0
CUST2818,41,Female,Single,None,Unemployed,52,Savings,2,382668,23,11,12,0,0.93,2,1,0,0,0
CUST0326,42,Female,Single,Primary,Employed,43,Current,1,77234,11,7,8,0,0.86,3,1,0,0,0
CUST2105,27,Female,Single,Secondary,Self-employed,60,Fixed Deposit,1,314245,17,11,3,0,0.94,2,1,1,0,0
CUST0760,19,Male,Single,Secondary,Self-employed,102,Current,3,73156,18,1,13,0,0.73,2,1,0,0,0
CUST1474,41,Female,Single,Primary,Employed,166,Savings,2,102605,11,4,17,0,0.6,0,1,0,1,0
CUST0173,35,Male,Single,Primary,Self-employed,8,Savings,2,21568,22,6,8,0,0.9,0,1,0,0,0
CUST2002,27,Male,Single,Primary,Employed,166,Savings,1,88094,12,6,9,1,0.55,1,1,0,0,0
CUST1042,35,Male,Single,Secondary,Employed,107,Fixed Deposit,1,186990,14,10,7,1,0.72,0,1,0,0,0
CUST0640,45,Female,Single,Secondary,Employed,128,Savings,1,4894,16,8,11,1,0.6,0,1,0,1,1
CUST2574,38,Female,Single,Secondary,Employed,62,Savings,2,119548,15,2,13,0,0.59,2,1,0,0,0
CUST0568,33,Female,Single,None,Employed,19,Savings,2,153549,21,9,9,0,0.51,0,1,0,0,0
CUST1970,28,Male,Single,Secondary,Employed,95,Savings,1,63860,15,4,7,0,0.71,0,1,0,0,0
CUST2406,36,Female,Married,Secondary,Employed,117,Savings,1,112002,18,11,10,1,0.88,1,1,1,0,0
CUST0674,33,Male,Single,Primary,Unemployed,34,Savings,1,132166,20,6,9,0,0.77,0,1,0,0,1
CUST0816,35,Male,Single,Secondary,Employed,10,Current,1,305722,16,13,6,0,0.92,0,0,1,0,1
CUST2258,43,Female,Single,University,Self-employed,42,Savings,1,11381,18,4,10,0,0.66,1,0,1,1,0
CUST1342,45,Female,Divorced,Secondary,Employed,20,Savings,3,256595,13,9,16,0,0.75,0,1,0,0,0
CUST2934,21,Female,Single,Primary,Employed,108,Current,4,73898,17,6,16,0,0.85,2,0,0,0,0
CUST1816,40,Female,Single,Secondary,Employed,80,Savings,2,327570,16,8,15,0,0.91,0,0,1,0,0
CUST0457,31,Female,Married,Primary,Employed,35,Current,4,206690,16,14,13,0,0.56,2,1,1,0,0
CUST0809,41,Female,Married,Primary,Employed,157,Savings,1,147011,28,10,9,0,0.98,0,0,0,0,0
CUST1025,18,Male,Married,University,Self-employed,73,Current,2,296693,14,8,11,0,0.61,0,1,0,0,0
CUST1344,61,Male,Married,Primary,Employed,79,Fixed Deposit,1,162468,13,7,6,0,0.87,0,1,0,0,0
CUST0505,35,Female,Married,None,Employed,85,Savings,2,303427,20,9,13,0,0.99,1,1,1,0,0
CUST0674,33,Male,Divorced,Secondary,Self-employed,37,Savings,2,158873,12,9,15,0,0.64,0,1,0,0,0
CUST0754,38,Female,Single,Secondary,Self-employed,156,Savings,2,3590,6,7,13,0,0.64,2,1,0,0,0
CUST1629,26,Female,Married,None,Employed,169,Savings,2,168785,17,9,7,0,0.66,2,0,0,0,0
CUST2214,35,Female,Single,University,Employed,150,Current,2,143174,12,10,16,0,0.54,0,0,0,1,0
CUST0145,39,Male,Single,University,Employed,102,Current,2,42812,21,12,15,0,0.85,0,0,0,0,0
CUST2914,32,Female,Married,None,Employed,96,Savings,1,147540,21,3,9,1,0.73,3,1,0,0,0
CUST2306,44,Female,Married,Primary,Unemployed,165,Current,1,138531,18,9,12,0,0.61,5,0,1,0,1
CUST1894,30,Male,Single,Secondary,Self-employed,139,Savings,1,41326,16,14,13,1,0.53,2,1,1,1,0
CUST2144,41,Male,Single,None,Self-employed,152,Savings,3,342040,12,10,12,0,0.82,0,1,1,0,0
CUST2830,32,Female,Single,Primary,Self-employed,131,Savings,1,114840,19,7,13,0,0.79,0,0,0,0,0
CUST0763,18,Male,Single,None,Self-employed,111,Savings,3,71040,18,8,8,0,0.95,2,1,1,0,0
CUST0897,38,Male,Divorced,Secondary,Employed,154,Fixed Deposit,3,514936,17,9,13,0,0.62,1,1,0,0,0
CUST2745,36,Female,Married,None,Employed,107,Savings,2,371222,19,9,6,0,0.72,2,1,0,0,0
CUST0447,42,Male,Single,University,Employed,7,Current,1,118908,19,6,14,0,0.7,1,0,0,0,1
CUST0445,51,Female,Married,Secondary,Self-employed,10,Savings,1,97478,14,8,10,0,0.99,0,1,1,0,1
CUST0612,35,Male,Single,Primary,Employed,17,Savings,4,28535,13,9,11,0,0.7,1,1,1,0,1
CUST2836,47,Female,Married,Primary,Employed,113,Fixed Deposit,2,93195,17,7,7,0,0.78,1,1,0,1,0
CUST1869,35,Female,Married,Primary,Self-employed,86,Current,2,81114,12,6,12,0,0.59,2,0,1,0,0
CUST1839,30,Female,Married,University,Unemployed,173,Savings,3,65046,11,5,10,0,0.8,1,1,0,1,0
CUST2087,30,Male,Single,None,Employed,111,Fixed Deposit,1,261342,14,9,9,0,0.57,3,1,0,0,0
CUST1465,45,Male,Married,Primary,Self-employed,130,Current,4,250699,9,6,5,0,0.51,1,1,0,0,1
CUST2780,35,Female,Single,Secondary,Employed,82,Savings,1,247944,9,10,7,0,0.73,0,1,1,0,0
CUST1339,43,Female,Single,Primary,Employed,11,Savings,3,51352,13,8,10,0,0.86,2,1,1,0,0
CUST0278,36,Male,Divorced,None,Self-employed,28,Savings,1,44141,23,13,14,0,0.95,0,1,1,1,1
CUST1406,26,Female,Married,None,Self-employed,64,Fixed Deposit,1,125911,15,13,10,0,0.73,2,1,1,0,0
CUST0697,36,Female,Married,Secondary,Self-employed,70,Current,1,8673,16,10,10,0,0.93,0,1,0,0,0
CUST2980,26,Male,Single,University,Self-employed,97,Fixed Deposit,3,166921,11,3,7,1,0.69,1,1,0,0,0
CUST1763,18,Male,Married,Secondary,Employed,165,Savings,4,254102,15,10,12,0,0.8,0,1,1,1,0
CUST0081,26,Female,Single,Secondary,Employed,28,Current,3,140710,18,7,7,0,0.65,1,1,1,0,0
CUST1350,20,Male,Single,Secondary,Employed,79,Savings,1,101076,19,1,13,0,0.95,3,1,0,0,1
CUST0674,23,Male,Married,Primary,Employed,150,Savings,1,57668,23,7,7,1,0.8,2,1,0,0,0
CUST0573,28,Male,Married,Secondary,Employed,51,Savings,1,63549,22,13,9,0,0.55,1,1,0,0,0
CUST0431,43,Male,Single,University,Employed,11,Savings,2,153650,13,10,10,0,0.76,0,0,0,0,0
CUST1102,31,Female,Married,University,Self-employed,73,Savings,3,175617,14,15,8,0,0.63,0,1,1,0,1
CUST0136,30,Male,Married,Secondary,Employed,126,Savings,1,88560,12,7,11,0,0.69,3,1,0,0,0
CUST2728,24,Female,Married,University,Employed,18,Savings,1,173049,19,9,8,0,0.59,1,0,0,1,1
CUST2632,34,Female,Single,Secondary,Self-employed,12,Savings,3,147334,19,4,19,0,0.52,1,1,0,0,0
CUST1158,45,Female,Married,Primary,Employed,53,Current,4,164193,11,5,10,0,0.55,3,1,0,0,1
CUST2202,43,Female,Divorced,Primary,Employed,120,Fixed Deposit,1,246734,23,13,13,0,0.66,1,1,0,0,0
CUST2550,43,Male,Single,University,Employed,10,Savings,2,236941,14,12,11,0,0.6,1,1,1,0,0
CUST1028,40,Female,Married,Primary,Unemployed,4,Fixed Deposit,4,54204,11,8,8,0,0.54,1,0,0,0,1
CUST1035,23,Male,Single,Secondary,Unemployed,102,Current,4,107799,18,5,10,0,0.97,0,0,0,0,0
CUST1401,38,Female,Married,None,Unemployed,62,Savings,1,28146,15,8,8,0,0.66,0,1,0,0,0
CUST2196,29,Female,Married,Secondary,Unemployed,162,Current,1,203210,17,12,15,0,0.55,1,1,0,1,0
CUST0664,33,Male,Married,Secondary,Employed,53,Savings,3,73832,12,10,13,0,0.67,1,0,0,0,0
CUST2391,47,Female,Married,Primary,Employed,78,Current,1,112964,18,15,11,0,0.84,0,1,0,0,1
CUST1146,36,Male,Single,Secondary,Employed,139,Fixed Deposit,2,326205,11,8,11,0,0.88,1,0,0,0,1
CUST0753,39,Male,Married,Secondary,Self-employed,17,Savings,1,118271,13,2,8,0,0.61,3,0,0,0,0
CUST2692,40,Male,Single,Secondary,Employed,29,Savings,2,224654,13,14,8,0,0.59,1,1,0,0,0
CUST2880,40,Female,Married,Primary,Employed,111,Current,1,315864,14,4,12,1,0.81,0,0,1,0,0
CUST0867,24,Male,Divorced,Secondary,Unemployed,141,Savings,4,2194,20,14,9,0,0.92,3,0,0,1,0
CUST2945,39,Male,Single,Secondary,Employed,82,Savings,1,358162,23,5,8,0,0.82,1,0,0,0,1
CUST0336,43,Female,Single,University,Employed,28,Current,2,59107,17,5,7,0,0.91,0,1,1,1,0
CUST1506,25,Male,Married,Secondary,Employed,164,Fixed Deposit,3,293997,17,5,10,0,0.97,1,0,1,0,0
CUST2386,30,Female,Single,Secondary,Employed,95,Fixed Deposit,1,133440,7,9,7,0,0.56,1,1,0,0,0
CUST2571,18,Female,Divorced,Secondary,Self-employed,62,Savings,1,241627,12,9,10,2,0.66,1,0,0,0,0
CUST0569,38,Male,Single,Secondary,Employed,66,Current,2,30058,16,12,11,0,0.87,0,0,0,0,0
CUST2721,34,Male,Married,None,Employed,30,Savings,1,217175,13,4,5,0,0.79,2,1,0,0,1
CUST1165,24,Male,Divorced,Primary,Employed,146,Savings,2,146772,13,9,9,0,0.74,3,0,1,0,0
CUST2561,30,Male,Divorced,Primary,Employed,27,Savings,2,47896,19,9,9,1,0.56,0,1,1,1,0
CUST0191,21,Female,Divorced,Secondary,Employed,88,Current,2,75355,20,6,6,0,0.95,4,1,0,0,1
CUST1140,44,Female,Married,Secondary,Employed,69,Current,1,92715,9,9,10,0,0.97,0,1,0,0,0
CUST2624,27,Male,Married,Secondary,Employed,45,Savings,3,21551,15,12,14,0,0.53,3,0,1,0,1
CUST1274,40,Female,Divorced,Secondary,Employed,167,Current,1,27133,19,9,7,0,0.72,0,1,1,0,0
CUST1315,32,Male,Married,Primary,Employed,59,Savings,3,63553,25,6,10,0,0.6,2,1,0,0,0
CUST1044,39,Female,Married,Secondary,Employed,123,Savings,1,426638,8,5,7,0,0.88,1,1,0,0,0
CUST2892,29,Male,Married,Primary,Self-employed,70,Current,2,78336,13,10,6,1,0.56,1,1,0,0,0
CUST0343,44,Male,Married,Primary,Employed,55,Savings,2,29312,11,6,12,0,0.85,0,0,0,0,0
CUST2946,34,Female,Married,Secondary,Employed,149,Savings,2,41497,18,8,10,0,0.75,0,1,1,0,0
CUST2628,40,Female,Married,Primary,Employed,53,Fixed Deposit,3,5511,19,10,11,0,0.82,0,1,0,0,0
CUST2042,40,Female,Married,Primary,Unemployed,102,Savings,2,326017,25,6,12,0,0.67,1,1,0,0,0
CUST1462,42,Female,Married,Secondary,Employed,8,Savings,3,84796,13,7,10,0,0.87,2,1,1,0,0
CUST1477,36,Male,Single,None,Self-employed,176,Current,2,9996,11,7,9,0,0.77,1,0,0,1,0
CUST0083,39,Female,Married,University,Employed,24,Current,3,11933,8,14,10,0,0.68,0,1,0,0,0
CUST2496,29,Female,Single,Primary,Self-employed,83,Savings,2,23751,8,7,7,0,0.51,1,0,0,0,0
CUST0319,18,Female,Married,Secondary,Employed,102,Savings,3,241294,20,7,11,0,0.82,0,1,0,0,0
CUST0291,44,Female,Married,None,Employed,157,Fixed Deposit,2,15522,11,9,11,0,0.89,1,0,1,0,0
CUST1058,36,Female,Single,None,Self-employed,173,Savings,3,165817,12,6,20,0,0.55,0,1,0,1,0
CUST1000,27,Male,Single,Secondary,Employed,153,Savings,2,634091,15,6,3,0,0.95,0,0,0,1,1
CUST1364,26,Female,Married,Secondary,Self-employed,83,Savings,1,485101,15,6,10,0,0.84,2,1,0,1,0
CUST2714,34,Female,Single,Primary,Employed,16,Savings,2,907310,14,9,8,0,0.78,1,0,0,0,0
CUST0959,18,Female,Married,University,Employed,23,Fixed Deposit,2,224162,19,7,10,0,0.71,1,1,0,1,0
CUST1337,48,Male,Married,Secondary,Employed,110,Savings,1,178406,20,6,18,0,0.51,1,1,0,0,0
CUST1399,33,Female,Single,University,Unemployed,147,Savings,1,178180,22,7,11,0,0.73,0,1,0,0,0
CUST0005,36,Male,Single,None,Employed,114,Savings,2,79788,16,11,12,0,0.94,0,1,1,0,1
CUST2021,39,Female,Married,University,Self-employed,94,Fixed Deposit,1,132402,16,7,9,0,0.65,1,1,1,0,0
CUST0534,18,Male,Single,Secondary,Employed,167,Savings,1,14033,17,8,10,0,0.92,0,0,0,0,0
CUST2564,51,Female,Married,University,Self-employed,50,Savings,2,292263,13,11,8,0,0.92,0,1,0,0,1
CUST0864,52,Female,Married,Secondary,Employed,67,Savings,2,115805,13,4,13,0,0.81,1,1,0,0,1
CUST1423,19,Female,Married,Primary,Employed,113,Current,1,227960,15,7,8,0,0.89,0,1,0,0,0
CUST2691,22,Female,Married,Secondary,Employed,139,Savings,3,156330,12,9,17,1,0.56,0,1,1,0,0
CUST2265,38,Male,Married,Secondary,Employed,28,Savings,2,97126,17,12,10,0,0.53,1,0,0,0,0
CUST0246,42,Female,Married,Primary,Employed,22,Savings,3,204084,11,10,6,0,0.9,1,0,0,0,1
CUST2219,18,Female,Married,University,Employed,126,Fixed Deposit,2,34369,16,7,9,0,0.84,0,1,0,0,0
CUST0244,61,Male,Single,Primary,Self-employed,139,Current,1,279485,15,6,15,1,0.98,2,0,1,0,0
CUST2594,25,Female,Single,Primary,Employed,144,Savings,1,194283,13,9,13,0,0.8,1,1,1,1,0
CUST1330,33,Female,Married,Secondary,Employed,24,Current,1,13067,20,9,12,0,0.87,1,1,1,0,0
CUST1494,35,Male,Married,University,Employed,12,Current,2,128618,14,5,8,0,0.93,2,1,1,0,1
CUST1027,31,Female,Married,University,Self-employed,36,Fixed Deposit,1,253636,12,8,12,0,0.65,2,0,1,0,0
CUST2690,29,Male,Divorced,None,Employed,168,Savings,2,1644080,13,10,7,0,0.51,0,0,1,0,1
CUST1574,36,Male,Single,Primary,Unemployed,71,Savings,1,273186,19,9,9,0,0.93,1,1,0,0,0
CUST1717,49,Female,Single,Secondary,Employed,59,Fixed Deposit,2,11108,18,8,13,1,0.66,1,0,0,1,0
CUST0331,48,Female,Divorced,Secondary,Employed,110,Current,2,8707,10,11,15,0,0.72,1,1,0,0,0
CUST0127,21,Male,Married,Primary,Employed,22,Savings,1,43547,17,9,9,0,0.8,0,0,0,0,0
CUST0716,30,Female,Married,Secondary,Employed,166,Savings,2,118682,13,10,13,0,0.68,1,1,0,0,0
CUST0402,52,Female,Married,Primary,Employed,112,Savings,3,187792,15,4,12,0,0.99,0,1,0,0,0
CUST2590,51,Female,Single,Primary,Self-employed,28,Current,1,154484,15,12,14,0,0.76,1,1,0,0,0
CUST1927,25,Male,Single,Primary,Employed,57,Savings,3,3704,10,7,7,1,0.98,1,0,0,0,0
CUST1805,54,Male,Single,Secondary,Employed,160,Savings,2,243350,12,8,8,0,0.92,2,1,0,0,0
CUST1611,25,Male,Single,University,Self-employed,92,Savings,1,92984,18,5,14,0,0.77,1,0,0,1,1
CUST1016,29,Male,Married,Primary,Employed,124,Current,1,160744,17,9,9,1,0.53,1,1,0,0,0
CUST1749,37,Female,Married,Secondary,Employed,138,Current,1,299113,17,2,13,0,0.53,0,0,0,0,0
CUST1006,33,Male,Married,Primary,Employed,39,Current,2,327140,17,4,11,0,0.86,1,0,0,0,1
CUST0266,18,Female,Single,Primary,Employed,30,Savings,1,117161,18,6,7,2,0.68,0,1,1,1,0
CUST1168,23,Female,Married,Secondary,Employed,170,Savings,3,154080,14,12,8,0,0.62,1,1,0,0,0
CUST1261,43,Male,Single,University,Employed,57,Current,4,327802,18,4,10,0,0.51,1,0,0,0,1
CUST0693,18,Male,Married,Secondary,Employed,89,Current,1,12075,18,3,9,0,0.57,1,0,0,0,1
CUST2433,39,Male,Married,Primary,Employed,64,Savings,2,297368,16,12,4,0,0.52,0,0,0,0,0
CUST0057,21,Male,Single,Secondary,Employed,69,Savings,1,120476,14,10,13,0,0.66,2,0,1,0,0
CUST0163,33,Female,Single,None,Employed,76,Savings,2,43768,12,10,11,0,0.74,2,1,0,0,0
CUST0094,35,Male,Married,Primary,Employed,142,Current,3,192000,12,7,13,0,0.6,2,1,1,0,0
CUST1104,48,Male,Married,Primary,Employed,127,Savings,1,105152,14,14,14,0,0.76,0,0,0,0,0
CUST1098,30,Female,Married,Secondary,Self-employed,109,Savings,1,149526,11,9,7,0,0.55,2,1,0,1,1
CUST1089,30,Female,Married,University,Self-employed,21,Savings,3,98934,17,6,16,0,0.81,0,1,1,0,0
CUST2108,43,Female,Married,University,Employed,11,Fixed Deposit,2,84436,17,4,15,0,0.89,0,1,0,0,0
CUST0572,31,Male,Married,Secondary,Employed,63,Savings,3,396288,16,2,8,0,0.95,3,1,0,0,0
CUST2713,40,Female,Divorced,None,Self-employed,46,Savings,2,110344,19,5,10,0,0.72,0,0,0,0,0
CUST0954,45,Female,Married,Secondary,Unemployed,2,Savings,2,28927,12,6,9,0,0.81,1,1,1,0,1
CUST2486,28,Male,Single,University,Employed,13,Savings,1,342902,15,7,10,1,0.76,1,0,0,0,0
CUST0930,42,Male,Married,Secondary,Self-employed,177,Savings,1,25806,8,6,8,1,0.58,0,1,1,0,0
CUST0805,31,Male,Married,University,Self-employed,20,Current,1,81671,15,7,19,0,0.63,1,0,0,0,1
CUST1349,40,Male,Single,Secondary,Self-employed,66,Current,1,123244,20,6,18,0,0.64,0,0,1,0,1
CUST1651,31,Male,Married,None,Employed,167,Fixed Deposit,2,2520,11,8,10,0,0.8,0,0,0,0,0
CUST0758,51,Female,Single,Secondary,Self-employed,120,Current,3,193802,13,7,11,2,0.66,2,1,1,0,0
CUST0750,45,Female,Married,Secondary,Self-employed,37,Savings,1,129951,18,12,11,0,0.67,0,0,0,0,1
CUST1095,33,Male,Married,University,Employed,155,Savings,1,4666,9,10,4,0,0.81,1,1,1,0,0
CUST0034,18,Female,Single,Secondary,Employed,93,Current,1,72651,10,9,12,0,0.52,2,0,0,0,0
CUST2750,48,Female,Single,University,Self-employed,65,Savings,1,74546,11,5,7,0,0.83,0,0,1,1,0
CUST0750,33,Female,Married,Secondary,Self-employed,151,Savings,2,44563,12,7,9,0,0.89,1,0,1,0,1
CUST0292,22,Male,Married,None,Employed,121,Fixed Deposit,2,80525,13,7,9,0,0.67,2,0,1,0,0
CUST2412,36,Male,Married,Primary,Employed,81,Savings,2,64259,17,7,7,0,0.73,0,1,0,0,0
CUST2024,35,Female,Married,None,Unemployed,63,Current,2,300908,10,4,14,0,0.95,1,0,0,1,0
CUST2963,30,Male,Single,University,Employed,103,Current,1,76828,12,12,8,0,0.86,1,1,1,0,0
CUST0609,45,Female,Divorced,Primary,Employed,149,Savings,1,6611,11,11,11,0,0.8,1,1,0,0,0
CUST0733,27,Male,Divorced,Primary,Self-employed,127,Current,3,70938,20,9,9,0,0.56,0,0,0,0,0
CUST1556,37,Male,Married,Secondary,Self-employed,14,Current,2,73480,15,4,10,0,0.75,1,1,1,0,0
CUST0342,22,Male,Single,Primary,Self-employed,90,Savings,1,68563,13,7,12,0,0.62,1,1,0,0,0
CUST2315,39,Male,Divorced,None,Employed,110,Savings,1,239567,13,9,9,0,0.76,2,0,1,0,1
CUST0306,38,Male,Single,Primary,Employed,59,Savings,2,145717,16,8,15,0,0.59,0,1,1,0,0
CUST1969,20,Male,Married,Secondary,Unemployed,11,Current,2,32948,17,2,9,0,0.99,1,0,0,1,1
CUST1091,31,Male,Single,Secondary,Self-employed,154,Current,1,814914,11,8,3,0,0.74,1,1,1,0,0
CUST2685,42,Female,Married,Secondary,Employed,54,Savings,1,61090,20,11,7,0,0.64,1,0,0,0,1
CUST2584,47,Female,Married,Secondary,Unemployed,180,Savings,2,398293,22,8,11,0,0.78,3,1,1,0,1
CUST1470,40,Male,Single,Primary,Employed,119,Fixed Deposit,2,170206,12,6,4,0,0.51,0,0,0,1,1
CUST1860,31,Male,Married,Secondary,Employed,171,Fixed Deposit,3,153691,14,8,8,0,0.55,1,1,1,1,0
CUST2849,57,Female,Single,Secondary,Self-employed,85,Savings,2,98691,18,11,14,0,0.72,1,0,0,0,0
CUST2445,30,Male,Married,University,Self-employed,114,Current,1,129610,17,7,10,2,0.89,1,0,1,0,0
CUST0885,23,Female,Married,Secondary,Self-employed,64,Current,1,107685,19,9,9,0,0.9,1,1,0,0,1
CUST0309,28,Female,Single,Secondary,Self-employed,74,Current,2,282374,18,8,12,1,0.74,3,1,0,0,0
CUST0607,48,Female,Single,Secondary,Employed,161,Fixed Deposit,2,145791,15,3,6,0,0.66,1,1,0,0,1
CUST1211,31,Male,Divorced,Secondary,Unemployed,123,Savings,4,95312,18,8,11,0,0.81,2,1,0,0,0
CUST1094,40,Male,Single,Secondary,Employed,89,Current,4,16136,11,6,5,0,0.81,0,1,1,0,0
CUST0903,51,Female,Single,University,Employed,3,Savings,1,103661,21,4,15,0,0.95,2,1,0,0,1
CUST1468,32,Female,Single,University,Self-employed,7,Savings,2,109151,16,5,8,0,0.94,0,1,0,0,0
CUST1855,28,Male,Single,Secondary,Employed,64,Current,1,260171,14,4,12,0,0.83,1,1,0,1,0
CUST0316,30,Male,Divorced,Primary,Self-employed,25,Current,1,474770,14,12,12,1,0.67,1,1,0,0,0
CUST1334,63,Female,Divorced,Primary,Employed,73,Fixed Deposit,1,738875,14,8,10,0,0.54,3,1,0,0,1
CUST0511,27,Male,Married,University,Employed,145,Current,2,35682,17,5,13,1,0.54,1,0,0,0,1
CUST0149,38,Male,Single,Secondary,Employed,50,Savings,1,78182,15,5,13,0,0.88,1,0,0,0,0
CUST0340,44,Female,Married,Secondary,Employed,109,Current,3,39980,13,10,6,0,0.89,1,1,0,0,1
CUST1967,24,Female,Married,Secondary,Employed,90,Savings,1,42340,16,5,7,1,0.62,1,0,0,0,0
CUST0261,39,Male,Divorced,Secondary,Employed,151,Savings,2,80421,13,8,9,0,0.74,0,1,0,0,0
CUST0560,45,Male,Divorced,Secondary,Employed,111,Savings,2,31562,16,7,16,0,0.68,1,1,0,0,0
CUST2465,35,Female,Married,University,Self-employed,126,Savings,3,10250,19,7,8,0,0.86,2,1,0,1,0
CUST2058,27,Female,Married,University,Self-employed,165,Current,4,186541,14,5,14,0,0.95,1,0,0,0,0
CUST0271,33,Female,Married,Secondary,Employed,78,Savings,4,14424,13,8,11,0,0.77,1,1,0,0,0
CUST1272,39,Male,Single,University,Employed,50,Savings,1,4299,14,7,8,0,1,2,1,0,0,0
CUST1757,30,Female,Single,Primary,Employed,168,Current,1,118211,10,21,9,0,0.81,1,0,0,0,0
CUST0373,42,Male,Married,Primary,Employed,104,Savings,3,158115,27,5,9,0,0.56,2,1,0,1,1
CUST2430,33,Male,Married,Primary,Unemployed,85,Current,1,26833,13,8,15,0,0.64,0,1,0,0,1
CUST0559,28,Female,Married,University,Employed,156,Savings,2,62545,10,8,7,0,0.52,1,1,0,1,0
CUST2677,50,Female,Married,Secondary,Self-employed,177,Savings,3,132798,13,9,8,1,0.85,2,1,0,1,0
CUST2399,21,Female,Married,Secondary,Employed,149,Savings,4,163918,17,13,13,0,0.81,0,1,0,0,0
CUST2363,38,Male,Married,Secondary,Self-employed,167,Savings,2,54548,12,10,7,0,0.75,0,1,0,0,0
CUST1801,32,Female,Married,Secondary,Self-employed,44,Current,2,11437,14,6,12,0,0.85,0,1,0,0,0
CUST2101,34,Female,Single,Primary,Self-employed,107,Current,4,285923,14,11,12,0,0.62,0,1,0,0,0
CUST2047,34,Female,Married,Primary,Employed,116,Savings,1,33502,16,6,10,0,0.74,1,1,0,0,0
CUST0609,27,Female,Single,University,Employed,2,Savings,3,7805,21,7,13,0,0.64,0,1,0,1,0
CUST2977,29,Female,Single,Primary,Employed,144,Savings,1,37311,5,3,13,0,0.84,0,1,0,1,0
CUST1032,30,Male,Single,University,Self-employed,168,Savings,1,101057,16,7,11,0,0.76,0,1,0,0,0
CUST1493,44,Male,Married,Secondary,Employed,84,Savings,3,210466,8,10,9,1,0.65,1,1,0,0,0
CUST2929,45,Female,Married,University,Unemployed,91,Current,2,35599,16,11,7,0,0.94,1,0,0,1,0
CUST2083,43,Female,Married,University,Self-employed,9,Current,2,53152,17,6,6,0,0.74,4,1,1,0,1
CUST2076,44,Female,Single,None,Employed,68,Savings,3,23292,16,11,6,0,0.86,0,0,1,0,0
CUST0338,57,Male,Single,Secondary,Self-employed,91,Savings,3,496641,16,10,10,0,0.62,1,1,1,0,0
CUST0608,63,Male,Married,None,Self-employed,70,Savings,4,285196,14,2,4,0,0.86,1,0,0,0,0
CUST0627,31,Female,Married,Secondary,Employed,169,Current,1,415815,6,9,11,1,0.74,0,1,0,1,0
CUST1974,18,Female,Married,None,Unemployed,23,Savings,1,80379,10,10,8,0,0.74,1,0,1,0,1
CUST1189,40,Female,Married,Secondary,Employed,25,Current,1,20757,16,7,9,0,0.88,0,1,0,1,0
CUST2948,28,Male,Married,University,Employed,157,Current,1,43993,15,2,8,1,0.75,0,0,0,1,0
CUST1760,39,Male,Single,Secondary,Employed,13,Savings,4,95965,14,10,15,0,0.74,0,1,0,0,0
CUST1128,24,Female,Divorced,University,Unemployed,109,Savings,2,27377,10,9,12,0,0.99,1,1,1,0,0
CUST0016,40,Male,Married,Secondary,Employed,25,Savings,1,250438,16,11,21,0,0.5,0,0,1,0,1
CUST1054,23,Male,Divorced,Secondary,Employed,158,Savings,1,143940,21,4,10,0,0.96,1,1,1,1,0
CUST1924,54,Female,Single,Primary,Employed,162,Savings,2,170345,15,4,8,0,0.58,3,0,0,0,0
CUST2954,26,Female,Single,Primary,Employed,52,Savings,1,43018,12,14,8,0,0.75,0,1,0,0,1
CUST1261,46,Female,Married,University,Employed,12,Current,1,301005,19,11,14,0,0.69,1,0,1,0,0
CUST2329,26,Male,Divorced,Secondary,Self-employed,176,Current,1,47623,11,4,9,0,0.51,1,1,0,0,0
CUST2288,39,Female,Single,Primary,Unemployed,47,Savings,2,235612,11,8,15,0,0.67,1,0,1,0,1
CUST0531,30,Male,Married,Secondary,Unemployed,83,Current,2,327648,16,11,7,1,0.92,1,0,1,0,1
CUST2840,42,Male,Divorced,Primary,Employed,72,Savings,3,202794,20,5,8,0,0.84,0,1,0,0,0
CUST0230,48,Female,Single,University,Employed,150,Savings,1,303513,14,6,8,0,0.63,1,1,0,1,1
CUST2617,52,Male,Married,University,Employed,45,Fixed Deposit,2,91586,11,8,11,0,0.8,2,1,1,0,1
CUST2067,37,Female,Married,University,Employed,146,Savings,1,88270,9,11,4,0,0.74,0,1,1,1,1
CUST0483,24,Male,Married,University,Self-employed,116,Current,2,252622,18,13,11,0,0.53,2,1,0,0,0
CUST1408,28,Male,Single,Secondary,Employed,168,Current,3,88655,13,7,13,0,0.83,2,0,0,0,0
CUST2984,55,Female,Married,Secondary,Employed,11,Savings,1,281513,14,7,7,0,0.74,1,1,1,0,1
CUST2062,36,Female,Married,University,Employed,167,Savings,1,64428,18,8,13,1,0.96,0,1,0,0,0
CUST1202,31,Female,Married,None,Unemployed,66,Current,1,123849,17,7,9,0,0.84,2,1,0,1,1
CUST0938,40,Female,Married,None,Self-employed,127,Current,2,223571,13,5,12,1,0.52,2,1,0,0,1
CUST1775,21,Male,Single,University,Employed,44,Savings,3,210935,17,5,13,0,0.56,0,1,0,0,0
CUST0652,31,Female,Divorced,University,Self-employed,163,Fixed Deposit,1,5571,15,10,10,0,0.77,0,1,1,0,0
CUST2003,27,Female,Single,Primary,Employed,156,Savings,3,575347,15,14,14,0,0.83,1,0,0,0,0
CUST1839,18,Female,Single,Primary,Employed,37,Savings,2,84268,16,11,11,0,0.54,1,1,0,0,1
CUST0633,40,Female,Married,Primary,Employed,6,Savings,4,870,16,8,3,0,0.88,1,1,0,0,1
CUST2860,30,Female,Married,Secondary,Employed,70,Savings,1,260363,11,6,10,1,0.87,0,1,0,0,1
CUST2438,37,Male,Single,Primary,Employed,62,Current,1,410995,12,6,11,0,0.56,3,1,0,0,0
CUST1260,44,Male,Single,Secondary,Employed,104,Savings,1,10722,10,5,10,0,0.53,0,1,0,0,0
CUST0642,35,Female,Married,None,Employed,18,Savings,4,51980,16,9,9,0,0.67,1,1,0,0,0
CUST0363,45,Male,Single,University,Unemployed,74,Current,4,139308,12,11,7,0,0.71,1,1,0,0,0
CUST2131,26,Male,Married,University,Employed,156,Fixed Deposit,3,308538,20,8,10,0,0.55,2,1,1,0,0
CUST1134,35,Female,Single,Primary,Employed,47,Savings,1,163819,11,4,6,0,0.95,4,0,0,1,1
CUST0460,25,Male,Married,Secondary,Unemployed,5,Current,2,168434,11,6,6,0,0.86,0,0,1,0,0
CUST2077,48,Female,Single,University,Employed,107,Savings,2,45303,12,6,7,0,0.9,1,1,0,0,0
CUST0881,43,Female,Married,None,Self-employed,167,Savings,2,76781,12,6,12,0,0.85,0,1,1,0,0
CUST0856,23,Male,Married,University,Employed,178,Current,1,295105,17,7,10,0,0.95,1,1,1,0,0
CUST2793,41,Female,Single,Secondary,Unemployed,21,Savings,1,60732,15,7,10,0,0.86,0,1,0,0,0
CUST1235,39,Male,Single,Secondary,Self-employed,171,Savings,4,381795,15,11,12,0,0.97,0,0,0,0,0
CUST1792,42,Female,Single,Primary,Employed,165,Savings,2,131195,10,4,12,0,0.61,1,1,0,0,0
CUST2034,57,Female,Divorced,Primary,Self-employed,86,Current,1,183461,10,8,7,0,0.6,0,1,0,0,0
CUST2641,27,Male,Married,Secondary,Self-employed,155,Savings,2,147709,18,11,10,1,0.78,2,0,1,0,0
CUST0987,38,Male,Married,Primary,Self-employed,112,Current,2,92697,10,6,8,1,0.96,0,1,0,0,0
CUST0651,43,Male,Single,University,Employed,43,Current,2,260429,19,8,6,2,0.82,1,1,1,0,0
CUST0032,33,Female,Single,Secondary,Employed,152,Savings,3,254061,19,7,10,1,0.74,0,1,1,0,1
CUST0616,31,Female,Divorced,Primary,Self-employed,138,Savings,1,52462,14,11,12,0,0.72,1,1,0,1,0
CUST1615,38,Female,Married,Primary,Employed,32,Savings,3,96215,11,8,11,0,0.99,1,1,1,1,1
CUST2127,43,Female,Married,Primary,Employed,114,Fixed Deposit,3,18660,15,6,8,0,0.6,0,1,0,1,1
CUST1495,23,Female,Single,Primary,Employed,151,Savings,2,564460,24,4,13,0,0.53,0,1,0,0,0
CUST0584,33,Male,Single,Primary,Self-employed,107,Savings,1,13512,12,10,11,0,0.94,1,1,0,0,1
CUST1137,32,Female,Single,None,Unemployed,87,Current,1,278751,12,6,15,1,0.54,0,1,0,0,1
CUST0231,36,Female,Single,Secondary,Employed,63,Current,1,106244,10,4,17,0,0.6,2,1,0,0,1
CUST0438,51,Female,Married,Secondary,Self-employed,104,Savings,1,21706,16,6,9,0,0.67,1,0,0,0,1
CUST1004,27,Female,Married,Primary,Self-employed,134,Savings,3,235795,13,4,11,0,0.57,2,1,0,1,0
CUST0786,34,Male,Married,None,Unemployed,141,Current,1,193489,6,6,12,0,0.7,1,0,1,0,0
CUST0422,20,Female,Married,Secondary,Employed,155,Savings,1,40626,11,6,12,1,0.96,0,1,0,0,0
CUST1778,29,Male,Married,Primary,Self-employed,53,Savings,4,91602,10,9,13,0,0.55,5,1,0,0,0
CUST2708,33,Male,Single,Secondary,Self-employed,108,Current,1,477963,17,10,19,0,0.79,0,1,1,0,0
CUST0754,31,Male,Married,Secondary,Employed,138,Savings,3,94647,20,9,11,0,0.92,1,1,0,0,0
CUST2390,29,Male,Married,Secondary,Unemployed,157,Savings,2,282956,20,14,13,1,0.78,2,0,0,0,1
CUST1198,39,Female,Single,University,Employed,66,Savings,2,370479,16,10,21,0,0.98,1,0,1,0,0
CUST0462,34,Male,Single,Primary,Employed,113,Savings,4,422330,15,10,17,0,0.66,0,1,0,0,0
CUST2912,28,Female,Single,Primary,Self-employed,22,Current,3,43852,17,7,7,0,0.56,1,1,0,0,0
CUST2438,24,Male,Divorced,Secondary,Self-employed,29,Current,1,127593,23,4,5,0,0.82,1,1,0,0,0
CUST2243,42,Male,Married,Secondary,Unemployed,145,Savings,1,38614,18,7,15,0,0.5,2,1,0,0,1
CUST1026,24,Female,Married,Primary,Employed,130,Savings,4,9489,18,6,13,0,0.78,0,1,0,0,0
CUST0904,43,Male,Married,Secondary,Self-employed,49,Savings,2,174540,18,4,8,0,0.65,1,1,0,0,0
CUST0671,34,Male,Single,Primary,Employed,50,Current,1,108531,18,13,10,0,0.6,1,1,1,0,0
CUST1844,39,Female,Married,Primary,Self-employed,40,Fixed Deposit,2,15929,18,10,6,0,0.88,1,1,0,0,0
CUST2073,19,Female,Single,Primary,Employed,131,Savings,2,37003,10,11,12,0,0.93,0,1,0,0,0
CUST0374,35,Male,Single,Secondary,Employed,158,Current,2,42373,15,2,4,0,0.65,1,1,0,0,0
CUST2909,37,Male,Divorced,Primary,Employed,163,Savings,4,305313,15,8,9,0,0.72,0,1,0,0,0
CUST0796,53,Male,Married,Secondary,Unemployed,24,Savings,1,34585,9,10,6,0,0.7,1,1,1,0,0
CUST2482,45,Male,Single,None,Self-employed,138,Current,1,80891,10,6,3,0,0.79,2,0,0,0,0
CUST1117,31,Female,Single,University,Self-employed,34,Savings,1,112080,9,8,11,0,0.62,2,1,0,1,1
CUST0641,57,Male,Single,University,Self-employed,28,Current,1,111297,13,14,12,0,0.57,0,1,0,1,1
CUST1823,22,Male,Married,None,Unemployed,57,Savings,1,147641,12,5,9,0,0.69,1,1,1,1,1
CUST1625,39,Male,Single,Primary,Unemployed,80,Savings,3,17423,15,4,8,1,0.66,1,1,0,0,0
CUST2664,38,Male,Single,University,Employed,130,Savings,1,50764,21,10,8,2,0.91,3,1,0,1,0
CUST0767,46,Female,Divorced,None,Employed,124,Savings,2,70492,12,11,4,0,0.94,3,1,0,1,0
CUST0020,40,Male,Married,Secondary,Employed,80,Current,1,205030,21,6,13,0,0.61,1,1,1,0,0
CUST1372,34,Male,Married,Secondary,Employed,135,Savings,3,277014,13,6,8,0,0.65,1,1,0,1,0
CUST0562,31,Male,Married,Secondary,Employed,7,Fixed Deposit,1,34933,17,7,10,0,0.68,3,1,0,0,1
CUST2997,22,Male,Divorced,Secondary,Employed,64,Current,2,95544,10,11,17,0,0.8,2,1,0,0,0
CUST0005,47,Female,Single,Primary,Employed,66,Savings,1,165365,16,7,12,0,0.57,0,1,0,0,0
CUST1289,35,Male,Single,University,Self-employed,131,Savings,3,2363,14,8,8,0,0.69,1,1,0,0,0
CUST0686,29,Male,Married,Primary,Employed,180,Current,1,63992,13,4,15,0,0.67,0,1,0,0,1
CUST1629,44,Male,Married,Secondary,Employed,133,Current,1,15332,12,7,9,0,0.57,2,0,1,0,0
CUST2926,43,Female,Single,None,Employed,70,Savings,3,4776,13,4,10,0,0.95,0,1,0,0,0
CUST0759,38,Male,Single,Primary,Employed,132,Savings,1,16203,16,11,6,0,0.82,0,1,0,0,0
CUST2018,18,Female,Single,None,Self-employed,109,Current,1,64585,19,9,10,0,0.94,0,0,0,0,1
CUST1612,40,Female,Single,Secondary,Employed,96,Current,1,6408,13,10,8,0,0.66,1,1,0,1,0
CUST0094,61,Female,Married,None,Self-employed,3,Current,2,123411,16,5,11,0,0.77,1,1,0,0,0
CUST1354,20,Female,Married,Secondary,Unemployed,77,Savings,3,326426,17,10,11,0,0.63,2,1,1,1,0
CUST1129,29,Female,Married,University,Employed,68,Fixed Deposit,1,83427,18,8,12,0,0.93,1,1,1,0,0
CUST2570,46,Male,Single,None,Self-employed,146,Savings,3,269855,12,7,7,0,1,1,0,0,0,0
CUST2890,37,Female,Single,Secondary,Employed,84,Savings,1,122842,13,6,10,1,0.9,2,1,0,0,0
CUST2366,39,Male,Married,Secondary,Unemployed,1,Savings,1,160052,15,6,6,2,0.72,0,1,0,0,1
CUST1753,38,Male,Married,Secondary,Employed,43,Current,3,262706,16,8,7,0,0.88,2,1,0,1,1
CUST2302,31,Female,Single,University,Self-employed,64,Savings,3,17079,7,16,8,0,0.58,2,1,0,0,0
CUST1226,41,Male,Single,Secondary,Self-employed,38,Savings,3,224526,12,6,15,0,0.88,1,0,1,0,0
CUST1370,37,Male,Married,Secondary,Employed,71,Savings,2,381780,19,9,9,0,0.73,0,1,1,0,1
CUST0967,24,Female,Married,None,Employed,20,Current,3,358187,19,13,11,0,0.99,2,1,1,0,0
CUST0401,18,Male,Single,Primary,Self-employed,155,Savings,3,31947,12,10,11,0,0.82,2,1,1,0,0
CUST1073,35,Male,Married,Primary,Employed,60,Savings,4,9217,12,8,10,1,0.87,0,1,0,0,1
CUST0361,18,Male,Single,None,Self-employed,155,Current,2,4173,11,8,9,0,0.97,1,1,0,0,0
CUST0032,30,Female,Married,Primary,Employed,87,Current,1,63375,21,10,8,0,0.99,1,0,0,0,1
CUST2598,34,Male,Married,Secondary,Self-employed,174,Current,1,133123,23,10,4,0,0.7,1,0,0,0,0
CUST0675,60,Male,Divorced,Secondary,Employed,79,Current,1,77928,13,12,14,0,0.98,1,1,0,0,0
CUST1280,18,Male,Married,University,Employed,132,Current,1,2774,23,9,11,0,0.56,0,1,0,0,0
CUST0900,45,Female,Married,University,Self-employed,24,Savings,1,77200,16,6,9,0,0.64,2,1,0,1,0
CUST0167,28,Male,Married,University,Self-employed,44,Savings,1,113981,14,3,10,0,0.89,0,1,0,0,0
CUST2180,18,Male,Single,Secondary,Self-employed,52,Savings,3,267964,17,7,9,0,0.98,2,0,1,0,1
CUST2788,22,Female,Single,University,Employed,32,Current,4,29173,18,6,8,0,0.97,0,1,0,0,0
CUST1943,41,Male,Married,Secondary,Self-employed,31,Current,1,110460,18,7,14,0,0.6,2,0,0,0,0
CUST0173,33,Female,Married,Primary,Employed,9,Current,3,133560,20,9,14,0,0.6,1,1,1,0,0
CUST2175,36,Male,Single,None,Employed,142,Savings,3,20784,14,5,8,0,1,1,1,1,0,0
CUST1249,31,Male,Single,University,Self-employed,61,Fixed Deposit,1,424610,15,9,8,0,0.89,3,0,1,1,0
CUST0967,34,Male,Single,Secondary,Employed,86,Savings,3,30760,20,9,8,0,0.88,0,0,0,1,0
CUST2216,20,Male,Married,Primary,Employed,41,Savings,3,8738,20,5,1,0,0.56,1,1,1,0,0
CUST2734,44,Male,Single,Secondary,Employed,102,Savings,2,800160,11,9,8,0,0.53,2,0,1,0,1
CUST1573,47,Male,Single,Primary,Employed,133,Savings,2,189116,13,6,10,1,0.56,2,1,0,0,1
CUST0897,42,Female,Married,Primary,Unemployed,78,Fixed Deposit,3,187594,15,9,9,0,0.54,2,1,1,0,0
CUST1251,23,Male,Married,University,Employed,19,Savings,1,210808,15,7,9,0,0.6,0,1,0,0,0
CUST1351,32,Male,Married,Secondary,Employed,29,Savings,4,554093,8,7,12,1,0.86,0,1,0,0,0
CUST1409,41,Male,Single,Secondary,Self-employed,53,Savings,3,16088,14,6,9,0,0.52,1,0,0,1,0
CUST2270,40,Male,Single,Primary,Unemployed,18,Savings,4,8170,17,5,10,0,0.79,2,1,0,0,0
CUST2555,18,Male,Married,Primary,Employed,27,Savings,2,17167,14,4,9,1,0.61,1,1,1,0,0
CUST0967,20,Male,Married,Secondary,Employed,103,Current,4,37612,15,6,8,0,0.96,1,1,0,0,0
CUST0432,27,Male,Married,Secondary,Self-employed,170,Current,2,273860,7,7,10,0,0.58,0,1,0,1,0
CUST1869,18,Male,Married,Secondary,Self-employed,82,Savings,4,139214,14,5,11,1,0.62,0,1,1,0,0
CUST1410,43,Male,Divorced,Primary,Employed,58,Current,1,6622,12,5,5,0,0.57,0,1,0,0,1
CUST0342,31,Male,Single,Secondary,Self-employed,43,Current,3,10612,13,9,5,0,1,2,1,0,0,0
CUST1613,44,Male,Single,University,Self-employed,113,Current,3,77391,11,8,6,0,0.95,3,1,0,0,1
CUST0570,33,Male,Married,Secondary,Self-employed,83,Savings,1,8711,12,9,13,0,0.6,1,1,1,0,0
CUST2768,48,Male,Divorced,University,Employed,47,Savings,1,864192,19,6,7,0,0.77,3,0,0,0,0
CUST0109,18,Female,Married,Secondary,Employed,95,Savings,1,2910,12,10,7,1,0.83,2,1,1,0,0
CUST1063,28,Female,Married,None,Employed,20,Savings,2,217610,18,9,20,0,0.72,2,0,0,0,1
CUST2653,44,Male,Married,None,Employed,33,Savings,2,15606,17,5,9,0,0.92,1,1,0,0,1
CUST1857,38,Male,Married,University,Self-employed,167,Savings,3,219706,14,5,7,0,0.99,1,1,0,0,1
CUST0359,32,Male,Single,University,Employed,114,Current,2,184175,20,7,7,0,0.51,2,1,0,0,0
CUST1294,50,Female,Married,Secondary,Employed,44,Savings,1,186200,18,10,10,1,0.9,0,1,1,0,0
CUST0183,31,Male,Married,Secondary,Self-employed,77,Savings,2,10529,12,11,12,0,0.61,2,1,1,0,0
CUST1340,61,Male,Divorced,University,Employed,163,Fixed Deposit,3,527703,20,6,6,0,0.69,2,1,0,0,0
CUST1249,35,Female,Married,None,Employed,33,Savings,2,46122,12,3,13,1,0.83,1,1,0,0,1
CUST1762,27,Female,Single,None,Self-employed,106,Savings,3,89779,15,7,10,0,0.76,1,0,1,0,0
CUST0333,33,Female,Married,Secondary,Employed,58,Savings,2,38901,18,6,17,0,0.76,0,0,1,0,0
CUST0624,42,Female,Married,None,Employed,92,Savings,1,240247,15,8,8,0,0.76,1,1,0,1,1
CUST2605,48,Male,Divorced,University,Employed,124,Current,3,161918,16,6,13,0,0.91,1,1,0,0,0
CUST2499,45,Female,Single,University,Employed,166,Fixed Deposit,2,424522,12,9,6,0,0.56,0,1,1,0,0
CUST0923,26,Male,Single,University,Unemployed,86,Current,1,71475,13,11,13,1,0.75,3,1,0,0,0
CUST2557,18,Female,Married,Secondary,Employed,86,Savings,1,44078,12,9,11,0,0.75,1,1,0,0,0
CUST0017,41,Female,Married,University,Employed,65,Savings,1,78324,11,6,10,1,0.71,1,1,0,1,0
CUST1689,36,Female,Single,Secondary,Employed,38,Savings,2,111067,14,6,8,0,0.76,1,1,1,0,1
CUST2324,52,Female,Married,Primary,Self-employed,122,Savings,1,153288,11,9,10,0,0.76,1,1,0,1,0
CUST1656,39,Male,Married,University,Self-employed,2,Current,1,297481,16,11,10,1,0.83,2,1,1,0,1
CUST0334,49,Female,Married,Secondary,Employed,57,Savings,1,117609,14,6,10,1,0.51,0,1,0,0,1
CUST0651,33,Female,Single,Primary,Self-employed,125,Fixed Deposit,2,49348,17,6,8,0,1,0,1,0,0,0
CUST1668,35,Male,Divorced,Secondary,Employed,103,Savings,2,3565,11,9,11,0,0.59,0,1,1,0,0
CUST0954,33,Female,Divorced,Secondary,Employed,132,Savings,3,110719,17,1,9,0,0.93,2,1,0,0,0
CUST2292,50,Female,Married,Primary,Employed,102,Savings,1,375999,17,6,12,0,0.53,1,0,0,0,0
CUST1399,42,Male,Married,Secondary,Employed,111,Savings,3,46622,13,7,11,0,0.99,4,1,1,0,0
CUST1070,28,Female,Married,University,Employed,21,Savings,1,256567,9,8,13,0,0.98,2,1,1,0,1
CUST2966,36,Female,Single,Secondary,Employed,31,Fixed Deposit,1,97801,15,7,12,0,0.75,1,1,0,0,1
CUST1913,26,Male,Single,Secondary,Employed,10,Current,1,14291,24,4,11,0,0.62,0,0,1,0,1
CUST2279,18,Male,Divorced,University,Employed,49,Savings,2,118940,20,8,7,0,0.74,1,0,0,0,1
CUST2552,28,Male,Single,Secondary,Self-employed,31,Savings,1,38673,11,9,13,0,0.78,1,1,1,1,0
CUST0067,30,Female,Single,University,Employed,65,Current,3,190495,9,3,12,0,0.73,2,1,0,0,1
CUST1896,29,Female,Married,Primary,Self-employed,129,Current,3,54547,15,10,8,0,0.68,0,1,0,0,0
CUST2944,43,Male,Single,University,Self-employed,97,Fixed Deposit,1,106411,7,12,10,0,0.55,1,1,0,0,0
CUST1655,20,Male,Married,None,Employed,114,Savings,1,90185,16,7,16,0,0.86,2,1,1,0,0
CUST2647,32,Female,Married,None,Employed,57,Current,1,518130,16,5,18,0,0.88,1,1,0,0,0
CUST0354,38,Female,Married,Primary,Employed,36,Savings,2,8317,17,7,14,0,0.97,0,0,1,0,1
CUST2496,36,Female,Married,None,Employed,77,Savings,1,33634,10,15,6,1,0.7,1,1,0,0,1
CUST1489,29,Male,Married,Secondary,Employed,111,Savings,1,60587,32,7,5,0,0.61,2,1,0,0,0
CUST2955,47,Female,Single,None,Employed,128,Current,2,127974,13,6,10,0,0.82,1,0,0,0,0
CUST0583,62,Male,Married,Secondary,Employed,146,Savings,3,216407,12,6,6,0,0.75,1,1,0,0,0
CUST2076,35,Female,Single,Secondary,Employed,97,Savings,2,12335,11,10,19,0,0.88,0,0,0,0,0
CUST1205,36,Male,Married,None,Employed,80,Savings,1,190054,12,7,7,0,0.64,1,1,0,1,0
CUST0881,49,Female,Married,Primary,Employed,42,Savings,3,191604,16,9,5,0,0.68,0,0,0,0,1
CUST2944,42,Female,Single,None,Employed,52,Savings,1,63250,12,11,11,0,0.88,3,1,0,0,0
CUST1186,41,Male,Married,Secondary,Employed,176,Current,1,204868,18,7,8,0,0.96,1,1,0,0,0
CUST2741,23,Female,Married,Secondary,Unemployed,146,Savings,2,9432,16,12,10,0,0.63,1,1,0,0,1
CUST2502,31,Male,Single,Primary,Self-employed,59,Fixed Deposit,2,256418,14,7,6,0,0.86,1,1,1,0,0
CUST0588,22,Male,Single,Secondary,Self-employed,24,Savings,1,36137,16,9,12,0,0.55,0,0,0,0,0
CUST1293,25,Male,Married,Primary,Unemployed,133,Savings,1,229840,20,9,9,1,0.83,4,1,0,0,0
CUST0652,25,Female,Single,University,Self-employed,157,Savings,2,377163,14,3,3,0,0.89,1,0,0,0,0
CUST2369,44,Male,Divorced,Primary,Self-employed,2,Savings,1,122695,20,7,11,0,0.62,2,1,0,0,1
CUST2172,19,Female,Married,Secondary,Self-employed,105,Current,2,195479,14,9,5,1,0.73,0,1,0,0,0
CUST0552,38,Female,Married,University,Self-employed,153,Savings,2,178741,18,6,11,1,0.65,2,1,0,0,0
CUST2472,31,Male,Single,Primary,Employed,56,Current,2,20881,15,8,7,0,0.66,1,1,0,0,1
CUST0612,38,Female,Married,University,Unemployed,153,Fixed Deposit,2,123533,17,8,12,0,0.57,0,1,1,0,0
CUST2393,23,Male,Single,Primary,Employed,86,Current,4,35118,11,10,12,0,0.93,2,1,1,0,1
CUST2016,43,Male,Married,University,Employed,19,Savings,2,78872,8,7,10,0,0.86,5,0,0,1,1
CUST1604,38,Female,Married,Secondary,Self-employed,124,Savings,3,56148,16,10,13,1,0.64,0,1,0,0,0
CUST0481,42,Female,Married,Primary,Employed,80,Savings,1,100365,15,10,5,0,0.93,0,0,0,1,1
CUST1712,27,Female,Married,University,Self-employed,135,Savings,1,73604,16,13,5,0,0.81,4,1,0,0,0
CUST2355,25,Female,Single,Primary,Employed,123,Current,1,406100,16,7,12,0,0.94,2,1,0,0,0
CUST0880,19,Female,Married,None,Self-employed,125,Savings,4,518888,17,7,9,0,0.52,4,1,0,0,1
CUST1325,29,Male,Divorced,Secondary,Self-employed,19,Current,3,74872,13,5,6,0,0.6,0,1,1,0,0
CUST1599,27,Female,Married,Secondary,Employed,115,Current,1,359167,10,6,7,0,0.66,2,1,0,0,0
CUST0318,36,Female,Single,Secondary,Employed,128,Fixed Deposit,2,775,23,6,5,0,0.97,1,1,0,0,1
CUST2571,33,Male,Single,University,Self-employed,25,Savings,4,29821,9,4,14,0,1,0,1,0,1,0
CUST0234,40,Male,Married,Secondary,Employed,155,Current,1,171347,14,9,13,0,0.87,1,1,1,0,1
CUST0503,41,Male,Single,University,Self-employed,136,Savings,4,28379,14,11,12,0,0.65,2,1,1,1,0
CUST0795,35,Male,Single,Primary,Self-employed,127,Current,2,20440,11,5,13,0,0.63,1,0,1,0,0
CUST0720,42,Male,Divorced,None,Employed,162,Savings,3,249027,21,11,14,0,0.88,2,0,0,0,0
CUST0886,48,Male,Divorced,Secondary,Employed,143,Savings,1,225984,15,4,7,0,0.6,2,0,0,0,0
CUST1898,41,Male,Married,None,Employed,119,Savings,2,94164,8,8,8,0,0.76,1,1,1,0,0
CUST1005,45,Male,Single,University,Employed,86,Savings,1,33365,14,8,13,0,0.59,0,1,0,0,0
CUST2138,50,Male,Single,Primary,Unemployed,121,Savings,1,204534,12,14,7,1,0.53,1,1,1,0,1
CUST2095,38,Female,Married,Primary,Employed,9,Savings,1,59001,20,12,15,0,0.69,1,1,0,0,0
CUST0634,35,Male,Single,University,Employed,148,Savings,2,22576,15,10,12,0,0.6,0,1,1,0,0
CUST1996,40,Male,Married,Secondary,Unemployed,122,Current,2,169485,14,4,9,0,0.77,0,0,0,1,0
CUST2045,40,Female,Married,Secondary,Employed,2,Current,4,125659,8,8,14,0,0.54,0,1,0,0,1
CUST0765,36,Female,Married,Secondary,Employed,19,Current,3,38280,15,7,3,0,0.68,1,0,0,0,0
CUST0819,29,Male,Divorced,Primary,Employed,106,Current,2,576579,11,10,6,0,0.55,2,1,1,0,0
CUST0547,41,Male,Married,University,Self-employed,119,Fixed Deposit,1,145671,17,9,8,0,0.56,0,1,1,1,1
CUST0215,27,Female,Divorced,Secondary,Unemployed,125,Current,3,213160,19,8,10,0,0.94,0,0,1,0,0
CUST2148,29,Male,Married,Secondary,Employed,101,Current,2,298048,18,6,11,0,0.72,2,1,0,0,0
CUST2109,32,Male,Single,None,Self-employed,112,Current,2,45764,9,10,8,0,0.86,0,1,0,0,0
CUST2343,28,Female,Married,Secondary,Employed,103,Current,1,211772,16,7,12,0,0.86,0,0,1,1,0
CUST0447,32,Male,Single,Secondary,Self-employed,25,Current,1,224370,12,10,12,0,0.82,0,0,0,0,0
CUST1989,59,Female,Married,University,Employed,158,Savings,1,543605,21,8,11,0,0.54,1,1,0,0,0
CUST1297,45,Female,Married,Primary,Employed,7,Savings,3,305045,12,6,10,0,0.69,1,1,0,0,0
CUST1505,27,Female,Married,Secondary,Self-employed,56,Current,4,61085,15,8,16,0,0.65,2,1,1,1,1
CUST0420,61,Female,Divorced,Primary,Employed,44,Current,1,28064,10,10,12,0,0.55,2,0,0,0,0
CUST1489,29,Male,Married,Primary,Employed,105,Fixed Deposit,3,52812,13,11,11,0,0.61,0,1,0,0,0
CUST1170,37,Male,Married,Primary,Self-employed,137,Current,1,300251,11,4,8,0,0.86,1,0,1,0,0
CUST2028,48,Male,Single,Secondary,Employed,148,Savings,2,148029,16,7,5,0,0.99,2,1,0,0,0
CUST0381,47,Female,Single,Primary,Employed,78,Savings,1,222594,13,12,11,0,0.76,3,1,0,0,1
CUST2249,45,Female,Single,University,Employed,79,Savings,4,113973,14,8,14,0,0.73,0,1,1,0,1
CUST0831,26,Female,Married,Secondary,Self-employed,158,Current,1,25659,21,5,13,0,0.52,3,0,0,0,0
CUST0514,22,Male,Married,Primary,Self-employed,109,Fixed Deposit,2,204331,15,10,3,0,0.85,0,1,0,0,1
CUST1900,49,Female,Married,University,Employed,134,Savings,4,183783,17,9,7,0,0.52,1,1,0,1,1
CUST2138,34,Female,Single,Secondary,Employed,55,Current,3,21033,22,7,10,0,0.5,0,0,0,0,0
CUST1093,38,Female,Married,Secondary,Employed,75,Current,1,267538,12,6,11,1,0.52,1,1,1,1,0
CUST2236,40,Female,Married,University,Employed,174,Current,2,478150,18,13,12,1,0.91,1,1,0,1,1
CUST2976,18,Male,Single,Secondary,Self-employed,152,Current,2,24488,12,9,11,0,0.59,1,1,0,0,0
CUST0393,34,Female,Married,Primary,Employed,59,Current,4,25878,15,11,14,0,0.67,1,1,0,1,1
CUST0149,44,Male,Single,Primary,Self-employed,135,Savings,1,70301,17,9,8,1,0.85,3,1,0,0,0
CUST1646,40,Male,Single,Secondary,Self-employed,36,Fixed Deposit,2,65011,14,9,11,0,0.64,2,1,0,1,0
CUST2646,48,Female,Married,None,Employed,175,Current,1,108143,9,11,9,0,0.68,1,1,0,0,0
CUST1512,31,Male,Married,Secondary,Self-employed,70,Savings,1,104853,16,9,10,1,0.51,2,1,0,0,0
CUST1874,34,Female,Married,Secondary,Self-employed,176,Savings,4,193400,13,12,11,0,0.69,1,1,0,0,0
CUST0025,35,Male,Single,University,Employed,5,Savings,1,485891,19,8,11,1,0.85,1,0,0,0,1
CUST1547,32,Male,Single,University,Employed,134,Savings,2,72787,11,8,10,0,0.99,0,1,0,0,1
CUST2876,30,Male,Single,Secondary,Employed,161,Savings,1,11407,11,11,12,0,1,0,1,1,0,0
CUST2267,25,Male,Married,Primary,Employed,167,Savings,3,78954,19,6,8,0,0.78,2,1,0,0,0
CUST2057,32,Female,Single,Primary,Employed,118,Current,2,89733,16,5,8,0,0.84,0,1,0,0,1
CUST1829,22,Female,Single,Primary,Employed,11,Savings,3,65299,16,7,11,0,0.74,0,0,1,0,0
CUST2058,20,Male,Married,Primary,Employed,27,Savings,1,447142,16,8,9,0,0.74,0,1,0,1,1
CUST1106,30,Male,Married,Secondary,Self-employed,159,Savings,4,14592,10,3,11,2,0.71,2,1,0,0,0
CUST2403,22,Female,Single,Primary,Unemployed,68,Savings,2,215344,12,9,9,0,0.98,2,1,0,0,0
CUST2644,58,Male,Single,Secondary,Employed,24,Current,2,123727,11,8,8,1,0.97,0,1,0,0,1
CUST0744,38,Female,Married,Secondary,Employed,32,Savings,1,189107,16,6,12,0,0.74,0,0,0,0,0
CUST0539,44,Female,Married,Primary,Employed,164,Savings,1,174048,19,10,8,0,0.63,1,0,0,0,0
CUST2275,30,Female,Married,Secondary,Employed,7,Savings,2,618,16,8,11,1,0.56,3,0,0,0,0
CUST2850,20,Male,Divorced,Secondary,Employed,115,Savings,4,70829,12,6,13,1,0.95,0,1,0,0,0
CUST0403,30,Female,Divorced,Secondary,Unemployed,117,Fixed Deposit,1,69864,17,6,9,1,0.53,0,0,0,0,0
CUST2135,47,Female,Married,None,Unemployed,180,Savings,2,10231,13,8,8,0,0.87,2,0,0,0,0
CUST2867,46,Male,Divorced,Secondary,Employed,114,Savings,2,27149,11,8,13,0,0.54,0,0,0,0,0
CUST1693,27,Female,Married,Primary,Unemployed,54,Savings,1,56495,12,6,7,0,0.72,1,1,0,0,0
CUST0604,18,Male,Single,Primary,Self-employed,98,Current,2,450160,11,13,6,0,0.68,0,1,0,0,1
CUST0180,31,Female,Married,Primary,Employed,16,Savings,1,377538,12,9,10,0,0.5,3,1,0,0,0
CUST0696,32,Female,Married,University,Unemployed,39,Fixed Deposit,1,10064,7,9,8,0,0.97,0,0,0,0,1
CUST0333,43,Female,Single,Primary,Employed,120,Savings,1,127874,19,15,9,0,0.56,2,1,1,0,1
CUST0625,29,Female,Married,Secondary,Employed,59,Fixed Deposit,1,173519,11,7,11,1,0.97,3,1,1,0,0
CUST2130,19,Female,Single,Secondary,Employed,88,Savings,1,31588,17,8,9,0,0.68,1,1,0,1,0
CUST0404,42,Female,Married,University,Employed,144,Savings,2,108231,13,6,11,0,0.56,1,1,0,0,0
CUST1967,28,Female,Married,Primary,Unemployed,39,Current,1,6471,23,9,10,0,0.82,0,1,1,0,0
CUST0666,38,Female,Married,Primary,Employed,105,Current,3,75770,12,7,11,0,0.56,2,1,0,0,1
CUST2147,33,Female,Married,None,Employed,67,Current,1,72938,11,11,12,1,0.51,1,1,0,0,0
CUST1286,31,Female,Divorced,Primary,Employed,107,Savings,2,352851,11,5,10,0,0.92,2,1,1,0,0
CUST2907,38,Female,Single,University,Employed,129,Current,3,387098,13,9,10,0,0.76,0,0,0,0,0
CUST2505,40,Female,Single,None,Employed,35,Savings,2,78759,12,6,9,0,0.6,0,1,0,0,0
CUST1637,26,Male,Single,Secondary,Self-employed,133,Savings,3,45056,12,8,10,0,0.63,1,1,1,1,1
CUST1909,32,Female,Single,Secondary,Unemployed,88,Savings,2,71788,17,7,15,0,0.68,0,1,0,0,0
CUST1411,46,Female,Married,Secondary,Employed,99,Savings,3,83059,16,10,14,1,0.96,0,1,0,1,0
CUST0469,32,Female,Divorced,Primary,Employed,83,Current,2,11800,14,6,8,0,0.7,1,1,0,0,0
CUST0196,20,Male,Married,Primary,Employed,16,Savings,3,33013,7,3,12,0,0.58,1,0,1,1,1
CUST2143,23,Female,Married,Secondary,Self-employed,91,Savings,1,17601,19,7,17,1,0.81,0,1,0,0,0
CUST2833,43,Male,Married,University,Self-employed,23,Savings,3,7431,20,10,8,1,0.51,0,1,1,0,0
CUST2752,30,Male,Single,Secondary,Self-employed,97,Savings,2,69266,14,10,14,0,0.97,0,1,1,0,0
CUST2192,37,Male,Married,University,Employed,16,Current,2,464471,15,10,12,0,0.83,2,1,0,0,1
CUST0300,50,Male,Single,Secondary,Employed,122,Savings,2,402795,11,7,11,1,0.78,0,1,1,0,0
CUST2454,47,Male,Single,Primary,Self-employed,34,Savings,2,12177,16,9,10,0,1,1,0,0,0,0
CUST2131,36,Female,Single,Secondary,Employed,43,Current,2,172774,19,7,9,0,0.81,1,1,0,0,0
CUST2304,32,Male,Single,Secondary,Employed,124,Savings,2,168877,14,7,11,0,0.73,0,1,1,0,1
CUST0171,38,Male,Married,University,Self-employed,53,Fixed Deposit,2,84121,10,9,12,1,0.67,1,1,0,0,0
CUST1920,29,Male,Married,Primary,Employed,79,Current,2,18884,14,7,12,0,0.71,0,1,0,0,0
CUST2432,37,Female,Married,None,Self-employed,79,Savings,2,30488,14,5,12,0,0.78,0,0,1,0,0
CUST1489,45,Male,Divorced,Secondary,Employed,49,Savings,2,59192,17,8,11,1,0.63,3,1,0,0,1
CUST1147,29,Male,Married,Primary,Self-employed,36,Savings,3,18964,13,13,14,0,0.5,2,0,0,1,1
CUST0291,45,Female,Divorced,Secondary,Unemployed,60,Savings,3,166185,14,7,14,0,0.55,0,1,0,0,0
CUST0108,44,Male,Single,Secondary,Employed,117,Savings,1,465499,21,4,10,1,0.78,1,1,1,0,0
CUST0153,42,Male,Married,Secondary,Employed,140,Savings,4,371095,12,9,12,1,0.71,0,1,1,0,1
CUST0655,42,Male,Single,Primary,Self-employed,6,Savings,3,63029,15,6,10,0,0.98,1,0,1,0,1
CUST0370,30,Male,Single,Primary,Employed,150,Current,1,62705,14,9,6,0,0.63,1,1,1,0,0
CUST1815,44,Male,Married,Secondary,Employed,38,Savings,1,102409,17,9,16,0,0.69,1,1,0,0,1
CUST1994,40,Female,Married,Secondary,Employed,71,Savings,1,25764,16,11,11,0,0.59,1,1,1,0,0
CUST1464,18,Female,Single,Secondary,Self-employed,130,Current,1,11327,11,10,7,0,0.73,1,1,1,0,1
CUST2898,38,Female,Married,Primary,Employed,31,Savings,2,77231,10,11,6,1,0.59,1,1,0,0,0
CUST1323,40,Female,Married,University,Employed,95,Savings,4,151791,12,7,11,1,0.76,1,0,0,1,1
CUST2309,38,Male,Married,Primary,Unemployed,109,Current,1,210383,15,14,14,0,0.67,2,0,0,0,0
CUST1957,34,Male,Single,University,Employed,82,Fixed Deposit,3,67152,20,6,10,0,0.74,3,1,1,0,0
CUST0713,41,Female,Single,Primary,Employed,148,Savings,4,30501,18,11,8,0,0.51,1,0,0,0,0
CUST0413,30,Male,Single,None,Self-employed,60,Current,3,444445,10,9,6,1,0.73,0,1,0,0,0
CUST2603,48,Male,Single,Secondary,Employed,118,Savings,1,42436,13,4,8,0,0.7,2,1,0,0,0
CUST0794,39,Male,Single,University,Employed,85,Savings,2,77492,9,10,15,0,0.67,3,1,1,1,1
CUST0476,30,Male,Married,University,Employed,98,Savings,1,152918,12,9,10,0,0.7,1,1,0,0,0
CUST1870,44,Female,Single,University,Employed,131,Savings,2,49485,20,9,8,0,0.96,0,1,1,0,0
CUST2700,48,Male,Married,None,Employed,180,Savings,4,116164,17,6,11,0,0.58,0,1,0,0,0
CUST0789,27,Female,Married,None,Self-employed,38,Savings,2,491433,14,10,9,1,1,0,1,1,0,0
CUST0458,26,Male,Married,University,Employed,127,Current,2,56458,16,6,10,0,0.88,0,1,1,0,1
CUST2373,27,Female,Married,Primary,Unemployed,145,Savings,2,500459,16,12,3,0,0.55,1,1,1,1,0
CUST2648,18,Female,Single,Primary,Employed,136,Current,4,329830,13,6,13,0,0.72,3,1,1,0,1
CUST0594,33,Female,Divorced,Primary,Employed,68,Savings,1,542510,10,10,8,0,0.9,0,1,0,0,0
CUST1866,19,Male,Married,University,Employed,24,Savings,4,71794,13,11,10,0,0.59,1,1,1,1,1
CUST0886,47,Female,Single,Secondary,Employed,82,Savings,1,159862,14,4,7,0,0.6,0,0,1,0,0
CUST1544,39,Male,Married,Primary,Employed,154,Current,1,48627,12,5,12,0,0.71,1,1,1,0,0
CUST1312,32,Male,Married,Secondary,Employed,71,Savings,1,301057,19,12,6,1,0.52,1,0,1,1,0
CUST0375,25,Male,Married,Primary,Employed,143,Savings,1,189856,17,8,3,0,0.97,0,1,0,0,0
CUST0837,42,Female,Divorced,Secondary,Unemployed,94,Savings,2,8610,15,6,15,0,0.9,4,1,0,0,0
CUST0552,40,Male,Married,Secondary,Self-employed,87,Fixed Deposit,1,312082,11,12,16,0,0.93,1,0,0,0,0
CUST1882,32,Female,Married,Secondary,Self-employed,106,Savings,3,121732,11,8,14,0,0.56,2,1,0,0,0
CUST2241,51,Female,Married,Secondary,Employed,164,Current,4,81358,17,7,11,1,0.96,0,1,1,0,0
CUST2604,18,Female,Married,None,Employed,36,Savings,1,481733,16,13,8,0,0.97,1,0,0,0,1
CUST0170,35,Male,Married,Secondary,Employed,112,Savings,4,342669,10,9,15,0,0.78,2,1,0,1,0
CUST2192,37,Female,Married,University,Employed,93,Savings,1,160473,19,8,7,0,0.57,1,1,0,0,0
CUST1248,41,Male,Single,Secondary,Employed,48,Savings,3,65846,16,5,15,1,0.63,0,0,0,0,1
CUST2495,25,Female,Divorced,Primary,Employed,91,Fixed Deposit,4,75748,12,3,17,0,0.81,1,0,1,0,0
CUST1857,44,Female,Single,Secondary,Self-employed,110,Current,4,45769,15,7,15,0,0.75,1,1,1,0,0
CUST0915,31,Male,Divorced,Primary,Self-employed,131,Savings,1,197504,15,6,15,0,0.9,0,0,0,1,0
CUST1747,43,Male,Single,Primary,Employed,159,Savings,1,381770,15,4,9,0,0.7,0,0,1,0,0
CUST1436,30,Female,Married,University,Employed,96,Current,1,77724,16,12,9,0,0.66,0,1,0,0,0
CUST1238,24,Female,Married,Secondary,Self-employed,141,Current,2,135971,16,6,14,0,0.66,1,0,0,0,0
CUST0610,22,Male,Single,University,Employed,40,Savings,3,696184,12,6,10,0,0.69,2,1,1,0,1
CUST0173,47,Female,Single,None,Employed,116,Savings,3,44944,16,9,5,1,0.62,3,1,0,1,1
CUST2316,35,Male,Single,Primary,Employed,7,Current,2,35900,9,3,9,0,0.71,2,1,1,1,0
CUST1325,22,Female,Single,None,Self-employed,88,Current,1,121093,15,9,12,0,0.7,1,1,0,0,0
CUST0236,34,Female,Single,None,Self-employed,8,Current,1,370321,16,8,8,0,0.92,2,1,0,1,0
CUST2458,27,Female,Married,Primary,Employed,130,Savings,2,230149,13,7,18,0,0.84,0,1,0,0,0
CUST1448,21,Male,Single,Primary,Self-employed,33,Savings,1,123576,20,11,11,0,0.71,1,1,0,1,1
CUST1325,38,Male,Single,Secondary,Self-employed,163,Current,1,34900,13,12,10,0,0.77,3,0,1,1,1
CUST0345,29,Female,Single,Secondary,Self-employed,79,Savings,1,192232,20,13,4,0,0.51,2,0,0,0,0
CUST1437,26,Female,Single,None,Employed,82,Fixed Deposit,2,49113,17,5,7,0,0.57,2,1,0,1,1
CUST2514,47,Female,Single,Secondary,Employed,100,Savings,2,43384,9,5,9,1,0.9,0,1,1,0,1
CUST2959,37,Male,Single,Secondary,Self-employed,177,Savings,3,218468,17,5,7,1,0.95,0,1,0,0,0
CUST2167,39,Female,Married,University,Self-employed,99,Fixed Deposit,1,514000,9,6,6,0,0.7,0,1,0,0,0
CUST2789,51,Male,Single,Secondary,Unemployed,58,Current,1,101894,17,5,7,1,0.74,1,0,1,1,0
CUST1644,37,Male,Divorced,Primary,Self-employed,1,Savings,3,84298,11,18,6,0,0.69,2,0,1,0,0
CUST0885,20,Female,Married,Secondary,Employed,56,Fixed Deposit,3,536133,10,7,11,0,0.77,2,0,0,0,1
CUST1849,39,Male,Single,Secondary,Self-employed,158,Savings,3,592620,17,8,10,0,0.57,1,1,0,0,0
CUST2424,50,Female,Single,University,Employed,154,Savings,1,20151,12,5,6,0,0.65,3,1,0,0,1
CUST2486,30,Female,Married,None,Employed,4,Current,3,147441,21,6,9,0,0.71,1,1,1,0,0
CUST2823,60,Male,Married,Primary,Employed,72,Savings,2,59072,18,9,11,1,0.88,0,1,0,0,0
CUST1256,37,Male,Single,None,Unemployed,172,Current,2,213615,10,9,11,1,0.81,0,0,1,0,0
CUST1083,38,Female,Married,Secondary,Unemployed,119,Savings,1,7337,15,5,9,0,0.66,2,1,1,0,0
CUST1834,39,Male,Married,None,Self-employed,22,Current,2,131642,11,8,9,0,0.8,1,1,0,0,0
CUST0707,46,Male,Single,Secondary,Self-employed,9,Fixed Deposit,2,267571,13,8,13,0,0.62,0,1,0,0,0
CUST1654,25,Female,Married,Secondary,Unemployed,91,Current,1,187326,11,9,4,0,0.66,0,0,0,0,0
CUST2051,49,Female,Married,University,Employed,59,Savings,3,186910,12,8,14,0,0.97,1,1,0,0,0
CUST2684,50,Female,Single,Secondary,Employed,119,Savings,1,3107,13,10,7,0,0.68,1,1,1,0,1
CUST0326,49,Male,Married,Primary,Self-employed,139,Savings,4,99214,18,8,10,1,0.94,2,1,0,0,0
CUST1105,39,Male,Married,University,Employed,93,Savings,1,238017,14,6,9,0,0.72,3,0,0,0,0
CUST2047,18,Female,Divorced,University,Employed,148,Current,2,105373,13,5,14,0,0.82,1,1,0,1,0
CUST0767,35,Male,Divorced,Secondary,Self-employed,104,Savings,4,12052,10,13,7,0,0.82,1,0,0,1,0
CUST0112,41,Female,Married,Secondary,Self-employed,97,Current,1,36353,16,11,10,1,0.89,0,1,0,0,0
CUST1730,43,Female,Single,Primary,Employed,84,Savings,1,51583,10,9,13,0,0.73,4,1,1,0,0
CUST2379,38,Female,Single,Secondary,Employed,88,Savings,1,11956,15,7,17,0,0.95,2,1,0,0,0
CUST1073,49,Male,Divorced,Primary,Employed,90,Current,4,277660,13,8,9,0,0.56,1,1,1,0,1
CUST1533,43,Male,Single,Primary,Self-employed,68,Fixed Deposit,1,115720,13,9,7,0,0.54,1,1,1,0,0
CUST2275,35,Female,Divorced,University,Employed,149,Savings,2,243645,11,6,12,1,0.97,1,0,0,1,1
CUST0935,29,Female,Divorced,None,Employed,178,Current,1,12357,23,12,18,0,0.83,0,0,1,0,0
CUST1199,26,Male,Married,Primary,Employed,156,Savings,2,34287,10,7,8,0,0.6,1,1,1,0,0
CUST0098,49,Female,Divorced,University,Employed,107,Savings,2,374452,22,5,10,0,0.98,0,1,0,0,0
CUST2594,38,Male,Married,None,Employed,171,Savings,4,25783,25,8,12,0,0.68,0,1,0,0,0
CUST0738,49,Male,Married,Secondary,Employed,28,Savings,2,154909,12,13,6,0,0.95,3,1,0,0,1
CUST1308,18,Female,Married,Secondary,Employed,180,Current,3,6908,11,14,10,0,0.85,2,1,0,0,0
CUST2185,28,Male,Married,Secondary,Employed,97,Current,1,116256,15,2,14,0,0.58,0,1,1,0,0
CUST2414,18,Male,Single,Secondary,Self-employed,132,Current,1,35909,16,5,7,0,0.75,2,1,0,1,0
CUST0185,41,Female,Divorced,Primary,Employed,138,Savings,1,37331,22,5,11,0,0.53,1,1,1,1,0
CUST0229,43,Male,Single,Primary,Self-employed,63,Savings,2,175325,19,10,11,0,0.57,0,0,0,0,1
CUST1350,27,Male,Single,Secondary,Self-employed,16,Current,2,69458,11,10,15,0,0.78,2,1,0,0,1
CUST1668,45,Male,Single,Primary,Employed,116,Savings,3,39175,7,19,11,0,0.79,0,0,1,0,0
CUST0335,47,Male,Single,None,Self-employed,48,Fixed Deposit,2,103910,11,14,12,1,0.88,1,1,0,0,0
CUST1331,47,Male,Married,Secondary,Employed,17,Savings,4,181239,19,2,8,1,0.77,1,0,0,0,0
CUST1119,27,Female,Married,University,Employed,74,Current,2,6711,9,9,9,0,0.82,2,1,0,1,1
CUST2698,32,Female,Married,Secondary,Employed,100,Fixed Deposit,3,7585,21,7,10,2,0.57,1,1,0,0,1
CUST2131,47,Female,Married,Primary,Self-employed,165,Savings,4,78365,14,8,6,0,0.89,1,0,0,1,1
CUST0894,35,Female,Married,Primary,Employed,74,Savings,1,139552,18,4,15,1,0.64,3,1,0,0,1
CUST0328,51,Female,Single,Primary,Self-employed,70,Savings,2,85084,8,11,8,0,0.85,0,0,0,1,1
CUST2563,47,Male,Single,Secondary,Employed,74,Current,4,46482,23,4,11,0,0.89,2,1,0,1,0
CUST0903,46,Male,Single,Secondary,Employed,22,Savings,4,123013,11,5,17,1,0.61,1,1,0,1,0
CUST1833,25,Male,Single,Secondary,Self-employed,180,Current,2,139546,19,9,10,0,0.96,2,0,0,1,0
CUST1668,43,Male,Married,University,Employed,165,Savings,3,53146,9,6,14,0,0.5,1,1,0,0,0
CUST0653,36,Female,Married,Secondary,Self-employed,115,Savings,2,5851,17,4,10,0,0.81,1,1,1,0,1
CUST1920,49,Male,Single,Secondary,Employed,12,Current,2,107937,16,7,15,0,0.7,0,1,0,1,0
CUST1447,26,Male,Single,Primary,Employed,104,Current,1,31174,16,9,11,0,0.72,2,1,0,0,0
CUST2828,36,Male,Single,Secondary,Self-employed,107,Current,2,81047,13,9,11,1,0.78,1,0,1,0,1
CUST1015,39,Male,Single,Secondary,Employed,101,Fixed Deposit,1,55065,15,13,8,0,0.52,0,1,1,0,0
CUST0013,40,Female,Married,Secondary,Employed,132,Current,2,514442,14,11,10,0,0.77,1,1,1,0,1
CUST1403,32,Female,Married,Secondary,Self-employed,160,Current,1,98539,12,1,17,0,0.56,0,0,0,0,0
CUST0135,55,Female,Married,None,Unemployed,17,Fixed Deposit,2,105369,14,2,12,0,0.86,2,1,1,0,0
CUST0511,40,Female,Single,Secondary,Unemployed,75,Current,1,49028,15,10,6,0,0.73,0,0,0,0,1
CUST1712,24,Female,Married,Secondary,Employed,131,Savings,2,40412,9,9,7,0,0.89,1,0,0,0,0
CUST1736,18,Female,Married,Secondary,Self-employed,6,Savings,3,197802,22,8,3,0,0.66,3,1,0,0,0
CUST0181,36,Male,Married,Primary,Employed,65,Current,1,173080,18,10,9,0,0.74,1,1,0,0,0
CUST1468,43,Male,Single,Secondary,Employed,175,Savings,2,282758,18,9,10,0,0.62,0,1,1,0,0
CUST1888,42,Male,Single,Secondary,Employed,38,Savings,2,79882,11,8,11,0,0.61,2,1,1,0,0
CUST0740,35,Female,Married,Secondary,Self-employed,83,Current,1,231986,7,9,11,0,0.68,1,1,0,1,0
CUST1924,31,Male,Married,Secondary,Employed,153,Current,1,218664,13,8,9,0,0.68,2,1,0,1,0
CUST2098,32,Male,Married,Secondary,Employed,129,Fixed Deposit,3,205331,20,8,12,1,0.7,0,1,0,0,0
CUST2786,43,Male,Married,Secondary,Employed,65,Savings,1,140150,15,6,7,0,0.63,1,1,0,0,1
CUST0460,32,Female,Married,Secondary,Self-employed,66,Fixed Deposit,4,27631,14,4,14,0,0.94,0,1,0,0,0
CUST1021,51,Male,Married,Primary,Employed,136,Savings,1,183777,16,5,12,0,0.5,0,1,0,0,0
CUST2721,30,Female,Single,Primary,Self-employed,91,Savings,2,154698,24,10,11,0,0.79,1,1,1,0,0
CUST1627,54,Female,Married,Secondary,Employed,112,Savings,1,165887,17,8,9,0,0.5,1,1,0,0,0
CUST2719,39,Female,Married,Primary,Unemployed,63,Savings,1,20049,23,7,8,0,0.78,0,0,1,0,1
CUST1836,36,Female,Married,University,Self-employed,68,Savings,3,199487,9,8,12,0,0.51,2,0,0,0,0
CUST2537,21,Female,Divorced,Secondary,Unemployed,155,Savings,2,500,16,9,6,1,0.56,0,0,0,1,0
CUST2660,46,Female,Married,Secondary,Employed,36,Current,1,172824,18,6,7,0,0.73,0,1,0,0,0
CUST2241,34,Male,Single,Secondary,Unemployed,98,Savings,3,290469,11,3,8,0,0.79,1,1,0,0,0
CUST2866,28,Female,Married,Secondary,Self-employed,135,Fixed Deposit,2,15131,16,13,7,1,0.96,0,1,0,1,0
CUST1713,24,Male,Married,Primary,Employed,86,Current,1,156597,13,8,12,0,0.93,1,1,0,1,0
CUST0201,35,Female,Single,Secondary,Employed,138,Savings,2,7845,16,10,11,0,0.6,1,1,0,0,1
CUST2035,30,Female,Married,University,Self-employed,95,Current,1,384450,11,3,15,0,0.64,2,1,0,0,0
CUST1059,45,Male,Single,University,Employed,91,Savings,2,86642,18,13,9,0,0.54,0,0,0,1,1
CUST1380,39,Female,Married,Primary,Unemployed,141,Savings,2,34666,16,5,12,0,0.69,2,0,1,0,0
CUST0114,25,Female,Married,Secondary,Self-employed,32,Savings,1,19002,17,6,7,1,0.7,0,1,0,0,0
CUST0781,30,Female,Divorced,University,Employed,155,Savings,1,475105,16,7,6,0,0.79,1,1,0,1,1
CUST1213,35,Male,Married,Secondary,Employed,33,Savings,2,253470,17,7,12,0,0.72,0,1,0,0,0
CUST1046,38,Male,Divorced,Secondary,Employed,134,Current,1,2541,15,14,10,0,0.78,0,0,0,1,0
CUST2979,28,Male,Single,Primary,Employed,59,Savings,3,91109,17,11,10,1,0.71,0,1,0,0,1
CUST0691,48,Male,Single,Primary,Employed,178,Current,2,59534,17,10,12,0,0.69,0,1,0,0,0
CUST1967,30,Female,Single,Primary,Employed,112,Current,2,143503,17,6,16,0,0.7,0,1,1,0,0
CUST1081,34,Male,Divorced,Secondary,Employed,5,Savings,3,90047,10,9,9,0,0.61,0,0,0,0,0
CUST0821,38,Female,Single,University,Employed,13,Current,2,215383,14,6,9,0,0.92,0,1,1,0,0
CUST1389,37,Female,Single,None,Self-employed,84,Savings,1,69857,14,1,15,1,0.79,0,1,0,0,0
CUST1600,27,Male,Married,Secondary,Employed,160,Savings,3,80451,23,9,14,0,0.87,0,0,0,0,1
CUST0387,36,Male,Married,None,Employed,74,Current,3,385522,14,8,10,0,0.98,2,1,0,0,1
CUST1317,45,Male,Single,University,Unemployed,31,Savings,2,115353,19,13,9,0,0.51,0,1,0,0,0
CUST0963,21,Male,Divorced,Secondary,Employed,170,Savings,3,140011,19,5,10,0,0.6,1,1,0,0,0
CUST2030,28,Male,Single,Secondary,Employed,132,Current,3,57549,20,6,7,0,0.56,1,0,1,0,0
CUST1548,49,Female,Married,Primary,Employed,160,Savings,2,97766,14,13,10,0,0.54,0,1,0,0,0
CUST1139,53,Male,Single,Secondary,Self-employed,171,Current,2,724542,13,10,7,0,0.68,0,0,1,0,0
CUST1184,40,Male,Married,Primary,Employed,8,Savings,4,13876,14,13,10,0,0.93,1,1,0,0,0
CUST2340,18,Female,Married,Primary,Unemployed,151,Savings,2,247364,19,6,8,0,0.59,2,1,0,0,0
CUST2582,41,Female,Married,University,Self-employed,24,Current,4,334401,14,7,10,0,0.75,1,1,0,1,0
CUST1931,34,Male,Single,University,Employed,105,Fixed Deposit,1,67169,11,8,12,0,0.87,0,1,0,1,0
CUST1546,43,Female,Single,Primary,Employed,84,Current,1,9780,10,10,12,1,0.5,0,0,0,0,0
CUST1735,33,Male,Divorced,None,Employed,161,Current,2,544458,15,8,11,0,0.54,1,1,0,1,0
CUST2658,23,Male,Divorced,Secondary,Employed,30,Current,1,56366,12,11,6,0,0.78,0,0,1,0,0
CUST0589,30,Male,Married,Primary,Employed,141,Current,1,334453,19,12,7,0,0.56,0,1,0,0,0
CUST2104,33,Female,Single,Primary,Self-employed,124,Savings,1,65026,10,9,14,1,0.98,2,1,0,0,1
CUST1946,27,Male,Married,Secondary,Employed,156,Savings,2,239416,18,11,16,0,0.67,1,1,0,0,0
CUST1025,44,Female,Married,University,Self-employed,57,Savings,2,120367,20,8,8,0,0.69,1,0,0,0,0
CUST2581,35,Male,Married,University,Self-employed,157,Savings,2,318979,16,9,15,1,0.76,1,1,0,1,0
CUST1068,36,Female,Married,Secondary,Unemployed,78,Savings,1,87066,22,8,10,2,0.78,1,1,1,0,0
CUST1165,28,Female,Single,Primary,Self-employed,51,Current,1,25806,6,3,12,0,0.74,1,1,0,0,1
CUST2622,42,Male,Married,University,Employed,102,Current,1,98622,20,4,6,0,0.74,1,1,0,1,0
CUST0366,34,Male,Single,Secondary,Employed,137,Fixed Deposit,3,44395,14,10,13,0,0.51,2,0,1,1,0
CUST0249,45,Male,Single,Primary,Self-employed,24,Fixed Deposit,2,56067,20,10,10,0,0.73,2,1,1,0,1
CUST2514,31,Male,Married,University,Employed,140,Fixed Deposit,2,61757,17,8,8,0,0.94,1,0,0,1,0
CUST2409,31,Female,Single,Primary,Employed,111,Savings,2,322549,12,9,11,0,0.71,1,0,0,0,0
CUST0600,34,Female,Married,University,Employed,41,Savings,2,75967,13,8,6,0,0.76,0,0,0,0,1
CUST0346,24,Female,Married,Secondary,Employed,158,Fixed Deposit,3,223761,14,6,8,0,0.7,1,1,0,0,1
CUST0730,49,Female,Single,None,Employed,68,Savings,1,90276,14,5,15,0,0.51,0,0,1,0,1
CUST1974,52,Male,Married,Primary,Self-employed,167,Current,3,42615,20,5,9,0,0.78,4,1,1,1,0
CUST0444,29,Male,Married,University,Self-employed,72,Current,1,224605,18,11,5,0,0.58,1,1,0,0,0
CUST1421,39,Female,Divorced,None,Employed,77,Savings,1,73465,11,16,8,0,0.75,1,1,1,0,0
CUST2505,37,Female,Married,Primary,Self-employed,171,Savings,1,221884,13,11,10,1,0.6,0,0,0,0,0
CUST1250,33,Male,Single,University,Employed,93,Fixed Deposit,3,134516,11,10,12,0,0.63,0,0,0,0,0
CUST2598,38,Male,Married,University,Self-employed,137,Savings,4,9129,15,6,10,0,0.73,1,1,0,1,0
CUST0961,38,Female,Married,Secondary,Employed,119,Savings,3,67320,21,10,12,0,0.98,0,0,0,0,1
CUST2220,30,Female,Single,Secondary,Employed,73,Savings,4,191034,20,12,8,0,0.64,1,1,1,0,1
CUST2405,33,Male,Single,Primary,Employed,176,Savings,1,515571,13,2,15,0,0.79,1,1,0,0,0
CUST1276,41,Female,Married,Primary,Self-employed,7,Fixed Deposit,3,59086,14,10,6,0,0.94,1,0,1,0,1
CUST2120,40,Male,Married,University,Unemployed,107,Savings,2,46516,15,3,14,1,0.68,2,1,0,0,0
CUST2648,25,Male,Divorced,Primary,Self-employed,133,Savings,2,118932,14,12,9,0,0.59,1,1,0,0,1
CUST0020,50,Male,Single,University,Employed,66,Savings,2,13767,14,5,10,0,0.83,0,1,1,0,0
CUST1521,36,Female,Divorced,Secondary,Employed,110,Current,1,35372,10,5,14,0,0.92,0,0,0,1,1
CUST0521,45,Female,Married,Secondary,Self-employed,79,Fixed Deposit,2,7643,9,5,14,0,0.68,1,1,0,0,0
CUST1345,29,Female,Married,Primary,Self-employed,92,Savings,2,226045,12,12,11,0,0.99,0,1,0,0,0
CUST1506,31,Female,Married,Primary,Employed,35,Savings,2,1173274,24,11,14,1,0.93,0,1,0,0,0
CUST1474,37,Female,Married,University,Unemployed,158,Savings,4,166150,13,5,9,0,0.62,1,1,1,0,0
CUST0436,38,Male,Married,Primary,Employed,174,Savings,1,489505,17,12,10,0,0.96,1,0,0,0,1
CUST0478,40,Male,Married,Secondary,Employed,28,Current,1,142698,13,6,8,1,0.87,1,0,1,1,0
CUST2945,40,Female,Single,None,Employed,179,Savings,3,148172,17,13,10,0,0.93,0,1,1,1,0
CUST2000,26,Male,Married,Secondary,Self-employed,68,Savings,3,11720,16,8,11,0,0.79,1,0,0,0,1
CUST0149,43,Female,Single,Secondary,Employed,29,Savings,1,253071,10,14,7,0,0.67,1,1,0,0,0
CUST0480,33,Female,Single,Primary,Self-employed,35,Savings,3,29413,13,12,12,0,0.96,3,1,1,1,1
CUST1607,38,Male,Single,Primary,Unemployed,127,Current,1,22068,20,6,14,0,0.82,0,1,1,0,0
CUST1071,18,Female,Single,Secondary,Employed,32,Fixed Deposit,1,202371,18,6,15,0,0.52,1,1,0,0,0
CUST2983,36,Male,Single,Secondary,Employed,99,Savings,1,94671,17,12,11,0,0.61,1,1,1,0,1
CUST0908,35,Male,Single,Primary,Self-employed,107,Savings,1,91098,17,11,14,0,0.76,1,0,0,0,1
CUST1739,31,Female,Married,Primary,Self-employed,7,Current,1,257549,16,9,11,0,0.79,2,0,0,0,0
CUST1741,45,Female,Single,Primary,Self-employed,117,Savings,2,737096,21,5,8,0,0.92,0,1,0,0,0
CUST0116,31,Male,Married,University,Employed,74,Savings,2,68505,20,9,10,0,0.62,0,1,1,0,1
CUST2309,49,Female,Married,Primary,Employed,101,Savings,2,96195,12,9,15,0,0.93,2,1,0,0,1
CUST2018,31,Male,Divorced,Secondary,Employed,132,Savings,3,53922,18,8,11,0,0.51,0,1,0,0,1
CUST1267,35,Male,Single,Secondary,Employed,164,Savings,2,34938,14,4,7,0,0.57,1,1,1,1,0
CUST1236,29,Male,Divorced,University,Employed,23,Current,3,50352,14,7,9,0,0.62,1,1,0,0,0
CUST2689,41,Female,Single,None,Employed,97,Current,4,413434,11,8,12,0,0.61,1,1,0,1,0
CUST1668,42,Female,Married,Secondary,Employed,171,Current,1,70871,12,9,13,0,0.84,0,1,0,1,0
CUST0942,39,Female,Single,Primary,Self-employed,42,Savings,2,360567,13,5,16,0,0.77,2,1,0,1,0
CUST0025,27,Male,Single,Primary,Self-employed,28,Savings,1,161861,17,8,14,0,0.69,0,1,0,0,1
CUST0420,25,Female,Single,Secondary,Unemployed,168,Current,4,30294,16,10,11,1,0.66,3,1,1,0,0
CUST1654,35,Male,Married,Secondary,Employed,152,Savings,2,76725,23,13,7,1,0.62,1,0,0,1,0
CUST2058,28,Female,Married,Primary,Employed,93,Savings,3,14397,15,6,9,0,0.5,2,1,0,0,1
CUST1842,30,Female,Single,University,Employed,149,Current,3,3579,17,6,9,0,0.87,1,0,0,0,0
CUST1464,46,Female,Single,Secondary,Employed,73,Savings,1,130629,16,11,12,0,0.84,3,0,0,0,1
CUST1665,41,Male,Married,Secondary,Employed,148,Current,1,23142,21,3,6,0,0.56,2,1,0,0,0
CUST1498,54,Male,Married,None,Self-employed,154,Fixed Deposit,1,196803,18,8,5,0,0.63,0,1,0,0,0
CUST2008,41,Female,Single,Secondary,Self-employed,117,Savings,2,349643,15,13,11,0,0.63,1,1,0,0,1
CUST2325,35,Female,Married,Primary,Self-employed,71,Savings,3,105647,13,10,7,1,0.79,3,0,0,0,0
CUST2640,22,Male,Married,Primary,Self-employed,16,Fixed Deposit,1,13276,14,10,8,0,0.52,0,1,0,0,0
CUST0700,44,Male,Married,Secondary,Employed,122,Current,2,16384,10,11,13,0,0.79,1,1,1,0,0
CUST1078,27,Male,Married,Primary,Employed,20,Savings,1,304595,15,7,7,0,0.68,2,1,0,0,0
CUST2178,48,Male,Married,Secondary,Employed,26,Savings,1,34022,12,12,6,0,0.61,0,0,1,1,0
CUST0990,56,Male,Married,Primary,Employed,79,Current,1,9379,14,14,9,0,0.79,2,1,1,0,0
CUST2842,26,Male,Single,University,Unemployed,21,Current,1,179922,14,10,15,1,0.56,2,0,0,1,0
CUST2510,26,Male,Married,Primary,Employed,78,Current,1,127222,16,5,5,0,0.69,1,0,0,0,1
CUST2376,44,Female,Married,University,Self-employed,72,Fixed Deposit,2,77759,20,10,7,0,0.62,2,0,0,0,0
CUST1853,34,Male,Married,University,Employed,107,Savings,4,212834,17,5,10,1,0.61,0,1,0,0,0
CUST2655,45,Female,Married,Primary,Employed,56,Savings,1,458025,15,9,7,0,0.86,3,0,0,0,0
CUST0484,43,Female,Divorced,Secondary,Self-employed,81,Current,1,248166,8,7,10,1,0.97,1,0,0,1,0
CUST2879,35,Female,Divorced,Secondary,Employed,157,Fixed Deposit,2,218110,17,8,8,0,0.92,1,1,0,1,0
CUST1934,27,Female,Single,Secondary,Unemployed,101,Savings,3,46683,18,12,7,1,0.54,0,1,0,0,1
CUST2283,48,Male,Married,Primary,Employed,17,Current,1,62528,17,7,9,0,0.93,0,1,1,0,0
CUST1261,28,Male,Married,Secondary,Employed,34,Savings,1,23390,13,5,10,0,0.8,0,0,0,0,0
CUST1309,45,Male,Divorced,University,Employed,130,Savings,1,23631,11,8,11,0,0.61,1,1,0,0,0
CUST2194,43,Male,Single,University,Employed,137,Current,1,29497,25,5,9,0,0.52,0,1,0,1,0
CUST0609,18,Male,Married,Secondary,Employed,78,Savings,1,13108,20,12,7,0,0.73,1,0,0,0,0
CUST2584,18,Male,Married,None,Employed,121,Savings,1,73156,16,9,5,0,0.96,0,0,0,1,0
CUST0735,27,Female,Single,Secondary,Self-employed,99,Savings,2,6666,15,11,12,0,0.63,0,0,0,0,0
CUST1521,51,Male,Married,None,Employed,149,Savings,1,61274,16,5,13,1,0.85,0,0,0,0,0
CUST2053,30,Male,Single,Secondary,Self-employed,83,Savings,3,74416,21,14,7,0,0.58,3,1,0,0,0
CUST1506,32,Male,Married,Primary,Employed,15,Fixed Deposit,4,45585,20,11,12,0,0.58,0,1,0,1,1
CUST1598,30,Male,Married,Secondary,Employed,67,Current,4,111280,19,9,4,0,0.83,0,1,0,1,0
CUST1982,18,Female,Married,Primary,Employed,157,Current,1,33096,10,4,5,0,0.66,1,1,1,0,0
CUST1046,48,Female,Single,Secondary,Self-employed,10,Savings,1,140351,13,8,9,0,0.99,4,1,1,1,0
CUST2200,44,Male,Married,Secondary,Employed,46,Savings,3,31710,16,7,6,0,0.97,0,0,0,0,0
CUST2860,37,Male,Married,None,Employed,144,Savings,1,85907,14,7,9,0,0.75,1,1,1,0,0
CUST0922,22,Male,Married,University,Employed,147,Savings,3,156105,17,9,6,0,0.63,0,0,0,1,1
CUST0981,48,Male,Married,Primary,Employed,74,Current,1,314734,10,4,8,0,0.93,1,1,0,0,0
CUST1689,41,Female,Single,Secondary,Employed,137,Savings,2,99076,20,6,5,0,0.82,0,1,1,1,0
CUST0821,41,Male,Married,Primary,Employed,110,Savings,1,10813,10,8,6,0,0.92,3,1,0,0,1
CUST0358,43,Male,Divorced,None,Unemployed,111,Savings,2,20176,12,6,8,0,0.64,2,1,0,0,1
CUST1175,36,Female,Single,None,Employed,109,Current,1,3943,19,2,9,0,0.66,1,1,1,0,0
CUST1582,42,Male,Single,Secondary,Employed,15,Savings,2,51332,14,11,14,0,0.68,1,1,0,0,0
CUST2017,36,Male,Single,Primary,Employed,30,Current,2,60712,7,7,10,0,0.58,1,0,1,0,1
CUST0426,46,Female,Married,None,Employed,108,Current,4,15985,13,6,10,0,0.64,0,1,0,0,0
CUST2217,41,Male,Married,Primary,Employed,172,Current,1,94572,14,12,10,0,0.9,4,1,1,1,0
CUST1224,42,Female,Married,University,Self-employed,175,Savings,2,42170,23,9,8,0,0.98,0,1,0,0,1
CUST1578,42,Female,Married,Primary,Employed,147,Savings,2,120526,13,2,12,0,0.58,1,0,1,0,1
CUST2643,32,Female,Single,Secondary,Employed,162,Fixed Deposit,4,126890,16,5,10,1,0.52,0,0,1,1,0
CUST0179,41,Female,Single,Secondary,Employed,116,Current,1,94556,19,7,6,0,0.99,0,1,1,1,0
CUST1959,46,Female,Married,Primary,Employed,168,Savings,1,342317,21,12,4,0,0.54,2,1,0,1,0
CUST0162,39,Male,Single,University,Employed,80,Savings,1,81358,11,7,9,0,0.69,0,0,1,0,0
CUST2663,26,Female,Single,Primary,Self-employed,21,Savings,1,54611,19,4,11,0,0.87,0,0,1,0,0
CUST1153,30,Female,Single,Primary,Self-employed,76,Fixed Deposit,1,13720,12,5,10,0,0.58,0,1,0,0,0
CUST2268,29,Male,Divorced,University,Self-employed,122,Savings,1,7321,15,7,10,0,0.74,1,1,0,0,1
CUST0382,44,Male,Single,Primary,Employed,138,Savings,2,7589,16,11,7,0,0.85,0,1,0,0,0
CUST2762,39,Male,Divorced,Primary,Employed,115,Savings,3,11780,19,8,13,0,0.66,1,0,1,0,1
CUST0637,30,Male,Divorced,None,Employed,37,Savings,2,91290,18,11,11,0,0.7,1,1,1,0,0
CUST1034,47,Female,Single,Secondary,Employed,6,Savings,1,64321,9,8,14,0,0.96,0,1,1,0,0
CUST2304,39,Male,Divorced,Primary,Employed,76,Current,3,15417,17,4,6,0,0.9,1,1,0,1,0
CUST1579,37,Female,Divorced,University,Employed,59,Fixed Deposit,2,84742,15,8,13,0,0.81,1,1,0,0,1
CUST0032,34,Female,Married,Secondary,Employed,118,Fixed Deposit,2,134452,14,8,11,0,0.81,0,0,0,0,0
CUST2511,19,Female,Married,Secondary,Employed,138,Savings,1,46941,18,8,13,0,0.94,0,1,1,0,0
CUST0950,63,Male,Married,Primary,Employed,18,Savings,2,1144,15,8,11,0,0.6,1,1,1,0,1
CUST1522,28,Male,Single,Primary,Employed,47,Savings,3,271495,25,7,7,0,0.77,0,0,0,0,0
CUST0077,33,Female,Divorced,Secondary,Employed,97,Savings,1,98616,13,10,11,0,0.94,1,1,0,1,0
CUST2986,28,Female,Married,Secondary,Self-employed,120,Current,3,160368,8,8,8,0,0.84,0,1,1,0,0
CUST2323,42,Male,Married,University,Employed,179,Savings,2,380612,13,9,6,0,0.93,2,1,0,0,0
CUST0927,40,Female,Single,None,Self-employed,23,Current,3,47114,20,7,7,1,0.82,3,1,0,1,0
CUST1730,31,Male,Single,University,Employed,30,Savings,1,141155,19,9,9,0,0.7,0,1,1,0,0
CUST0829,32,Female,Single,Primary,Employed,103,Savings,2,29515,12,9,14,0,0.62,1,0,0,0,1
CUST0995,18,Male,Married,Secondary,Employed,79,Savings,1,25421,15,13,11,1,1,1,1,0,0,0
CUST2391,49,Male,Single,Primary,Unemployed,96,Savings,1,148390,10,6,9,0,0.63,2,1,0,0,1
CUST1205,29,Female,Married,Secondary,Unemployed,15,Fixed Deposit,1,25793,17,14,8,0,0.62,1,0,1,0,0
CUST0273,32,Female,Married,Secondary,Self-employed,50,Savings,1,127084,18,11,12,0,0.55,0,0,0,1,1
CUST2692,41,Male,Married,Secondary,Employed,111,Current,3,17542,16,7,7,1,0.58,1,0,1,0,0
CUST0997,29,Female,Married,Primary,Self-employed,27,Savings,3,34058,12,10,13,0,0.67,0,0,1,0,1
CUST1212,30,Female,Single,None,Unemployed,55,Savings,3,87951,15,7,11,0,0.79,1,0,0,0,1
CUST1618,18,Female,Married,None,Employed,80,Savings,1,133108,7,10,11,0,0.83,1,1,0,0,0
CUST1437,32,Female,Married,Secondary,Employed,171,Savings,1,540044,22,10,8,0,0.75,2,0,0,1,0
CUST1166,21,Female,Single,Primary,Unemployed,92,Current,1,173417,13,9,12,0,0.97,0,1,0,0,0
CUST1330,43,Male,Single,Secondary,Employed,51,Current,1,513002,16,7,9,0,0.69,0,1,0,0,1
CUST0257,34,Male,Married,Secondary,Self-employed,113,Savings,4,16999,14,10,8,1,0.75,1,1,1,1,1
CUST0631,35,Female,Married,Primary,Self-employed,43,Current,2,150824,13,5,8,0,0.69,2,1,0,1,1
CUST2095,52,Female,Married,Primary,Employed,121,Savings,4,3789,19,16,7,0,0.78,0,1,0,1,0
CUST0617,18,Female,Married,Primary,Employed,175,Savings,3,319616,17,3,13,0,0.62,2,1,1,0,0
CUST2599,32,Male,Single,Secondary,Employed,96,Savings,2,71234,13,10,13,0,0.64,0,0,0,0,1
CUST2865,33,Male,Married,University,Unemployed,64,Fixed Deposit,1,58314,13,7,4,0,0.8,1,1,0,0,0
CUST1663,43,Male,Divorced,None,Employed,70,Savings,4,96891,18,3,6,0,0.81,0,1,0,0,1
CUST1799,25,Female,Married,University,Self-employed,167,Savings,1,392806,12,10,8,0,0.51,0,1,0,0,0
CUST1977,31,Male,Married,Secondary,Unemployed,135,Current,2,19778,12,3,15,0,0.52,0,1,0,1,1
CUST1584,29,Female,Married,Secondary,Unemployed,118,Savings,3,334853,12,6,17,1,0.5,2,0,0,0,0
CUST0289,38,Male,Single,Primary,Employed,104,Savings,1,119832,10,9,9,0,0.99,0,1,1,0,0
CUST1009,35,Female,Married,Secondary,Self-employed,35,Savings,1,5544,15,10,9,1,0.75,2,1,0,0,1
CUST2866,40,Female,Married,University,Self-employed,72,Fixed Deposit,1,25783,15,8,9,0,0.74,0,1,1,0,0
CUST0909,30,Female,Single,Primary,Self-employed,97,Savings,1,24038,22,10,13,0,0.64,0,1,0,0,0
CUST0082,32,Female,Divorced,Primary,Employed,128,Current,4,106674,15,10,11,0,0.65,0,1,0,0,0
CUST1403,33,Male,Married,University,Employed,15,Current,2,662440,16,3,9,0,0.79,2,1,0,1,0
CUST0838,33,Male,Married,Primary,Unemployed,104,Savings,2,161253,16,10,8,0,0.54,1,1,0,0,0
CUST1637,23,Female,Divorced,Secondary,Employed,125,Savings,1,100802,17,8,7,1,0.65,2,0,1,1,0
CUST1655,52,Female,Married,Primary,Self-employed,86,Savings,3,108207,13,12,12,0,0.99,2,0,0,0,0
CUST1173,48,Female,Married,Secondary,Self-employed,15,Savings,2,33735,17,7,8,0,0.68,1,1,0,0,0
CUST2898,34,Female,Single,Secondary,Self-employed,49,Current,1,166876,15,11,4,0,0.86,1,1,0,0,1
CUST1749,36,Male,Single,Secondary,Employed,176,Current,3,93486,18,8,9,0,0.79,2,1,0,0,0
CUST1084,28,Female,Single,Secondary,Self-employed,74,Current,3,405124,13,7,12,0,0.53,3,1,1,0,0
CUST2440,38,Female,Single,Primary,Self-employed,13,Current,2,190161,17,9,14,0,0.6,2,1,1,0,0
CUST1070,21,Female,Single,Secondary,Employed,16,Savings,3,151055,13,8,7,0,0.73,0,0,0,0,1
CUST2533,40,Female,Divorced,Primary,Self-employed,48,Fixed Deposit,3,120162,12,11,9,1,0.91,1,1,0,1,1
CUST2107,18,Female,Divorced,Secondary,Employed,77,Fixed Deposit,1,233873,17,3,12,0,0.55,0,0,0,0,0
CUST0314,25,Female,Single,Secondary,Employed,21,Savings,2,127221,17,7,5,0,0.68,0,0,0,0,0
CUST1391,55,Male,Single,Secondary,Self-employed,59,Current,1,21296,13,10,12,0,0.63,1,1,1,0,1
CUST1684,34,Male,Married,Primary,Employed,47,Current,2,38991,11,5,12,0,0.52,1,1,0,0,0
CUST1913,32,Male,Single,Secondary,Employed,31,Savings,4,216317,12,4,11,1,0.65,3,1,1,0,0
CUST0090,34,Female,Single,Secondary,Employed,48,Savings,3,48908,8,8,12,0,0.66,2,0,0,0,0
CUST0974,30,Male,Single,University,Employed,34,Fixed Deposit,3,91146,16,8,8,0,0.99,2,1,0,0,1
CUST2790,44,Female,Married,Primary,Employed,26,Savings,1,36626,21,5,8,0,0.52,1,1,0,0,0
CUST2291,33,Male,Married,University,Employed,141,Current,2,338693,13,8,9,0,0.79,2,1,1,0,0
CUST1324,42,Female,Single,University,Employed,47,Current,2,374515,24,10,15,1,0.9,0,1,0,0,1
CUST2838,53,Male,Single,Secondary,Employed,111,Current,4,15207,18,11,7,0,0.56,1,1,0,0,0
CUST2509,51,Male,Married,University,Employed,171,Savings,1,107279,16,6,5,0,0.83,1,0,1,0,0
CUST2531,30,Male,Married,University,Self-employed,77,Savings,3,120275,17,11,7,0,0.57,1,1,1,0,0
CUST2450,35,Male,Married,Secondary,Unemployed,120,Savings,1,108231,21,10,5,0,0.58,1,1,0,0,0
CUST2113,43,Female,Single,Secondary,Employed,72,Savings,1,123444,13,12,9,0,0.75,3,1,0,0,0
CUST1284,27,Female,Single,Secondary,Self-employed,123,Savings,1,29102,19,5,10,0,0.95,3,0,0,1,0
CUST2315,25,Male,Divorced,Secondary,Self-employed,105,Current,3,473735,14,13,8,0,0.84,1,0,0,0,1
CUST1850,38,Male,Married,None,Employed,176,Current,2,6412,14,11,12,0,0.75,0,1,0,0,1
CUST0781,49,Female,Single,Primary,Employed,27,Savings,4,51714,20,7,13,0,0.66,0,0,1,0,0
CUST0511,32,Female,Married,Primary,Self-employed,86,Savings,1,710081,16,12,7,1,0.67,0,1,0,0,0
CUST2015,37,Female,Single,None,Employed,124,Current,2,148805,11,9,9,0,0.96,1,1,0,1,0
CUST2949,18,Female,Married,Secondary,Employed,125,Savings,1,76845,14,7,7,0,0.56,1,1,0,0,0
CUST2220,46,Female,Married,Secondary,Employed,97,Savings,1,534744,13,8,10,0,0.83,7,0,0,0,0
CUST2367,29,Female,Single,Secondary,Employed,7,Savings,2,260792,13,11,11,0,0.98,0,1,0,0,1
CUST1893,39,Male,Married,Primary,Unemployed,120,Current,1,172570,17,7,12,0,0.93,3,1,0,0,1
CUST0277,25,Male,Married,Primary,Employed,54,Current,2,99842,16,10,11,0,0.95,3,0,0,1,1
CUST1079,29,Female,Married,Primary,Self-employed,94,Savings,3,130856,14,5,12,0,0.59,1,0,0,1,1
CUST0752,57,Female,Single,Primary,Employed,50,Savings,3,616280,9,7,10,0,0.72,0,1,1,0,0
CUST2429,54,Female,Divorced,None,Self-employed,156,Current,3,84365,14,6,4,0,0.54,0,1,0,0,1
CUST2202,27,Male,Married,University,Employed,10,Savings,1,30380,21,9,6,0,0.73,2,1,0,0,1
CUST1466,43,Male,Married,None,Employed,139,Savings,2,48465,11,7,12,1,0.87,1,1,0,0,0
CUST0986,27,Male,Single,University,Self-employed,118,Savings,4,113736,16,9,11,0,0.76,2,1,0,1,0
CUST1954,31,Male,Married,Secondary,Self-employed,145,Current,2,69785,24,7,12,1,0.72,0,1,0,1,0
CUST0271,44,Female,Single,Secondary,Unemployed,32,Savings,1,4188,8,7,15,0,0.7,1,1,0,0,0
CUST0142,34,Female,Single,University,Self-employed,41,Savings,1,374036,15,5,15,0,0.78,0,1,0,0,1
CUST1532,50,Female,Single,None,Self-employed,148,Savings,1,215611,13,5,14,0,0.94,0,1,1,0,0
CUST2490,46,Male,Divorced,University,Employed,127,Current,1,11588,15,10,5,0,0.64,0,1,0,0,0
CUST2028,20,Female,Divorced,Secondary,Self-employed,77,Savings,1,15174,20,5,10,0,0.74,2,0,0,1,0
CUST1053,27,Male,Married,Secondary,Self-employed,108,Current,3,130970,13,5,9,0,0.82,0,1,0,0,0
CUST1234,26,Male,Single,Secondary,Employed,61,Current,3,4577,18,7,9,0,0.98,0,1,0,0,0
CUST1101,43,Male,Married,Secondary,Unemployed,21,Current,1,186622,18,9,11,0,0.66,1,1,1,0,1
CUST1552,28,Male,Married,Secondary,Employed,79,Current,3,296033,23,3,13,0,0.69,1,1,0,0,0
CUST2517,25,Male,Single,Secondary,Employed,139,Fixed Deposit,2,53036,17,13,17,1,0.67,3,0,1,1,1
CUST2736,32,Female,Single,Secondary,Self-employed,28,Savings,3,223102,15,8,13,0,0.69,0,0,0,1,0
CUST1702,27,Male,Single,Secondary,Employed,115,Savings,3,187939,15,10,5,0,0.71,1,1,0,0,0
CUST2702,27,Male,Single,None,Unemployed,95,Savings,3,4719,16,7,9,0,0.68,1,0,0,1,0
CUST0950,47,Female,Married,University,Unemployed,3,Savings,3,292338,10,8,24,0,0.96,1,1,0,1,0
CUST0442,25,Male,Single,Primary,Employed,71,Savings,1,145686,12,5,13,0,0.92,2,1,0,0,0
CUST2656,18,Female,Married,Primary,Employed,66,Savings,3,248754,8,5,11,0,0.92,1,0,1,1,0
CUST2456,47,Male,Single,Primary,Employed,7,Savings,2,54850,8,9,10,0,0.81,0,1,1,0,1
CUST2412,50,Male,Single,Secondary,Employed,16,Current,3,344960,22,5,12,1,0.97,1,1,0,0,1
CUST1003,48,Male,Divorced,Secondary,Unemployed,145,Savings,2,142192,14,11,12,0,0.89,2,0,1,0,0
CUST1991,30,Male,Married,Secondary,Employed,26,Savings,3,152203,13,9,14,0,0.53,0,1,0,0,0
CUST2178,47,Female,Divorced,Primary,Self-employed,172,Savings,1,33002,18,4,8,0,0.71,1,1,0,0,0
CUST1925,32,Female,Married,University,Employed,83,Savings,1,43413,7,9,8,1,0.71,1,0,0,0,0
CUST1777,38,Male,Divorced,Primary,Employed,79,Savings,3,56265,8,12,10,1,0.8,1,1,0,0,0
CUST0561,24,Male,Married,Primary,Employed,138,Savings,1,1299,14,5,7,0,0.61,0,1,1,0,0
CUST2140,43,Male,Married,Primary,Self-employed,83,Current,1,125866,11,5,7,0,0.93,0,0,0,1,0
CUST0178,20,Male,Divorced,Primary,Employed,72,Current,2,157140,17,8,13,0,0.75,0,1,0,0,1
CUST0723,23,Male,Single,University,Employed,9,Savings,2,4998,14,6,15,0,0.96,0,1,0,0,1
CUST0630,21,Male,Married,University,Employed,97,Savings,1,70899,11,7,15,0,0.99,2,1,1,0,1
CUST2318,48,Female,Married,Secondary,Self-employed,176,Savings,1,190119,14,9,5,0,0.93,2,1,0,1,0
CUST0546,18,Male,Single,Primary,Self-employed,131,Savings,1,34552,15,6,6,0,0.91,2,1,1,0,0
CUST2313,40,Male,Married,None,Self-employed,169,Current,2,239737,12,6,8,0,0.94,3,1,0,0,0
CUST0030,44,Female,Single,Secondary,Self-employed,145,Savings,2,208931,21,4,11,0,0.94,0,1,0,1,0
CUST2267,49,Male,Single,Secondary,Employed,82,Savings,3,215544,15,8,12,1,0.95,2,0,1,0,0
CUST2448,55,Male,Divorced,Secondary,Employed,103,Savings,3,100724,23,9,10,0,0.76,0,0,1,0,0
CUST0385,21,Female,Single,Primary,Unemployed,13,Current,1,338038,20,10,10,0,0.87,1,1,1,1,1
CUST1101,45,Male,Single,Primary,Employed,160,Current,1,678316,10,11,5,1,0.94,0,1,0,1,0
CUST0960,21,Female,Divorced,Secondary,Employed,178,Savings,1,75978,14,5,10,0,0.81,1,1,0,0,0
CUST2241,34,Female,Married,Primary,Employed,74,Fixed Deposit,2,158882,17,9,14,0,0.96,0,1,0,0,0
CUST2444,45,Female,Single,University,Employed,46,Savings,1,566,16,4,15,0,0.78,2,1,0,0,0
CUST2111,29,Male,Married,Secondary,Employed,6,Savings,2,231683,12,9,14,0,0.86,1,0,1,0,0
CUST2513,36,Female,Single,Secondary,Employed,135,Current,1,149399,10,1,3,0,0.72,1,1,0,0,0
CUST1048,53,Male,Married,Secondary,Employed,55,Savings,4,56403,15,13,5,1,0.84,2,0,1,0,0
CUST0807,37,Male,Single,Primary,Unemployed,9,Fixed Deposit,1,46462,20,10,6,0,0.73,2,1,0,0,1
CUST0632,28,Male,Married,Secondary,Employed,47,Savings,1,48513,18,8,8,0,0.59,0,1,0,0,1
CUST2660,41,Female,Single,Secondary,Self-employed,174,Savings,3,200454,17,5,11,0,0.79,0,1,0,0,0
CUST2483,27,Male,Married,Primary,Employed,169,Fixed Deposit,3,30646,10,9,11,0,0.98,1,1,0,0,1
CUST2840,33,Female,Single,Primary,Employed,3,Current,1,263202,14,5,12,0,0.85,0,1,1,1,1
CUST0570,43,Female,Married,Secondary,Employed,71,Current,1,176498,8,8,10,0,0.57,1,1,0,0,0
CUST0423,27,Female,Single,University,Employed,130,Current,3,282576,16,5,8,0,0.65,2,1,0,1,1
CUST1479,49,Male,Married,University,Employed,25,Current,1,36680,13,6,13,0,0.78,1,1,0,1,1
CUST2025,46,Male,Married,University,Employed,19,Savings,1,34578,16,6,13,0,0.8,1,0,0,0,0
CUST0520,34,Male,Divorced,Secondary,Unemployed,108,Savings,1,96833,8,9,6,1,0.95,0,1,0,1,0
CUST0018,42,Male,Single,Primary,Employed,90,Fixed Deposit,3,9347,11,9,6,0,0.57,2,0,0,0,1
CUST0315,48,Female,Single,Secondary,Employed,111,Savings,1,571970,9,8,16,0,0.67,1,1,0,0,0
CUST2559,21,Female,Single,None,Self-employed,62,Fixed Deposit,2,252576,17,9,11,1,0.59,4,0,1,0,0
CUST2118,41,Female,Married,Secondary,Self-employed,130,Savings,2,374937,12,7,4,0,0.51,1,0,0,0,0
CUST2778,21,Female,Single,University,Unemployed,48,Fixed Deposit,1,159587,16,8,8,0,0.91,0,1,0,1,0
CUST2625,31,Male,Married,Primary,Employed,16,Current,3,433430,12,9,11,0,0.88,0,1,0,1,1
CUST1677,50,Female,Single,University,Employed,152,Savings,1,3657,8,7,8,0,0.61,0,1,0,1,0
CUST0262,42,Female,Single,Primary,Self-employed,137,Savings,4,92926,11,8,14,0,0.6,0,0,1,1,0
CUST2314,53,Male,Single,Secondary,Employed,45,Savings,1,119227,18,8,16,0,0.7,1,1,0,0,0
CUST1773,41,Male,Single,None,Self-employed,163,Savings,1,119770,17,4,5,0,0.66,1,1,1,0,0
CUST0676,44,Male,Single,Primary,Employed,123,Savings,2,75642,16,9,9,0,0.58,0,1,0,0,0
CUST1333,18,Female,Single,Secondary,Self-employed,34,Savings,1,211118,20,7,12,0,0.71,3,0,1,1,1
CUST2596,21,Male,Divorced,Primary,Employed,5,Savings,3,55435,17,9,9,0,0.78,2,1,1,0,0
CUST0924,38,Male,Single,Secondary,Unemployed,36,Savings,2,83915,14,11,10,1,0.77,1,1,0,0,0
CUST0700,18,Male,Married,Secondary,Self-employed,7,Current,2,93908,18,6,2,0,0.81,2,1,1,0,0
CUST1007,32,Male,Single,University,Employed,176,Savings,1,4280,17,8,9,0,0.75,1,1,0,0,0
CUST2045,29,Male,Single,University,Employed,157,Savings,2,55447,14,8,10,0,0.51,2,0,0,0,0
CUST1691,40,Male,Single,Secondary,Self-employed,169,Current,2,7414,10,8,9,0,0.64,1,1,0,0,0
CUST2584,35,Female,Single,University,Employed,110,Fixed Deposit,1,52974,16,13,12,0,0.61,0,0,1,0,1
CUST2138,44,Male,Married,Primary,Employed,110,Savings,1,72135,14,7,16,0,0.66,0,1,0,1,0
CUST2689,28,Male,Single,Primary,Self-employed,113,Savings,1,749979,16,11,10,0,0.81,0,1,0,0,0
CUST0849,36,Female,Single,Secondary,Employed,49,Current,2,161723,14,8,8,0,0.96,2,1,0,0,0
CUST1209,22,Male,Single,Secondary,Self-employed,67,Savings,3,322180,14,6,8,0,0.8,1,1,1,0,0
CUST0098,41,Female,Married,Secondary,Employed,2,Current,2,40452,18,4,11,0,0.62,2,0,1,0,1
CUST0390,23,Male,Single,Secondary,Self-employed,84,Savings,1,10512,23,12,15,0,0.54,0,1,1,0,0
CUST1044,42,Male,Married,Secondary,Employed,129,Savings,2,147479,14,6,10,0,0.7,1,1,0,1,0
CUST1105,62,Male,Single,Primary,Employed,124,Current,3,1367,16,10,11,0,0.72,0,1,0,0,0
CUST2675,35,Female,Single,Primary,Self-employed,90,Savings,2,298164,16,7,10,1,0.6,1,0,0,0,0
CUST1037,41,Male,Married,Secondary,Self-employed,23,Savings,2,254365,13,6,8,0,0.74,0,1,1,0,0
CUST1593,47,Female,Single,University,Employed,51,Fixed Deposit,2,168483,9,10,7,0,0.76,0,1,0,0,1
CUST0733,40,Female,Married,University,Self-employed,164,Savings,2,207618,15,10,9,0,0.76,0,1,0,0,1
CUST2542,48,Male,Married,Primary,Self-employed,9,Fixed Deposit,2,49792,10,8,12,0,0.6,0,0,1,0,0
CUST2724,25,Female,Married,Primary,Employed,102,Fixed Deposit,3,89693,19,8,12,0,0.79,2,1,0,0,0
CUST2498,18,Male,Single,Primary,Employed,30,Current,3,541182,18,6,8,0,0.71,1,0,1,0,0
CUST2778,40,Male,Single,University,Employed,174,Savings,2,45253,9,9,6,0,0.96,2,1,0,0,1
CUST2118,34,Male,Divorced,University,Unemployed,119,Current,2,267315,12,5,7,1,0.56,0,0,1,0,0
CUST1217,31,Male,Single,Secondary,Employed,131,Current,3,208898,18,6,8,0,0.52,0,0,0,0,0
CUST0925,37,Male,Married,Primary,Self-employed,108,Savings,1,50953,18,7,10,0,0.57,2,0,1,0,0
CUST0238,24,Male,Single,Secondary,Self-employed,76,Savings,2,659107,13,9,5,0,0.61,1,0,0,0,0
CUST1430,24,Female,Married,Secondary,Self-employed,33,Current,3,193515,15,8,11,0,0.81,1,1,0,0,1
CUST2289,46,Female,Single,University,Self-employed,47,Savings,1,235731,10,11,7,1,0.87,0,1,0,1,0
CUST0101,46,Male,Married,Secondary,Employed,130,Savings,4,83583,19,8,10,0,0.82,1,1,0,0,0
CUST1700,33,Male,Married,Secondary,Employed,124,Savings,2,61447,15,7,10,0,0.54,3,1,0,0,1
CUST1000,48,Female,Single,Secondary,Employed,154,Current,1,54604,16,9,7,0,0.95,0,1,0,0,0
CUST2703,42,Female,Married,Secondary,Employed,74,Savings,1,131732,12,8,18,1,0.54,2,1,1,0,0
CUST2469,38,Female,Single,Primary,Employed,83,Current,1,25498,12,5,14,0,0.62,1,0,0,1,0
CUST0382,18,Male,Divorced,Secondary,Self-employed,58,Current,3,398678,12,9,8,0,0.92,0,1,1,0,0
CUST1700,46,Female,Married,Primary,Employed,38,Savings,1,132480,16,11,6,0,0.86,2,1,0,0,0
CUST0403,51,Male,Single,None,Employed,40,Fixed Deposit,1,121668,12,6,7,0,0.84,0,1,0,0,0
CUST1981,37,Male,Married,Primary,Employed,144,Savings,1,690939,16,11,17,1,0.84,2,0,0,1,0
CUST2945,34,Female,Single,University,Employed,65,Fixed Deposit,1,24253,16,4,12,0,0.56,1,1,0,0,0
CUST0691,36,Male,Single,University,Employed,113,Savings,1,105584,8,13,13,0,0.9,0,1,0,0,1
CUST1935,36,Female,Single,Secondary,Employed,52,Current,3,11038,17,6,16,0,0.98,1,0,1,0,0
CUST2487,21,Female,Single,Secondary,Self-employed,159,Savings,3,43853,20,8,7,0,0.65,0,1,0,0,0
CUST1074,27,Female,Single,Primary,Unemployed,137,Current,4,43909,13,11,5,0,0.85,2,0,0,0,0
CUST1488,47,Female,Married,Primary,Employed,150,Fixed Deposit,1,176689,13,6,11,0,0.68,0,1,0,1,1
CUST1966,34,Female,Married,Primary,Employed,127,Current,1,20679,12,5,8,0,0.69,0,1,0,1,0
CUST2001,32,Male,Single,Primary,Employed,153,Savings,1,147177,16,10,9,0,0.58,1,1,0,0,0
CUST0105,42,Male,Married,Primary,Employed,151,Savings,4,178040,14,11,6,0,0.52,0,0,0,1,1
CUST2127,47,Male,Single,None,Self-employed,83,Savings,1,10890,19,10,14,0,0.55,1,1,0,1,1
CUST0795,27,Male,Single,Secondary,Employed,114,Savings,3,310139,15,4,11,1,0.82,2,0,0,0,1
CUST1675,36,Male,Married,University,Employed,117,Current,3,43522,18,11,5,0,0.99,2,1,0,0,0
CUST0663,29,Female,Single,Secondary,Self-employed,23,Fixed Deposit,1,85985,11,6,12,0,0.58,2,1,0,0,0
CUST0830,38,Female,Married,Secondary,Employed,101,Current,1,31590,15,8,8,0,0.9,1,1,0,0,0
CUST2384,50,Female,Single,Secondary,Self-employed,103,Savings,3,364846,19,19,9,0,0.62,0,1,1,0,0
CUST0055,47,Male,Single,Primary,Self-employed,112,Savings,1,207586,18,7,8,0,0.66,1,1,0,1,0
CUST1334,38,Male,Married,Secondary,Employed,98,Current,2,66930,14,8,10,0,0.74,1,0,0,0,1
CUST0715,34,Male,Single,Secondary,Self-employed,147,Current,4,103500,13,7,7,0,0.66,2,0,1,0,0
CUST2573,29,Female,Single,Secondary,Self-employed,95,Savings,3,157929,13,10,6,0,0.68,2,1,1,0,0
CUST2068,18,Female,Married,None,Employed,115,Current,2,103193,6,8,12,0,0.91,3,1,0,1,0
CUST0659,25,Female,Married,Secondary,Self-employed,102,Savings,2,147008,18,3,12,0,0.69,0,1,0,0,1
CUST2971,37,Female,Married,University,Employed,92,Savings,2,144288,9,5,10,1,0.83,0,1,0,0,0
CUST0253,21,Female,Married,University,Employed,150,Current,2,3426,13,4,9,1,0.5,1,1,1,0,0
CUST0910,40,Male,Single,Primary,Employed,66,Current,4,13398,17,6,8,0,1,2,1,0,0,0
CUST1313,40,Male,Single,Secondary,Self-employed,66,Current,1,142232,13,6,7,0,0.7,0,1,0,0,0
CUST2401,27,Male,Single,Primary,Employed,135,Savings,1,184818,13,7,13,0,0.58,0,0,0,1,0
CUST1705,37,Male,Single,Secondary,Employed,28,Current,3,500,16,10,7,0,0.62,3,1,1,1,1
CUST1297,41,Male,Married,Primary,Employed,167,Savings,4,135851,14,7,5,0,0.99,0,1,0,0,0
CUST0957,23,Female,Single,None,Employed,172,Savings,2,49117,18,10,11,0,0.71,0,1,0,0,1
CUST1674,18,Female,Married,University,Employed,90,Savings,1,313576,19,14,16,0,0.63,0,1,1,0,0
CUST0088,42,Male,Divorced,Secondary,Employed,38,Current,4,171327,17,9,6,1,0.63,3,1,0,0,0
CUST0678,47,Female,Single,Primary,Self-employed,57,Savings,2,34344,12,7,5,0,0.84,1,1,1,0,0
CUST1710,55,Female,Married,University,Employed,14,Savings,1,113614,16,15,12,0,0.78,0,1,0,0,1
CUST2172,40,Female,Single,Secondary,Self-employed,141,Savings,1,339263,24,5,7,0,0.96,0,0,0,0,0
CUST2728,20,Male,Single,Secondary,Employed,36,Savings,3,30909,19,6,9,0,0.69,1,1,0,0,1
CUST1682,24,Male,Married,Primary,Unemployed,121,Current,4,143517,17,10,9,0,0.88,2,1,0,0,0
CUST2384,30,Female,Single,University,Employed,24,Current,2,145631,18,7,9,0,0.9,2,1,0,0,0
CUST2271,43,Female,Married,Secondary,Self-employed,77,Savings,3,209404,7,10,10,0,0.55,0,1,0,0,0
CUST2182,38,Female,Married,University,Employed,165,Savings,1,36930,12,14,8,0,0.72,2,1,1,0,0
CUST2640,33,Female,Single,University,Employed,114,Savings,2,55556,16,5,6,0,0.65,2,1,1,0,0
CUST2552,26,Male,Divorced,Secondary,Employed,47,Savings,4,342986,26,11,9,0,0.68,0,0,0,0,1
CUST2167,42,Female,Married,Secondary,Employed,69,Savings,2,584346,15,5,8,0,0.55,1,1,1,1,0
CUST0568,44,Male,Single,Secondary,Employed,4,Fixed Deposit,2,522988,14,5,14,0,0.77,3,1,0,1,1
CUST1956,45,Female,Married,None,Unemployed,57,Current,2,49543,15,11,7,0,0.6,1,0,0,0,0
CUST2220,22,Male,Single,Secondary,Unemployed,26,Savings,2,101856,8,6,10,0,0.75,2,1,1,0,0
CUST1163,44,Female,Married,Secondary,Employed,142,Savings,1,10868,15,7,9,0,0.89,2,1,1,1,0
CUST0002,22,Female,Married,Secondary,Employed,162,Savings,1,262482,9,7,15,0,0.57,0,0,1,0,1
CUST2940,39,Female,Single,Secondary,Self-employed,92,Fixed Deposit,1,10885,15,8,8,0,0.58,1,1,0,0,1
CUST2725,47,Male,Married,Secondary,Self-employed,158,Fixed Deposit,1,133312,18,9,6,1,0.52,1,1,0,1,0
CUST0797,28,Male,Single,Primary,Employed,65,Savings,1,36238,20,9,11,0,0.73,0,0,0,1,0
CUST0156,44,Male,Single,Secondary,Self-employed,69,Current,3,125701,13,11,15,0,1,2,1,0,1,0
CUST2313,31,Male,Single,Primary,Employed,40,Savings,1,126449,10,8,10,2,0.95,4,1,1,0,1
CUST1223,38,Male,Single,University,Self-employed,142,Savings,4,254249,16,12,13,0,0.96,1,0,0,0,0
CUST2460,58,Male,Married,Secondary,Employed,67,Savings,2,75963,15,8,8,0,0.52,0,1,0,0,1
CUST2098,34,Male,Married,Primary,Self-employed,6,Savings,1,158969,17,13,6,0,0.71,2,1,1,1,0
CUST0563,27,Female,Single,Primary,Self-employed,17,Savings,3,343728,8,5,10,1,0.77,3,0,0,0,0
CUST0768,31,Female,Divorced,University,Employed,91,Savings,4,16912,15,8,12,0,0.89,0,1,1,0,0
CUST2439,31,Female,Single,University,Employed,121,Savings,2,359786,9,9,12,0,0.93,1,1,1,0,1
CUST0638,43,Male,Married,Secondary,Employed,30,Fixed Deposit,2,22535,12,7,12,0,0.8,1,1,0,0,0
CUST1149,23,Female,Single,University,Unemployed,40,Savings,1,115025,8,12,15,0,0.68,0,1,0,0,0
CUST1476,29,Female,Married,Secondary,Employed,50,Savings,3,55321,19,9,13,0,0.55,1,1,0,0,0
CUST0970,43,Female,Married,University,Employed,56,Savings,3,31873,17,8,9,0,0.59,0,1,0,1,1
CUST2857,36,Male,Married,Primary,Employed,71,Savings,3,2926,14,9,12,0,0.6,0,0,0,0,0
CUST2616,60,Female,Married,Secondary,Unemployed,143,Savings,2,3669,11,8,13,0,0.63,1,1,1,0,0
CUST2919,37,Male,Single,Secondary,Employed,68,Fixed Deposit,2,291486,20,12,11,0,0.51,0,1,0,0,0
CUST2585,28,Female,Single,Primary,Employed,25,Current,2,36585,13,4,9,2,0.53,3,0,0,0,0
CUST1462,25,Female,Married,University,Self-employed,118,Savings,1,28472,16,3,10,0,0.52,0,1,0,0,0
CUST0018,48,Male,Single,Secondary,Employed,177,Savings,4,24170,14,7,6,0,0.52,0,1,0,0,0
CUST1246,27,Male,Single,University,Employed,24,Savings,1,188774,17,5,11,0,0.65,1,0,0,0,0
CUST2567,37,Male,Single,None,Employed,123,Current,2,90730,15,8,9,0,0.95,1,1,0,0,0
CUST0686,29,Female,Married,Secondary,Employed,91,Savings,3,11331,14,10,11,2,0.53,2,1,0,0,0
CUST1478,47,Female,Married,Secondary,Unemployed,150,Current,1,283719,20,8,11,0,0.78,1,1,0,0,0
CUST1587,42,Female,Divorced,Secondary,Self-employed,66,Current,2,69796,16,11,13,0,0.96,1,1,0,0,0
CUST2050,36,Female,Married,Secondary,Employed,136,Savings,3,8176,13,9,16,0,0.92,0,1,0,0,0
CUST0694,50,Male,Divorced,Primary,Self-employed,45,Savings,3,332535,20,9,10,0,0.91,3,0,0,0,1
CUST1535,19,Male,Married,Primary,Employed,169,Savings,3,674946,14,7,6,0,0.98,0,1,0,0,0
CUST1452,34,Male,Married,Primary,Employed,94,Fixed Deposit,1,121087,8,3,11,0,0.53,0,0,0,1,0
CUST0689,22,Female,Divorced,None,Employed,115,Savings,1,224885,8,9,11,0,0.9,0,1,1,0,0
CUST0301,37,Male,Married,Secondary,Employed,45,Current,4,127492,14,4,8,0,0.55,0,1,0,0,1
CUST2375,44,Female,Single,Primary,Self-employed,143,Current,1,69211,22,8,12,0,0.78,2,1,1,0,0
CUST1627,39,Male,Married,Secondary,Employed,160,Current,1,173803,16,4,9,0,0.95,3,0,1,0,0
CUST2608,26,Female,Married,Primary,Employed,104,Current,2,158759,10,4,9,0,0.65,1,1,1,0,0
CUST0724,32,Female,Married,Secondary,Employed,106,Savings,1,681034,15,7,11,0,0.68,2,1,0,1,0
CUST0042,29,Female,Married,Secondary,Self-employed,11,Current,3,513794,19,8,8,0,0.6,1,1,0,0,1
CUST2126,31,Male,Single,Primary,Employed,166,Current,1,3702,12,8,14,0,0.57,2,1,0,1,0
CUST0193,33,Male,Married,University,Employed,121,Savings,1,17752,14,7,9,0,0.87,2,1,1,0,1
CUST2056,42,Male,Single,None,Employed,136,Savings,1,201397,14,5,14,0,0.67,1,0,0,0,0
CUST2624,25,Female,Divorced,Secondary,Employed,138,Savings,4,33983,18,5,17,0,0.7,2,0,0,1,0
CUST2131,30,Female,Married,None,Employed,152,Savings,1,102968,17,12,10,0,0.97,1,0,0,1,0
CUST0366,49,Female,Married,Primary,Employed,19,Current,4,94927,14,8,12,0,0.59,1,1,0,1,1
CUST2410,43,Male,Married,None,Employed,63,Savings,3,142431,11,5,9,1,0.99,0,1,1,0,0
CUST0549,43,Female,Single,University,Unemployed,30,Savings,2,89987,9,8,11,0,0.57,1,1,0,0,0
CUST1678,48,Female,Single,Primary,Employed,122,Current,1,9426,11,8,13,2,0.89,0,1,1,1,0
CUST2272,38,Male,Single,University,Employed,65,Savings,4,71176,11,7,13,1,0.51,1,1,0,0,0
CUST0689,44,Female,Married,None,Employed,64,Savings,1,394691,21,12,10,0,0.88,2,0,1,0,0
CUST1868,30,Male,Single,Primary,Employed,52,Savings,2,96097,11,12,12,0,0.67,2,1,0,0,1
CUST0800,24,Male,Single,None,Employed,25,Fixed Deposit,3,252875,23,2,8,0,0.55,1,1,0,0,0
CUST2149,25,Female,Married,University,Employed,76,Savings,2,422265,14,7,14,2,0.56,2,1,0,0,1
CUST1738,27,Male,Married,Primary,Self-employed,121,Savings,4,498991,21,9,11,0,0.52,2,1,0,0,0
CUST0874,19,Female,Single,None,Unemployed,61,Savings,3,827896,15,7,12,0,0.73,1,0,0,0,0
CUST1335,45,Female,Single,Secondary,Unemployed,133,Current,1,46206,9,6,10,0,0.52,1,1,0,0,0
CUST2932,28,Male,Single,Secondary,Self-employed,112,Current,4,89486,10,4,8,1,0.63,0,1,0,0,0
CUST2859,18,Female,Married,None,Employed,144,Current,3,402024,13,10,9,2,0.89,2,1,0,0,0
CUST2590,24,Male,Single,Secondary,Employed,170,Savings,3,13791,11,11,7,0,0.66,1,0,1,0,0
CUST0036,23,Female,Single,Primary,Employed,22,Savings,4,334089,19,6,9,0,0.64,1,1,0,0,1
CUST0305,18,Male,Married,Primary,Self-employed,87,Current,2,227313,15,6,7,0,0.78,1,0,0,0,0
CUST1623,39,Male,Married,Secondary,Employed,80,Fixed Deposit,2,1950,8,15,11,1,0.82,0,1,0,1,0
CUST1225,37,Male,Married,Primary,Employed,127,Fixed Deposit,4,127170,10,5,6,0,0.73,0,0,1,0,0
CUST2871,18,Female,Married,Secondary,Employed,100,Savings,1,59072,13,12,5,1,0.78,2,1,0,0,1
CUST1235,51,Male,Married,Primary,Employed,160,Current,4,73691,10,7,9,0,0.88,0,1,1,1,0
CUST2747,28,Male,Single,Secondary,Self-employed,28,Savings,1,204539,11,5,12,0,0.51,0,1,0,0,1
CUST1735,30,Male,Single,University,Employed,96,Savings,1,211489,24,11,12,1,0.76,2,1,1,0,0
CUST1845,30,Female,Married,None,Unemployed,145,Current,4,177048,16,8,8,0,0.98,3,0,1,1,0
CUST2964,18,Female,Married,Secondary,Self-employed,147,Current,1,219582,14,7,12,1,0.56,0,1,0,0,0
CUST2580,38,Female,Single,University,Self-employed,91,Savings,3,162918,22,11,11,1,0.85,0,1,1,0,0
CUST1318,33,Male,Single,Primary,Employed,134,Savings,1,23981,21,9,7,0,0.61,0,1,1,0,0
CUST1736,32,Female,Single,Primary,Self-employed,95,Savings,2,527805,10,8,7,1,0.53,0,1,0,1,0
CUST1132,42,Male,Single,Secondary,Employed,71,Current,3,101354,9,6,10,0,0.8,1,0,0,0,1
CUST1918,38,Female,Married,None,Employed,129,Savings,1,62123,14,4,9,0,0.84,2,1,0,0,0
CUST1674,29,Female,Married,None,Employed,63,Savings,1,74910,15,12,9,1,0.7,1,1,0,0,0
CUST2086,32,Male,Married,None,Self-employed,155,Savings,1,23152,12,11,6,0,0.76,0,1,0,0,0
CUST0149,19,Female,Married,University,Employed,162,Current,1,91141,12,6,9,1,0.52,0,1,0,0,0
CUST0668,63,Male,Single,Primary,Employed,143,Current,3,97611,16,8,6,0,0.5,1,1,0,1,1
CUST1371,24,Male,Single,None,Unemployed,105,Current,1,31960,9,8,10,0,0.59,0,1,1,0,0
CUST2901,28,Male,Married,None,Self-employed,21,Savings,1,13953,20,10,14,0,0.99,0,1,0,0,1
CUST2056,51,Female,Married,Primary,Employed,71,Savings,2,7648,16,13,10,0,0.86,2,0,1,0,0
CUST0785,38,Male,Divorced,Primary,Self-employed,147,Savings,3,150711,13,5,9,0,0.72,1,1,0,0,1
CUST2344,22,Female,Married,University,Self-employed,135,Current,4,17084,17,12,8,0,0.82,1,1,1,0,0
CUST1900,40,Male,Single,University,Employed,87,Savings,1,104866,18,7,12,0,0.69,1,0,1,1,0
CUST0460,29,Female,Single,Secondary,Unemployed,132,Savings,1,356387,15,11,5,0,0.64,0,1,0,0,0
CUST0124,33,Male,Single,Secondary,Employed,145,Current,2,54726,13,10,9,0,0.6,0,1,0,0,0
CUST1936,44,Male,Single,Primary,Unemployed,105,Current,1,258167,13,13,5,0,0.88,0,1,0,0,0
CUST1232,25,Male,Divorced,Secondary,Employed,140,Savings,3,23349,14,5,8,0,0.53,0,1,0,0,0
CUST0414,26,Female,Married,Secondary,Employed,49,Current,2,125448,15,5,9,0,0.85,1,0,0,0,0
CUST2657,36,Female,Married,Secondary,Self-employed,119,Current,2,145992,17,6,7,0,0.69,1,1,0,0,0
CUST2423,22,Female,Single,Secondary,Employed,133,Current,1,213714,5,6,10,0,0.86,1,1,1,0,0
CUST1904,35,Female,Single,None,Self-employed,47,Savings,2,129049,17,5,6,0,0.73,1,1,1,0,0
CUST0170,19,Male,Single,Secondary,Employed,72,Current,3,163918,20,11,9,0,0.81,0,0,0,0,1
CUST1725,27,Female,Divorced,Primary,Employed,140,Savings,3,30411,16,6,9,0,0.85,1,1,1,0,0
CUST1967,55,Male,Married,Secondary,Self-employed,59,Fixed Deposit,2,7970,15,10,12,2,0.85,1,1,1,0,0
CUST0891,41,Female,Single,Secondary,Self-employed,70,Savings,3,48619,16,5,12,0,0.69,3,1,0,0,0
CUST1031,33,Female,Married,Secondary,Employed,157,Savings,1,649111,14,8,12,0,0.57,5,0,0,0,0
CUST0227,23,Male,Single,University,Employed,160,Current,2,34057,13,6,8,0,0.55,0,1,1,0,0
CUST1071,43,Female,Single,Primary,Unemployed,68,Current,2,52512,17,8,8,0,0.86,1,1,0,0,0
CUST0781,24,Female,Single,Secondary,Employed,69,Savings,2,344858,17,11,6,0,0.83,2,1,0,0,0
CUST1171,30,Female,Single,University,Self-employed,108,Savings,2,205203,16,4,12,0,0.52,0,1,0,0,0
CUST1774,24,Male,Married,None,Self-employed,68,Current,3,128525,16,9,10,0,0.58,1,1,0,0,0
CUST2113,29,Male,Single,Secondary,Employed,65,Fixed Deposit,2,50294,12,9,4,1,0.67,0,0,0,0,0
CUST0159,43,Male,Married,Primary,Employed,104,Current,3,121197,22,10,9,0,0.67,2,1,0,0,1
CUST1457,29,Female,Married,Secondary,Employed,8,Savings,2,38615,14,2,11,0,0.94,3,0,0,0,1
CUST0792,50,Male,Married,None,Employed,130,Savings,2,48741,20,3,6,0,0.51,0,1,0,1,0
CUST2339,37,Male,Married,None,Employed,80,Savings,3,591350,11,9,18,0,0.82,1,1,0,0,0
CUST0001,35,Male,Single,Primary,Employed,145,Savings,1,60741,13,14,7,0,0.6,1,1,0,1,0
CUST1472,22,Male,Married,University,Employed,171,Savings,1,428353,18,4,6,1,0.87,0,1,0,1,0
CUST1481,38,Female,Married,Primary,Self-employed,137,Savings,4,304675,15,9,9,0,0.65,1,1,0,1,1
CUST2382,34,Female,Divorced,None,Unemployed,25,Current,1,103629,15,6,4,0,0.5,1,1,1,0,0
CUST0496,41,Female,Married,Primary,Self-employed,172,Current,3,391510,10,9,7,1,0.66,3,1,0,0,0
CUST0077,25,Male,Married,Secondary,Employed,57,Savings,4,241140,18,12,11,0,0.68,3,1,0,0,0
CUST0729,52,Female,Divorced,Secondary,Self-employed,124,Savings,2,291322,15,6,8,0,0.95,0,1,0,0,1
CUST2385,39,Male,Married,None,Employed,125,Savings,2,128330,18,8,11,0,0.57,0,1,0,0,0
CUST1182,26,Female,Divorced,Primary,Employed,2,Savings,1,86030,10,8,13,0,0.53,3,0,0,0,1
CUST2857,36,Male,Single,Secondary,Employed,163,Savings,3,400055,13,5,7,0,0.79,1,1,1,0,1
CUST1384,36,Female,Married,University,Employed,77,Savings,1,129000,20,10,8,0,0.53,0,1,0,0,0
CUST0112,38,Male,Single,Primary,Employed,151,Savings,1,43047,17,7,5,0,0.85,2,1,0,0,0
CUST2015,21,Female,Married,University,Self-employed,10,Savings,3,204914,11,9,7,0,0.56,1,1,0,0,1
CUST0851,44,Female,Married,University,Self-employed,19,Savings,2,55709,15,10,7,0,0.88,1,1,1,0,1
CUST1324,26,Male,Single,None,Employed,57,Current,1,485195,17,6,11,0,0.69,1,1,0,1,1
CUST0018,30,Male,Single,Secondary,Self-employed,42,Current,1,47755,13,11,12,0,0.95,2,0,0,0,0
CUST0306,40,Female,Married,Secondary,Employed,49,Savings,2,254759,10,8,8,0,0.85,2,1,0,0,0
CUST1970,31,Female,Married,Secondary,Employed,73,Current,1,96287,11,14,9,0,0.98,1,1,1,1,0
CUST0502,33,Female,Divorced,Secondary,Employed,62,Savings,2,26050,15,4,11,0,0.75,2,1,0,0,0
CUST1676,27,Male,Divorced,University,Employed,29,Savings,1,21050,18,3,5,0,0.91,1,1,0,0,0
CUST1857,27,Female,Married,Primary,Employed,148,Current,4,145579,14,10,10,0,0.9,2,1,0,0,0
CUST1832,41,Female,Single,Primary,Unemployed,110,Savings,3,32277,13,5,13,0,0.6,1,1,0,0,0
CUST1106,45,Female,Married,Primary,Employed,76,Current,1,157687,11,10,7,0,0.68,1,1,0,0,0
CUST0035,23,Male,Married,Secondary,Employed,25,Savings,4,36859,18,10,5,0,0.58,1,1,0,1,0
CUST0913,28,Male,Married,Primary,Unemployed,30,Fixed Deposit,2,150233,9,7,12,0,0.56,1,1,0,0,1
CUST1088,28,Male,Single,Secondary,Self-employed,72,Savings,1,49935,13,5,8,0,0.74,2,0,1,0,0
CUST1447,18,Female,Married,None,Self-employed,10,Savings,1,13691,16,11,6,0,0.78,2,1,0,0,1
CUST2005,33,Male,Single,University,Self-employed,89,Fixed Deposit,1,113301,10,6,10,0,0.58,0,0,0,1,0
CUST0410,37,Male,Single,Primary,Employed,87,Savings,3,40884,21,10,9,2,0.75,1,1,1,0,0
CUST2093,35,Male,Married,Primary,Employed,4,Savings,2,30373,12,7,13,0,0.57,3,0,0,0,0
CUST0277,32,Female,Married,University,Employed,5,Current,3,46812,15,8,20,0,0.93,0,0,0,0,1
CUST1993,41,Male,Single,University,Employed,126,Savings,4,52103,13,7,10,0,0.91,1,1,1,1,0
CUST2418,62,Female,Married,Secondary,Employed,76,Savings,3,179442,20,7,8,0,0.65,1,1,0,1,0
CUST0281,18,Female,Single,None,Employed,45,Current,2,95397,14,5,14,1,0.7,1,1,0,0,0
CUST1914,18,Male,Married,Primary,Self-employed,19,Current,1,126522,10,9,8,0,0.93,1,1,1,0,0
CUST0875,38,Male,Single,Secondary,Employed,73,Savings,1,17363,13,7,13,1,0.96,1,1,0,0,1
CUST1694,50,Female,Single,University,Employed,120,Current,2,46802,21,9,10,0,0.95,0,1,0,0,0
CUST1407,19,Female,Divorced,Secondary,Employed,41,Savings,1,29549,15,8,12,0,0.77,1,1,0,0,0
CUST2512,34,Female,Single,Primary,Employed,136,Savings,2,98593,16,9,14,0,0.54,1,1,0,1,0
CUST1690,47,Male,Single,Secondary,Employed,46,Savings,3,151765,12,7,3,0,0.84,1,1,0,0,1
CUST0026,44,Female,Divorced,Secondary,Employed,175,Current,3,157079,15,9,9,1,0.78,0,1,0,0,0
CUST2795,36,Female,Divorced,University,Unemployed,87,Savings,1,51986,11,8,5,0,0.89,0,1,0,0,0
CUST0708,35,Male,Single,Secondary,Employed,159,Fixed Deposit,1,298621,11,11,4,0,0.55,0,1,0,0,1
CUST1831,41,Female,Divorced,None,Self-employed,20,Current,2,352190,13,10,13,0,0.74,0,0,0,0,0
CUST2590,33,Female,Married,Secondary,Employed,167,Savings,2,60801,9,11,8,0,0.54,0,1,0,0,0
CUST2028,52,Female,Married,Secondary,Employed,146,Current,2,26226,11,9,13,0,0.76,0,0,0,0,0
CUST0998,29,Female,Married,Secondary,Unemployed,21,Fixed Deposit,3,78374,15,10,12,0,0.75,1,0,1,0,1
CUST1524,28,Male,Single,None,Employed,143,Savings,1,102307,11,5,7,0,0.5,0,0,1,0,0
CUST2372,44,Female,Divorced,None,Unemployed,55,Current,1,23901,13,7,15,0,0.57,1,1,1,0,0
CUST2497,39,Female,Single,Primary,Unemployed,123,Savings,4,484314,11,9,10,0,0.63,1,1,0,0,0
CUST2630,48,Female,Married,University,Self-employed,171,Savings,1,8238,9,13,10,0,0.67,0,0,0,0,1
CUST0831,18,Male,Married,Primary,Self-employed,85,Current,4,45882,11,10,10,0,0.62,0,0,1,0,0
CUST1301,34,Male,Married,Secondary,Self-employed,3,Savings,4,20157,17,7,11,0,0.56,1,0,0,0,0
CUST1855,31,Male,Married,Primary,Employed,131,Current,2,4744,18,10,8,1,0.55,1,0,0,0,0
CUST1921,31,Male,Married,Secondary,Employed,25,Fixed Deposit,1,123834,10,7,10,0,0.79,1,1,0,0,0
CUST1848,45,Female,Divorced,Secondary,Employed,118,Savings,2,37589,16,7,11,0,0.53,2,0,0,0,0
CUST1023,21,Male,Single,Secondary,Self-employed,146,Savings,1,109583,13,6,14,0,0.78,1,0,1,0,0
CUST0856,36,Male,Divorced,Primary,Self-employed,74,Fixed Deposit,1,84765,13,7,7,2,0.67,0,1,0,0,0
CUST2145,46,Male,Married,Secondary,Employed,95,Current,3,1683,19,9,15,0,0.67,1,1,0,0,0
CUST2125,42,Female,Married,Primary,Unemployed,93,Savings,2,26378,15,8,9,0,0.91,2,0,0,0,1
CUST1764,18,Male,Married,Secondary,Employed,7,Fixed Deposit,2,505810,19,10,16,0,0.51,1,0,1,1,0
CUST0244,30,Female,Married,None,Self-employed,30,Savings,1,368654,21,9,14,0,0.67,3,1,0,0,0
CUST0526,25,Female,Married,University,Employed,47,Savings,1,129615,10,7,9,0,0.93,1,1,0,0,1
CUST0808,26,Male,Married,None,Self-employed,2,Current,1,171852,13,7,11,1,0.98,2,0,0,1,0
CUST2254,26,Male,Single,Secondary,Employed,102,Savings,1,55914,17,9,9,1,0.51,1,1,0,0,0
CUST2280,42,Female,Married,Secondary,Self-employed,132,Current,3,174482,11,7,10,0,0.98,1,1,0,0,0
CUST0964,25,Male,Married,Secondary,Employed,93,Savings,2,553750,8,12,7,0,0.94,2,0,0,1,0
CUST0339,43,Female,Married,None,Self-employed,161,Savings,1,32531,15,10,13,0,0.57,0,1,0,0,0
CUST1922,35,Male,Married,University,Employed,175,Savings,2,268159,24,8,15,0,0.96,1,1,0,0,0
CUST2817,23,Female,Divorced,Secondary,Employed,95,Current,4,53345,12,7,7,0,0.66,1,0,0,0,1
CUST1585,37,Male,Divorced,Secondary,Self-employed,26,Savings,2,267540,15,12,8,0,0.56,0,0,0,0,1
CUST0844,46,Female,Married,Primary,Self-employed,131,Savings,1,4599,16,13,10,0,0.96,3,0,0,0,0
CUST0624,39,Female,Single,University,Unemployed,153,Current,1,120218,11,5,13,0,0.53,1,0,0,0,1
CUST1683,45,Female,Married,Secondary,Employed,168,Current,2,316239,11,10,6,0,0.96,0,1,0,1,0
CUST2857,39,Female,Married,University,Self-employed,8,Current,1,104054,13,6,13,0,0.67,3,1,0,1,0
CUST2824,36,Male,Married,University,Employed,19,Savings,2,69617,14,13,3,0,0.66,4,0,0,0,0
CUST1360,18,Male,Married,Secondary,Self-employed,31,Current,2,60883,22,12,10,0,0.95,1,1,0,0,1
CUST0575,45,Male,Married,University,Self-employed,171,Savings,1,32744,19,13,8,0,0.66,0,1,0,1,0
CUST2864,19,Female,Single,None,Employed,63,Current,2,77317,16,7,9,0,0.76,0,1,0,0,1
CUST2071,21,Female,Married,University,Employed,29,Savings,2,195898,11,7,6,0,0.55,0,0,0,0,0
CUST0852,40,Female,Single,None,Self-employed,78,Savings,3,154542,19,10,9,0,0.66,1,1,0,0,0
CUST2789,39,Female,Single,Primary,Employed,22,Current,2,116464,16,8,16,0,0.54,0,0,1,0,0
CUST1956,38,Male,Single,Primary,Unemployed,60,Fixed Deposit,2,64304,10,6,6,0,0.75,2,1,0,0,0
CUST2282,52,Male,Married,Primary,Employed,9,Current,3,190247,19,6,9,0,0.69,0,0,0,0,0
CUST0861,45,Female,Single,University,Employed,19,Current,3,202455,14,11,17,0,0.89,2,1,1,1,0
CUST2863,29,Female,Married,Primary,Employed,99,Savings,2,150549,11,7,7,1,0.77,1,0,1,0,0
CUST2115,24,Female,Divorced,Secondary,Employed,54,Savings,2,136222,12,8,5,1,0.62,3,1,1,0,0
CUST1542,50,Male,Single,University,Self-employed,167,Savings,2,84523,15,8,10,0,0.73,0,1,0,0,0
CUST2132,32,Female,Single,University,Self-employed,107,Savings,1,50370,13,10,11,0,0.94,1,1,0,0,1
CUST0288,35,Female,Married,Secondary,Self-employed,103,Current,1,23354,15,11,5,0,0.61,1,1,1,0,0
CUST2570,47,Female,Married,None,Employed,54,Current,1,12520,14,7,10,0,0.5,2,1,0,0,0
CUST1721,31,Male,Married,Secondary,Employed,47,Savings,1,57357,20,8,9,1,0.62,2,1,0,0,0
CUST0838,31,Male,Single,Secondary,Employed,132,Savings,4,34850,13,7,14,0,0.59,1,0,0,0,0
CUST0812,27,Female,Married,Secondary,Self-employed,82,Savings,2,82802,24,10,10,0,0.59,0,1,0,0,0
CUST0531,43,Female,Married,Primary,Unemployed,23,Savings,2,58355,23,7,14,0,0.98,0,1,1,0,0
CUST2862,26,Male,Single,Primary,Self-employed,97,Savings,1,10574,11,6,6,0,0.96,1,0,0,0,0
CUST1023,18,Female,Divorced,University,Unemployed,142,Savings,2,5557,19,11,11,0,0.96,0,1,0,0,1
CUST1791,24,Male,Single,Secondary,Employed,21,Savings,4,5707,20,7,6,0,0.59,0,1,0,0,0
CUST2464,34,Male,Married,Secondary,Employed,172,Savings,1,52431,15,9,10,0,0.65,1,1,0,0,0
CUST0974,26,Female,Single,Secondary,Self-employed,75,Savings,2,225734,12,6,19,0,0.96,1,1,0,1,1
CUST0398,38,Male,Single,Secondary,Employed,145,Savings,2,36854,19,4,7,0,0.77,1,1,0,0,0
CUST0979,38,Female,Married,Secondary,Self-employed,40,Savings,2,262766,19,7,7,0,0.55,1,0,0,0,1
CUST2201,19,Female,Single,Primary,Employed,78,Fixed Deposit,1,98394,16,8,10,0,0.93,1,1,0,1,0
CUST2228,32,Female,Married,Primary,Employed,122,Savings,3,258611,15,7,7,0,0.62,1,1,0,0,0
CUST2864,44,Male,Married,Secondary,Employed,77,Savings,2,435952,16,15,4,0,0.75,1,0,0,0,0
CUST2741,39,Female,Married,Primary,Unemployed,78,Current,2,375096,14,9,16,0,0.87,3,0,1,1,0
CUST0297,36,Male,Single,Secondary,Employed,68,Savings,3,27927,19,11,12,0,0.57,0,1,0,0,1
CUST0491,18,Female,Married,Primary,Self-employed,157,Savings,1,4230,11,7,9,1,0.8,1,1,1,0,0
CUST0440,36,Female,Married,Primary,Employed,42,Savings,4,35739,21,6,9,0,0.98,3,0,0,1,1
CUST0089,49,Male,Married,Secondary,Employed,66,Current,3,92332,9,14,8,1,0.65,1,1,0,1,1
CUST0549,48,Female,Married,None,Employed,171,Fixed Deposit,4,150174,14,3,13,0,0.9,1,0,0,0,0
CUST0508,30,Male,Single,Secondary,Self-employed,36,Savings,1,78321,16,10,8,2,0.54,2,1,0,0,0
CUST0903,44,Male,Married,Secondary,Self-employed,161,Savings,2,45379,15,7,12,0,0.93,0,1,0,0,0
CUST0981,44,Female,Single,Primary,Employed,117,Savings,3,76125,13,12,10,1,0.86,3,1,1,0,1
CUST2322,49,Female,Single,Secondary,Employed,169,Fixed Deposit,1,540384,9,6,16,1,0.56,1,1,1,0,0
CUST0354,43,Female,Married,Primary,Employed,4,Current,3,94917,19,9,9,1,0.98,2,0,0,0,0
CUST0186,21,Female,Single,Secondary,Employed,155,Savings,3,1693,9,8,9,0,0.82,1,0,0,0,0
CUST1081,43,Male,Married,Secondary,Self-employed,169,Savings,1,2384,13,13,11,2,0.93,1,0,0,0,0
CUST2023,18,Female,Divorced,Primary,Employed,87,Savings,2,203622,19,7,14,0,0.97,3,1,1,0,0
CUST2967,46,Female,Married,Secondary,Unemployed,32,Current,1,60401,20,12,5,0,0.68,1,0,1,0,1
CUST0520,48,Female,Married,None,Employed,44,Savings,3,135076,18,9,7,0,0.71,2,1,0,1,0
CUST2699,37,Female,Single,University,Employed,149,Savings,2,575916,16,8,7,0,0.85,0,1,0,1,1
CUST2890,18,Female,Married,Secondary,Employed,73,Savings,2,76420,16,10,10,0,0.6,0,1,0,1,0
CUST0874,46,Female,Single,Secondary,Employed,131,Savings,1,110834,25,7,19,1,0.55,1,1,0,0,0
CUST1412,44,Female,Single,Primary,Employed,99,Savings,2,162973,12,7,11,0,0.78,1,0,0,1,0
CUST2741,48,Male,Single,Secondary,Self-employed,39,Current,4,138175,15,13,5,2,0.96,0,1,0,0,0
CUST2561,33,Female,Married,Secondary,Self-employed,44,Savings,3,128372,18,8,8,0,0.58,2,0,0,0,0
CUST1435,34,Male,Single,University,Employed,82,Savings,3,30661,12,7,9,0,0.81,0,1,0,0,1
CUST1056,48,Female,Married,Secondary,Employed,60,Fixed Deposit,3,75835,15,9,11,0,0.56,1,1,0,0,0
CUST1685,41,Male,Married,Secondary,Employed,74,Savings,3,62420,16,9,15,0,0.83,1,0,0,0,0
CUST1467,24,Male,Married,Secondary,Self-employed,126,Savings,1,16949,16,10,8,0,0.84,0,1,1,0,0
CUST1487,41,Male,Single,Secondary,Employed,162,Current,3,106106,10,7,5,0,0.86,1,0,0,1,0
CUST0058,39,Female,Single,Secondary,Self-employed,123,Savings,1,72943,9,9,4,0,0.78,1,0,0,0,0
CUST2079,42,Female,Married,Primary,Employed,124,Savings,3,82579,12,12,5,0,0.79,1,1,0,0,0
CUST0517,40,Male,Married,Secondary,Self-employed,144,Savings,4,99098,16,8,9,0,0.95,0,1,0,0,0
CUST2575,40,Male,Married,Primary,Unemployed,20,Savings,4,75608,11,4,6,0,0.67,0,0,0,0,1
CUST0064,42,Male,Married,University,Employed,108,Savings,3,23304,14,6,9,0,0.93,0,1,0,0,0
CUST1241,32,Male,Married,Primary,Employed,121,Current,2,153750,18,7,16,0,0.75,0,1,0,0,0
CUST0257,49,Female,Married,University,Unemployed,37,Current,1,37555,16,11,3,0,0.53,1,1,0,0,0
CUST1245,26,Male,Married,University,Self-employed,146,Current,3,43408,24,9,8,0,0.92,0,1,1,1,0
CUST1061,40,Female,Married,Primary,Employed,69,Savings,4,27493,26,12,13,0,0.92,0,1,1,0,0
CUST1475,18,Male,Divorced,University,Employed,26,Fixed Deposit,1,133812,14,6,9,0,0.86,1,1,0,0,1
CUST0269,36,Male,Married,Secondary,Employed,31,Fixed Deposit,1,173082,8,8,9,1,0.7,2,1,0,0,1
CUST0875,35,Female,Married,Secondary,Employed,19,Savings,3,74478,20,7,8,0,0.53,1,1,0,0,0
CUST1632,30,Male,Married,University,Self-employed,29,Savings,3,122717,16,16,8,1,0.98,1,0,0,0,0
CUST2542,19,Male,Married,Secondary,Unemployed,77,Savings,2,107696,21,12,12,0,0.88,2,0,0,0,0
CUST1361,18,Male,Single,Secondary,Employed,43,Current,2,240395,13,6,9,0,0.54,1,0,0,0,1
CUST2427,34,Male,Divorced,Secondary,Unemployed,153,Savings,3,818,14,11,10,0,0.67,0,0,1,0,0
CUST1808,18,Male,Single,Secondary,Employed,44,Savings,1,58014,9,6,12,0,0.6,0,1,0,1,1
CUST2848,34,Male,Married,Primary,Unemployed,165,Savings,1,48341,21,7,9,0,0.97,3,1,1,0,0
CUST0361,25,Male,Single,Primary,Employed,8,Current,1,44272,9,6,6,0,0.92,3,0,1,0,0
CUST2651,45,Female,Married,Primary,Employed,86,Current,3,74868,18,10,9,0,0.73,0,0,0,0,0
CUST2399,43,Male,Single,Secondary,Self-employed,84,Savings,1,59463,18,6,9,0,0.92,0,1,0,0,0
CUST1420,29,Female,Single,Secondary,Unemployed,128,Fixed Deposit,3,73500,21,12,18,0,0.62,1,0,0,0,0
CUST1782,45,Female,Married,Secondary,Employed,45,Savings,4,20183,18,11,13,1,0.64,0,1,0,0,0
CUST1087,55,Female,Married,Primary,Self-employed,147,Savings,1,23354,14,10,11,0,0.63,0,0,0,0,0
CUST0579,42,Female,Divorced,Primary,Employed,68,Savings,4,91353,11,5,11,0,0.99,4,1,0,1,0
CUST0181,40,Male,Married,Secondary,Employed,138,Current,1,460184,13,12,10,0,0.82,1,1,0,0,0
CUST1676,28,Male,Married,University,Employed,54,Savings,3,140258,16,8,10,0,0.6,1,1,0,1,0
CUST1929,26,Female,Single,University,Employed,57,Savings,4,127647,14,11,15,0,0.95,1,1,0,0,0
CUST1169,34,Female,Single,Primary,Employed,50,Current,2,83953,17,6,6,0,0.51,0,1,0,0,0
CUST2037,43,Female,Single,Secondary,Employed,80,Savings,2,17767,20,11,12,0,0.65,0,1,0,0,0
CUST2534,26,Female,Single,Secondary,Employed,126,Savings,4,177483,12,5,8,0,0.53,2,1,0,0,0
CUST2537,27,Female,Divorced,University,Unemployed,19,Savings,1,43987,12,9,13,0,0.65,0,1,1,0,0
CUST0129,30,Male,Married,Secondary,Employed,99,Savings,4,106640,12,8,8,1,0.61,2,1,1,0,1
CUST1803,28,Female,Married,University,Employed,3,Savings,3,380606,18,6,9,0,0.84,0,1,0,0,0
CUST1623,34,Female,Married,Secondary,Employed,179,Savings,4,136064,14,6,5,0,0.8,2,1,1,0,0
CUST2933,23,Female,Single,Secondary,Employed,31,Savings,1,165323,12,3,7,1,0.64,0,0,0,0,1
CUST0468,20,Male,Married,None,Employed,8,Current,3,271967,15,13,11,0,0.94,2,1,0,0,0
CUST0771,50,Male,Single,None,Unemployed,56,Current,2,260385,10,9,7,0,0.64,3,1,0,0,0
CUST2038,41,Male,Divorced,Primary,Self-employed,169,Savings,1,17660,11,14,9,1,0.54,1,1,0,0,0
CUST0199,38,Female,Divorced,Secondary,Self-employed,32,Current,1,247037,11,6,5,0,0.89,2,1,0,0,1
CUST0038,19,Female,Married,Secondary,Employed,117,Savings,2,54131,12,8,12,0,0.55,1,1,1,0,0
CUST1263,18,Male,Married,Secondary,Self-employed,149,Current,1,475331,16,9,10,0,0.98,4,0,0,1,0
CUST1428,45,Male,Single,None,Self-employed,5,Current,4,29013,8,10,12,0,0.79,3,1,0,0,0
CUST1656,42,Female,Married,Secondary,Employed,168,Savings,1,40179,17,7,11,0,0.68,0,1,0,1,0
CUST2194,41,Male,Single,None,Employed,79,Savings,3,105881,18,5,7,0,0.74,0,1,1,0,0
CUST2718,42,Male,Married,Primary,Employed,3,Savings,1,19080,13,7,12,0,0.85,0,0,1,0,1
CUST0030,44,Female,Married,Secondary,Employed,70,Savings,1,122079,18,7,6,1,0.85,0,1,1,1,0
CUST0569,36,Female,Single,Primary,Employed,22,Current,4,140965,25,3,11,1,0.64,3,0,0,0,1
CUST0240,19,Male,Single,Secondary,Employed,103,Savings,1,229724,22,10,8,0,0.96,1,0,0,1,0
CUST0507,34,Female,Married,None,Employed,66,Savings,4,7963,22,7,7,0,0.75,0,1,0,0,0
CUST0128,51,Male,Single,Secondary,Self-employed,98,Current,3,102182,15,9,9,0,0.94,4,0,0,0,1
CUST0151,29,Female,Single,Secondary,Employed,157,Savings,1,108545,22,8,9,0,0.62,2,1,0,1,0
CUST0863,24,Female,Married,University,Unemployed,81,Savings,3,255663,9,5,10,0,0.74,0,0,1,0,0
CUST2866,18,Male,Married,None,Employed,50,Current,3,32038,12,4,11,0,0.94,1,0,0,0,1
CUST2919,38,Female,Single,Secondary,Unemployed,94,Savings,2,272835,15,5,11,0,0.91,1,1,0,1,0
CUST2858,42,Male,Married,Primary,Self-employed,96,Savings,1,162839,9,6,8,0,0.67,0,1,1,0,0
CUST0230,44,Female,Single,Secondary,Employed,178,Savings,1,69496,11,9,9,0,0.61,2,1,0,0,1
CUST2221,41,Male,Single,Secondary,Self-employed,41,Savings,2,31401,16,7,7,0,0.51,2,1,1,0,0
CUST0880,45,Male,Married,Primary,Employed,153,Savings,2,351894,14,11,10,0,0.55,1,1,1,0,0
CUST0061,48,Male,Single,Primary,Unemployed,10,Current,1,22219,14,7,12,0,0.58,2,0,1,1,0
CUST2598,30,Female,Divorced,Secondary,Employed,105,Current,1,174793,13,8,5,0,0.64,1,1,0,0,0
CUST1001,27,Male,Married,Secondary,Employed,27,Savings,4,91984,15,8,8,0,0.72,0,0,0,0,1
CUST2825,43,Male,Single,Secondary,Employed,78,Savings,1,33427,13,13,8,0,0.88,0,1,0,0,0
CUST0057,53,Male,Single,Primary,Self-employed,137,Current,1,73846,14,2,10,1,0.54,0,0,0,0,0
CUST1397,36,Female,Single,University,Self-employed,163,Savings,2,224558,18,8,6,0,0.93,2,1,0,0,0
CUST1190,44,Male,Married,Secondary,Employed,130,Savings,2,136654,17,12,18,0,0.85,1,1,1,0,0
CUST1607,45,Male,Married,Primary,Employed,99,Current,1,119297,20,15,11,0,0.88,1,1,0,0,0
CUST0542,30,Female,Married,Primary,Self-employed,25,Savings,3,15732,14,10,11,0,0.95,0,0,0,0,1
CUST1216,36,Female,Single,Secondary,Self-employed,163,Current,1,23783,16,5,9,0,0.71,4,1,1,0,0
CUST2696,39,Female,Single,Primary,Employed,8,Savings,1,4660,13,6,7,1,0.75,2,0,0,0,0
CUST2425,42,Female,Married,University,Self-employed,14,Savings,3,104222,11,10,11,1,0.88,3,1,0,0,1
CUST0917,31,Male,Married,None,Employed,79,Savings,3,3628,14,5,10,1,0.67,1,1,1,1,0
CUST1346,23,Female,Married,University,Self-employed,152,Savings,2,102667,12,11,9,0,0.91,1,0,0,0,1
CUST0669,42,Male,Married,Primary,Employed,171,Current,3,11043,17,12,11,0,0.65,2,1,1,1,0
CUST0379,20,Female,Single,Secondary,Self-employed,150,Savings,3,74092,23,13,3,1,0.62,1,1,0,0,0
CUST0920,30,Male,Single,None,Employed,12,Savings,1,90822,19,5,13,0,0.88,0,1,0,0,0
CUST0475,45,Male,Married,Secondary,Employed,164,Current,1,109239,16,8,8,0,0.61,2,0,0,0,0
CUST2393,30,Male,Single,Primary,Self-employed,171,Current,4,40705,15,9,17,0,1,1,1,0,0,0
CUST2027,37,Male,Married,Secondary,Employed,164,Current,2,21536,18,12,11,0,0.91,1,1,1,0,0
CUST1528,26,Male,Single,Primary,Self-employed,148,Current,1,449390,13,5,12,0,0.64,1,1,0,0,0
CUST2085,38,Male,Married,None,Employed,76,Current,1,488317,23,12,11,1,0.72,2,1,0,0,0
CUST1969,42,Male,Married,Secondary,Employed,52,Savings,2,168577,14,3,12,0,0.73,4,1,0,1,0
CUST0375,46,Male,Married,Secondary,Self-employed,61,Savings,3,226114,15,5,7,0,0.61,2,1,0,0,1
CUST1908,41,Male,Divorced,University,Employed,35,Savings,1,88479,13,7,9,0,0.51,0,1,0,0,0
CUST0284,34,Female,Divorced,Secondary,Employed,85,Fixed Deposit,4,2400,19,8,11,0,0.53,2,0,1,1,0
CUST0604,26,Female,Single,Secondary,Employed,157,Savings,1,18403,13,8,11,0,0.84,0,1,0,0,0
CUST1573,32,Male,Married,Secondary,Unemployed,85,Savings,2,94509,13,11,6,0,0.82,3,0,1,0,0
CUST0124,42,Male,Divorced,Secondary,Unemployed,151,Current,1,157586,14,12,17,0,0.58,0,1,1,1,0
CUST2646,52,Female,Single,Secondary,Unemployed,41,Current,1,412301,11,10,10,0,0.71,1,0,1,1,0
CUST2436,38,Female,Divorced,Secondary,Unemployed,51,Savings,4,37864,19,10,11,0,0.76,1,1,0,0,1
CUST1714,30,Male,Married,Primary,Employed,121,Current,2,231850,10,8,9,0,0.79,0,0,0,0,0
CUST1969,24,Male,Single,Secondary,Employed,36,Savings,2,408973,17,6,12,1,0.95,2,0,0,0,0
CUST0253,32,Male,Married,University,Employed,74,Savings,2,191933,9,6,11,0,0.96,1,1,1,1,0
CUST0804,51,Female,Married,Secondary,Employed,82,Current,3,311046,12,13,8,0,0.71,1,1,0,1,0
CUST1783,20,Female,Single,Primary,Self-employed,72,Savings,2,66135,15,6,8,1,0.82,0,1,0,0,0
CUST2037,25,Female,Married,None,Self-employed,143,Savings,4,117453,14,6,14,0,0.88,2,0,1,0,0
CUST1429,38,Male,Married,Secondary,Self-employed,179,Savings,3,8972,11,5,12,0,0.85,1,0,0,0,1
CUST0490,18,Male,Single,Primary,Employed,135,Savings,4,102712,14,11,8,1,0.74,0,1,0,0,0
CUST2267,49,Female,Married,None,Employed,10,Savings,1,84162,19,6,6,2,0.57,0,1,0,0,0
CUST1966,32,Female,Single,Primary,Unemployed,78,Savings,1,160815,15,6,7,0,0.94,1,1,1,0,0
CUST1872,33,Male,Married,Secondary,Employed,114,Savings,2,117549,16,10,8,0,0.57,2,0,1,0,0
CUST2911,41,Female,Married,Secondary,Self-employed,127,Savings,2,25607,13,5,9,0,0.89,2,1,0,0,0
CUST0790,63,Male,Single,None,Self-employed,27,Current,3,142019,14,7,14,0,0.92,3,0,0,1,1
CUST1369,25,Male,Single,University,Employed,45,Current,3,28603,13,9,11,1,0.68,3,1,0,0,1
CUST1936,28,Male,Single,Primary,Employed,84,Savings,3,134791,17,9,10,1,0.95,1,1,0,0,0
CUST1871,41,Female,Single,Secondary,Employed,92,Savings,1,315059,17,7,12,0,0.96,0,1,0,0,1
CUST1131,19,Female,Single,Secondary,Employed,78,Fixed Deposit,4,39059,25,5,10,0,0.65,2,1,0,1,0
CUST2132,35,Female,Married,University,Employed,77,Current,1,12662,15,8,10,0,0.85,1,1,0,0,1
CUST1952,37,Male,Married,Secondary,Employed,154,Savings,1,237641,17,10,10,0,0.7,0,1,0,0,0
CUST0142,37,Female,Single,Primary,Employed,114,Current,2,72547,14,8,10,0,0.69,0,1,0,0,0
CUST1033,36,Male,Married,University,Employed,4,Savings,1,166222,18,7,12,0,0.79,0,1,0,1,1
CUST1207,42,Female,Married,Primary,Self-employed,175,Fixed Deposit,2,31300,15,7,13,0,0.55,0,1,1,1,0
CUST2724,31,Male,Married,Secondary,Employed,69,Savings,4,64031,12,9,11,0,0.84,0,0,1,0,0
CUST0739,37,Male,Married,University,Employed,135,Savings,1,55956,13,6,15,0,0.65,1,1,0,0,0
CUST1812,44,Female,Single,Secondary,Self-employed,179,Savings,2,779948,7,10,9,0,0.75,4,0,0,0,1
CUST2598,41,Female,Single,Primary,Employed,43,Fixed Deposit,1,87880,13,4,14,0,0.97,0,1,0,0,0
CUST0101,37,Male,Single,University,Unemployed,8,Savings,2,7173,13,4,8,0,0.53,0,1,1,0,0
CUST2129,36,Male,Married,Primary,Employed,32,Savings,1,285661,11,8,15,1,0.74,1,0,0,1,0
CUST1454,59,Male,Married,University,Unemployed,137,Savings,1,118367,11,10,9,0,0.82,0,0,1,1,1
CUST0867,32,Female,Married,Secondary,Employed,32,Savings,2,201230,17,7,6,0,0.75,1,1,1,0,0
CUST2139,33,Male,Married,University,Employed,79,Fixed Deposit,1,251263,11,10,9,0,0.5,3,1,0,0,0
CUST1391,37,Male,Single,Primary,Employed,171,Savings,1,245001,14,10,9,0,0.98,1,1,1,0,0
CUST1405,45,Female,Single,Secondary,Employed,86,Savings,1,11934,15,12,9,0,0.75,0,1,0,1,0
CUST1464,35,Male,Single,None,Self-employed,121,Current,3,48838,14,8,12,0,0.72,1,0,1,1,1
CUST0669,35,Female,Married,Primary,Employed,168,Current,1,27185,19,6,10,0,0.78,0,1,0,0,0
CUST0367,27,Male,Married,Secondary,Self-employed,11,Current,3,500,11,13,8,0,0.53,2,0,0,1,1
CUST0183,49,Female,Single,Primary,Self-employed,50,Current,1,188732,14,10,8,1,0.97,0,1,0,0,0
CUST0932,31,Female,Divorced,Secondary,Self-employed,52,Savings,3,37250,4,8,9,0,0.53,0,1,1,0,1
CUST0958,38,Female,Married,Secondary,Employed,70,Savings,1,383377,19,6,11,0,0.9,0,1,0,0,1
CUST0006,47,Male,Divorced,Primary,Self-employed,30,Savings,1,274682,16,9,7,0,0.91,1,1,1,1,0
CUST2807,19,Female,Single,Secondary,Employed,5,Current,1,80042,19,6,11,0,0.87,3,0,1,0,0
CUST1835,49,Male,Single,Secondary,Employed,108,Fixed Deposit,3,151097,17,8,10,0,0.51,1,0,0,0,0
CUST0655,41,Female,Divorced,None,Employed,40,Fixed Deposit,4,23260,17,5,13,0,0.56,1,0,0,1,1
CUST2593,32,Female,Single,Secondary,Self-employed,77,Savings,3,415938,13,3,8,0,0.69,1,1,1,1,0
CUST0257,41,Female,Single,Secondary,Employed,154,Savings,1,59139,11,4,9,0,0.71,1,0,0,0,0
CUST0863,29,Male,Married,None,Self-employed,138,Current,3,129137,15,10,6,1,0.62,1,0,0,1,1
CUST0108,35,Male,Single,Secondary,Self-employed,80,Savings,4,176706,9,10,13,0,0.97,1,1,0,1,0
CUST1016,27,Male,Married,Primary,Employed,177,Current,4,35978,21,6,8,0,0.67,2,1,0,1,0
CUST1660,40,Female,Married,Primary,Employed,59,Savings,1,177520,9,9,8,1,0.83,1,1,1,0,0
CUST1275,32,Male,Married,Secondary,Employed,171,Current,1,328797,16,5,13,0,0.94,2,1,0,1,0
CUST0578,33,Male,Married,Primary,Employed,153,Current,1,500,15,7,15,0,0.51,2,0,1,0,0
CUST2036,49,Female,Married,Secondary,Employed,128,Savings,1,208603,12,5,11,1,0.51,0,1,0,0,0
CUST0307,50,Female,Single,None,Employed,141,Savings,3,423355,9,10,15,0,0.81,0,1,1,1,0
CUST1294,28,Female,Single,University,Employed,1,Savings,2,94545,14,8,17,1,0.52,1,1,0,0,0
CUST0396,44,Female,Single,Primary,Employed,37,Savings,1,261061,19,7,7,1,0.78,4,1,1,0,0
CUST1729,40,Male,Married,Primary,Employed,49,Savings,2,268443,18,6,11,1,0.9,0,1,0,0,1
CUST2747,42,Female,Single,Primary,Employed,37,Savings,1,262441,17,8,9,0,0.66,0,1,0,0,1
CUST2577,41,Male,Married,Primary,Employed,105,Savings,2,283064,6,12,14,0,0.72,0,0,0,0,0
CUST2092,29,Female,Married,Secondary,Employed,2,Current,2,74708,18,9,12,0,0.67,0,0,0,0,0
CUST1403,35,Male,Married,Primary,Self-employed,130,Current,1,721619,14,6,5,0,0.74,1,0,0,0,0
CUST0647,28,Male,Single,Secondary,Employed,28,Current,2,277470,15,4,12,0,0.71,0,0,1,0,0
CUST1435,32,Female,Married,Primary,Employed,8,Savings,3,167829,19,6,13,0,0.96,0,1,0,1,0
CUST1423,30,Female,Married,None,Self-employed,2,Current,2,237543,15,6,8,1,0.73,0,1,0,0,0
CUST1359,33,Female,Single,Secondary,Employed,99,Savings,4,233621,14,5,8,0,0.51,1,0,0,0,0
CUST1421,43,Female,Single,Secondary,Employed,44,Savings,1,72093,14,6,16,1,0.89,0,1,0,0,0
CUST1669,23,Female,Married,Secondary,Self-employed,6,Savings,1,116794,17,4,7,1,0.91,1,1,0,0,1
CUST1982,39,Male,Divorced,Secondary,Employed,77,Current,1,72715,19,10,16,1,0.62,0,1,0,1,0
CUST1935,37,Male,Single,Secondary,Employed,24,Savings,3,35850,24,11,9,0,0.7,0,1,1,1,0
CUST1341,45,Female,Single,Secondary,Employed,51,Savings,2,188755,16,8,5,0,0.99,0,1,0,1,0
CUST1422,19,Male,Single,Secondary,Employed,145,Current,3,126282,13,10,7,0,0.97,0,1,0,0,0
CUST1316,40,Female,Married,Primary,Self-employed,41,Current,2,49929,11,7,9,0,0.57,2,0,0,0,0
CUST2754,38,Male,Divorced,University,Unemployed,163,Savings,2,156395,15,6,11,0,0.86,1,1,0,1,0
CUST2657,30,Female,Single,Secondary,Employed,173,Savings,1,446708,10,10,13,1,0.96,0,1,0,0,0
CUST0182,36,Female,Married,Primary,Employed,63,Savings,2,33588,17,9,12,0,0.56,0,0,0,0,1
CUST0251,31,Male,Married,Secondary,Employed,152,Savings,3,275456,15,10,14,0,0.52,0,1,0,0,0
CUST2327,52,Female,Divorced,Primary,Employed,109,Current,1,712221,15,7,9,0,0.55,2,1,1,0,0
CUST2701,38,Male,Single,University,Self-employed,53,Current,1,94630,10,4,8,0,0.55,2,1,0,0,0
CUST1679,34,Female,Single,Secondary,Self-employed,87,Fixed Deposit,1,181666,13,5,15,0,0.96,0,0,0,1,1
CUST2703,34,Male,Divorced,Secondary,Self-employed,106,Savings,1,61847,15,8,9,0,0.66,0,1,0,0,0
CUST0180,29,Male,Single,Secondary,Employed,138,Current,2,247562,16,11,9,0,0.92,1,0,1,1,0
CUST2196,38,Female,Married,Secondary,Self-employed,107,Savings,4,383093,16,5,10,1,0.77,2,0,0,0,1
CUST0790,25,Male,Married,University,Self-employed,64,Savings,3,7975,18,5,10,1,0.89,1,1,0,0,0
CUST0374,37,Female,Single,Primary,Employed,98,Savings,1,120299,20,7,5,0,0.88,0,1,0,0,1
CUST1339,18,Female,Single,Secondary,Self-employed,171,Savings,2,178985,10,6,19,0,0.78,1,0,0,1,0
CUST1248,32,Male,Divorced,Secondary,Employed,179,Savings,4,73339,10,5,6,1,0.61,0,1,1,0,0
CUST2200,46,Male,Single,University,Employed,32,Current,1,108051,15,7,13,0,0.76,0,1,0,0,1
CUST1869,31,Female,Divorced,None,Employed,177,Current,2,182028,14,7,4,0,0.75,0,1,0,0,0
CUST1034,42,Female,Married,Secondary,Employed,155,Savings,2,61976,11,11,12,2,0.72,2,1,0,0,0
CUST1600,56,Male,Married,University,Self-employed,25,Savings,2,65603,15,9,8,0,0.8,1,0,0,0,1
CUST1094,45,Male,Divorced,Primary,Employed,55,Savings,1,287764,23,11,8,1,0.84,1,1,0,0,0
CUST2364,41,Male,Single,None,Employed,155,Savings,2,259558,15,12,8,0,0.85,0,0,1,1,0
CUST0917,43,Female,Divorced,Primary,Employed,141,Fixed Deposit,3,77735,15,9,7,0,0.96,2,0,1,0,0
CUST1506,21,Female,Single,Primary,Employed,80,Current,2,42344,11,5,12,0,0.54,1,1,0,0,0
CUST0293,26,Female,Married,University,Employed,115,Current,2,40874,13,7,7,0,0.59,2,1,0,0,0
CUST1664,55,Female,Married,University,Unemployed,57,Current,2,123572,24,12,10,0,0.64,0,0,1,0,0
CUST2367,30,Female,Married,Primary,Self-employed,70,Savings,2,257089,17,11,13,1,0.94,0,1,0,0,0
CUST0918,46,Female,Single,Secondary,Employed,72,Current,4,48079,16,11,16,0,0.96,1,1,1,0,0
CUST2606,40,Male,Married,Primary,Unemployed,15,Savings,3,259859,11,6,8,0,0.57,1,0,0,1,0
CUST0773,22,Female,Divorced,Primary,Employed,97,Current,2,171830,23,12,13,0,0.76,0,1,1,0,0
CUST0443,42,Female,Married,Primary,Unemployed,135,Current,1,1750,14,7,9,0,0.75,1,1,0,0,1
CUST0568,30,Male,Married,Primary,Unemployed,142,Savings,2,73247,17,5,7,1,0.85,1,1,1,1,0
CUST1786,31,Female,Married,University,Employed,34,Savings,1,141618,13,2,11,0,0.81,1,1,0,0,0
CUST0485,29,Female,Single,Secondary,Employed,135,Savings,1,199506,12,8,9,0,0.93,1,0,0,0,1
CUST0785,45,Male,Married,Secondary,Self-employed,123,Savings,3,48200,12,2,6,0,0.85,1,0,1,1,0
CUST2013,43,Male,Married,Secondary,Employed,103,Fixed Deposit,1,102309,10,10,8,0,0.91,1,0,1,0,0
CUST1481,40,Male,Married,Primary,Self-employed,161,Fixed Deposit,2,124935,11,12,14,0,0.85,1,1,1,0,0
CUST2850,42,Male,Single,Primary,Employed,66,Savings,3,87737,17,9,9,0,0.91,1,1,0,1,0
CUST1924,18,Female,Divorced,Secondary,Employed,177,Savings,2,86998,9,7,11,0,0.99,2,1,0,0,0
CUST0352,35,Female,Divorced,None,Employed,113,Savings,1,182904,14,2,8,0,0.86,2,0,0,1,0
CUST0027,29,Male,Married,None,Unemployed,97,Current,2,340175,14,12,9,0,0.69,2,1,0,0,0
CUST1181,27,Female,Married,Primary,Employed,89,Savings,2,88919,9,7,5,2,0.61,1,1,0,0,0
CUST0520,27,Male,Married,Primary,Employed,137,Savings,1,2329,13,11,11,0,0.61,0,1,1,1,0
CUST1347,31,Male,Single,University,Unemployed,45,Savings,1,33404,21,13,7,0,0.6,0,1,0,0,1
CUST1540,27,Female,Married,None,Self-employed,59,Fixed Deposit,1,132338,18,5,3,0,0.76,0,1,0,0,1
CUST0465,25,Male,Married,University,Employed,34,Current,1,215011,16,10,7,0,0.53,1,1,1,0,0
CUST1474,20,Male,Divorced,Primary,Unemployed,11,Savings,1,147690,18,4,5,0,0.66,0,1,1,0,1
CUST0842,54,Male,Married,Primary,Self-employed,38,Savings,3,334114,23,11,11,0,0.75,3,0,1,0,1
CUST0594,40,Female,Married,Secondary,Employed,41,Savings,2,256990,13,8,9,0,1,1,1,0,0,1
CUST1304,36,Female,Married,Secondary,Self-employed,72,Current,1,75341,25,9,10,0,0.53,1,1,0,0,0
CUST0517,49,Female,Married,Secondary,Unemployed,32,Savings,2,75177,14,6,7,0,0.88,0,1,1,0,1
CUST2117,25,Male,Married,Primary,Employed,83,Savings,3,72205,16,9,5,0,0.52,3,1,0,0,0
CUST2909,35,Female,Married,University,Employed,153,Savings,2,216557,5,6,8,0,0.8,0,0,0,0,1
CUST1041,45,Female,Married,None,Employed,145,Current,2,861,10,8,16,0,0.63,0,1,0,0,0
CUST0321,31,Female,Single,University,Employed,45,Current,2,1090542,15,9,11,1,0.78,3,1,0,0,0
CUST1294,22,Male,Single,Primary,Employed,111,Savings,1,323401,11,7,6,0,0.72,1,1,0,0,0
CUST1420,29,Male,Married,Secondary,Self-employed,134,Savings,2,33234,13,5,13,0,0.58,2,1,1,0,1
CUST0558,28,Male,Single,Primary,Self-employed,93,Savings,3,21404,16,6,8,0,0.62,0,1,0,1,0
CUST2140,40,Female,Single,Secondary,Self-employed,175,Fixed Deposit,2,217803,18,3,4,0,0.84,0,0,1,0,0
CUST2099,44,Male,Married,University,Unemployed,21,Savings,3,54188,14,7,11,0,0.78,2,0,0,0,0
CUST0655,35,Male,Married,Primary,Employed,4,Fixed Deposit,2,257707,15,8,16,2,0.74,0,1,0,1,1
CUST2963,31,Female,Married,Secondary,Employed,91,Fixed Deposit,2,44627,8,9,8,0,0.76,2,1,0,1,0
CUST1561,18,Male,Married,Secondary,Employed,26,Savings,4,68099,13,7,10,0,0.68,2,1,0,0,0
CUST2581,33,Female,Single,Primary,Self-employed,169,Current,2,40478,15,5,10,0,0.83,3,0,0,0,0
CUST0605,42,Male,Single,Secondary,Self-employed,61,Savings,1,565670,11,6,13,0,0.86,1,1,0,0,0
CUST1970,25,Female,Single,Secondary,Employed,59,Current,2,143497,13,9,10,0,0.68,0,1,1,0,0
CUST0872,38,Female,Single,University,Unemployed,152,Savings,4,140561,17,9,7,0,0.78,1,0,0,0,0
CUST1458,37,Male,Single,Primary,Self-employed,97,Savings,2,72724,17,6,12,0,0.62,0,1,0,0,0
CUST1928,23,Male,Single,Secondary,Employed,171,Savings,2,81351,14,6,8,0,0.8,0,0,0,0,1
CUST0959,50,Male,Single,Primary,Unemployed,98,Savings,2,75691,17,7,10,1,0.98,0,1,1,0,0
CUST0640,40,Male,Single,Primary,Employed,49,Savings,3,304045,21,9,10,0,0.74,0,1,0,0,1
CUST2865,43,Female,Married,University,Unemployed,35,Savings,1,71864,12,9,11,0,0.69,2,0,1,0,0
CUST1579,30,Male,Married,Secondary,Employed,9,Current,1,24655,22,11,5,1,0.66,0,0,1,0,0
CUST0229,50,Female,Married,Secondary,Employed,121,Savings,1,65501,13,5,11,0,0.73,1,1,1,0,0
CUST2018,29,Male,Single,Secondary,Employed,103,Savings,1,195685,15,6,9,1,0.53,1,1,0,0,0
CUST0126,37,Female,Married,University,Employed,3,Fixed Deposit,2,96468,8,14,9,0,0.8,1,0,1,0,0
CUST0910,22,Female,Married,University,Employed,6,Current,2,143517,14,5,11,0,0.88,1,1,0,0,0
CUST2385,27,Female,Married,Primary,Self-employed,171,Current,4,22076,19,6,11,0,0.97,0,1,0,0,0
CUST2800,34,Female,Single,University,Self-employed,23,Current,3,128560,20,9,10,1,0.84,3,1,0,0,0
CUST2530,42,Male,Married,Secondary,Employed,110,Savings,2,411679,20,8,12,0,0.85,2,0,0,1,0
CUST2329,30,Male,Single,Primary,Self-employed,57,Savings,1,277391,13,7,12,1,0.74,1,1,0,1,1
CUST1496,29,Male,Married,Secondary,Employed,138,Current,2,84736,8,10,11,1,0.54,1,1,0,0,1
CUST2806,35,Male,Single,None,Employed,94,Savings,1,83079,13,6,7,0,0.94,1,0,0,0,1
CUST0344,18,Male,Single,Secondary,Unemployed,55,Savings,3,42087,19,4,14,0,0.69,3,1,0,0,1
CUST2136,24,Male,Married,Secondary,Unemployed,119,Savings,2,142000,12,11,15,0,0.73,0,0,0,0,0
CUST1492,19,Male,Single,None,Self-employed,174,Savings,1,217164,17,8,8,0,0.82,2,0,0,0,0
CUST2426,46,Male,Married,Primary,Employed,65,Savings,2,320378,14,10,12,1,0.75,1,1,1,0,0
CUST1320,34,Female,Divorced,University,Unemployed,90,Savings,1,500,19,6,12,1,0.65,2,1,0,1,0
CUST2459,36,Female,Single,None,Employed,56,Savings,3,137049,15,14,17,0,0.8,0,0,1,0,0
CUST2649,34,Male,Single,University,Self-employed,84,Current,3,41960,12,5,14,0,0.92,1,0,0,0,0
CUST2678,21,Male,Married,Primary,Employed,62,Savings,1,21484,17,16,8,1,0.71,2,1,0,0,0
CUST0624,27,Male,Divorced,Primary,Unemployed,30,Savings,4,203634,22,13,8,0,0.58,1,1,0,1,0
CUST1911,42,Male,Divorced,University,Employed,174,Savings,2,306304,14,5,15,0,0.83,0,0,1,0,0
CUST1942,37,Male,Married,Primary,Self-employed,4,Fixed Deposit,3,73121,15,6,7,0,0.92,2,1,0,0,0
CUST2131,44,Female,Divorced,University,Self-employed,86,Savings,2,50380,16,6,7,0,0.57,0,0,0,0,0
CUST1199,38,Male,Single,Secondary,Employed,91,Savings,2,273323,14,14,17,0,0.98,1,1,0,0,0
CUST2720,34,Female,Single,None,Unemployed,118,Fixed Deposit,2,56791,15,14,12,1,0.7,1,0,0,1,0
CUST2151,31,Female,Single,None,Unemployed,175,Current,1,59416,16,7,7,1,0.51,2,1,0,0,0
CUST1959,54,Male,Single,Secondary,Employed,171,Savings,2,39564,12,12,15,1,0.84,2,1,0,0,0
CUST0243,32,Male,Married,University,Self-employed,163,Savings,1,480303,15,4,19,1,0.78,1,1,1,1,0
CUST0761,33,Male,Married,University,Employed,27,Current,2,53838,11,8,7,0,0.52,1,1,1,0,0
CUST0173,38,Male,Married,Primary,Self-employed,17,Fixed Deposit,1,118410,8,10,10,0,0.74,0,1,0,0,1
CUST2552,37,Female,Single,Primary,Self-employed,20,Savings,2,295026,11,5,9,0,0.53,2,0,1,0,0
CUST0639,21,Male,Single,None,Employed,20,Savings,2,161568,23,10,8,0,0.79,0,0,0,1,1
CUST1891,33,Female,Single,Primary,Employed,177,Current,3,12342,16,4,8,0,0.94,0,1,1,0,0
CUST2195,41,Male,Divorced,Secondary,Self-employed,88,Savings,2,69584,5,2,11,0,0.97,1,1,0,0,0
CUST0606,23,Female,Married,Secondary,Employed,148,Savings,2,221404,10,5,9,0,0.85,0,0,0,0,0
CUST2576,47,Male,Married,Secondary,Employed,57,Current,3,316210,14,8,13,0,0.97,1,1,0,0,0
CUST1971,24,Female,Married,Primary,Self-employed,143,Current,4,292766,21,4,12,0,0.92,2,1,0,0,0
CUST2105,18,Male,Married,Primary,Employed,69,Savings,2,155724,24,9,12,0,0.77,0,1,0,0,0
CUST0322,22,Female,Married,Secondary,Employed,162,Savings,4,33151,11,5,5,0,0.83,1,1,0,1,0
CUST2178,47,Male,Married,Primary,Employed,114,Savings,3,450059,19,11,16,1,0.55,0,1,0,0,1
CUST1441,45,Female,Married,None,Employed,135,Current,1,123464,22,10,8,0,0.66,0,1,1,1,1
CUST2242,56,Male,Single,Secondary,Employed,103,Savings,2,265589,17,10,14,0,0.8,0,0,0,0,0
CUST0280,34,Male,Married,Secondary,Self-employed,6,Fixed Deposit,2,445084,7,7,9,0,0.63,1,1,1,0,0
CUST2170,30,Female,Married,University,Employed,23,Savings,3,59699,17,12,10,0,0.64,1,1,0,1,0
CUST1159,45,Male,Married,Secondary,Self-employed,172,Savings,2,64853,10,8,6,1,0.89,2,1,1,0,0
CUST1718,45,Male,Married,University,Unemployed,34,Current,1,7172,19,7,13,0,0.56,0,0,0,0,0
CUST1534,18,Male,Married,Primary,Self-employed,50,Savings,3,369678,16,7,7,0,0.72,1,1,1,0,0
CUST2658,33,Male,Single,Primary,Employed,74,Savings,3,179685,14,11,8,0,0.99,0,1,1,1,1
CUST2294,34,Male,Married,Secondary,Employed,104,Current,2,15408,23,14,5,1,0.73,1,1,1,0,1
CUST0810,18,Female,Married,Primary,Self-employed,84,Savings,4,118345,21,4,10,0,0.97,0,1,1,1,1
CUST0387,32,Female,Married,Secondary,Employed,35,Current,1,14130,16,5,14,0,0.89,1,1,0,0,0
CUST0753,26,Female,Single,None,Employed,123,Fixed Deposit,1,151193,12,3,11,1,0.87,1,0,0,1,0
CUST1948,37,Female,Single,Primary,Employed,102,Current,2,47826,15,9,14,0,0.54,1,1,0,1,0
CUST0009,43,Female,Single,Primary,Self-employed,129,Current,4,101357,14,8,12,2,0.82,1,1,0,0,0
CUST1149,28,Female,Single,Secondary,Employed,19,Savings,4,90987,12,7,8,0,0.88,4,1,0,0,0
CUST0559,37,Male,Single,University,Employed,157,Current,1,382949,12,7,16,0,0.78,2,1,0,0,0
CUST1280,32,Male,Married,University,Employed,21,Savings,4,107255,15,19,9,0,0.52,0,1,0,0,0
CUST1981,32,Male,Married,Secondary,Employed,7,Savings,2,85408,7,9,15,0,0.67,1,1,1,0,0
CUST0949,52,Male,Married,Secondary,Self-employed,141,Current,4,30730,12,7,10,0,0.94,0,0,0,0,0
CUST0155,30,Male,Married,Secondary,Employed,43,Savings,2,174507,18,4,10,0,0.89,1,0,0,0,0
CUST0156,37,Female,Single,Primary,Unemployed,5,Current,4,536125,16,7,6,0,0.58,1,1,1,1,0
CUST2130,31,Female,Single,Secondary,Unemployed,6,Savings,2,151146,19,11,12,0,0.81,1,1,0,0,0
CUST0469,39,Male,Single,Secondary,Self-employed,21,Fixed Deposit,1,181529,20,6,12,0,0.54,2,1,0,0,0
CUST1264,59,Male,Married,None,Employed,72,Savings,1,437983,7,8,6,0,0.54,0,1,0,0,0
CUST0920,26,Female,Married,Secondary,Employed,55,Savings,2,111040,17,9,14,0,0.69,1,1,0,0,1
CUST1185,25,Female,Married,University,Self-employed,76,Savings,3,301718,19,7,9,0,0.69,1,0,0,0,0
CUST0611,32,Female,Single,Secondary,Self-employed,143,Savings,3,103891,14,6,6,0,0.82,0,0,0,0,0
CUST0528,27,Male,Single,University,Self-employed,147,Current,3,37216,15,7,16,0,0.63,1,1,0,1,0
CUST2346,33,Female,Married,Secondary,Unemployed,176,Current,1,86885,12,10,8,0,0.99,1,1,1,0,1
CUST1316,20,Female,Single,Secondary,Employed,130,Current,2,174279,16,6,9,0,0.69,1,1,1,0,1
CUST0252,36,Female,Married,Primary,Employed,44,Savings,1,62448,22,5,9,0,0.83,0,0,1,0,0
CUST0200,18,Male,Married,Primary,Employed,130,Current,2,312863,15,11,7,0,0.74,1,1,0,1,0
CUST2847,27,Male,Single,Secondary,Employed,81,Current,3,9379,20,6,15,1,0.92,2,1,1,0,0
CUST0305,33,Female,Single,Secondary,Self-employed,99,Savings,1,228143,9,10,9,0,0.94,0,1,1,0,0
CUST1238,23,Female,Single,Primary,Employed,162,Current,3,48176,19,9,11,0,0.5,1,0,0,0,1
CUST1597,38,Female,Single,Secondary,Employed,15,Fixed Deposit,3,42576,17,12,20,0,0.63,0,0,0,1,1
CUST0036,24,Male,Married,None,Self-employed,60,Savings,2,21908,9,3,11,0,0.6,0,1,1,0,0
CUST2808,34,Female,Single,Secondary,Employed,37,Fixed Deposit,2,109623,14,13,12,0,0.97,0,1,1,1,1
CUST0507,38,Male,Single,Secondary,Employed,4,Savings,4,285880,18,13,4,0,0.87,0,1,0,0,0
CUST2687,27,Female,Married,University,Self-employed,66,Savings,2,86960,15,14,14,0,0.99,1,0,0,0,1
CUST1291,27,Male,Single,Primary,Self-employed,147,Savings,3,70791,13,5,7,0,0.63,1,1,0,1,0
CUST1866,45,Female,Single,Secondary,Self-employed,3,Current,3,27709,11,10,11,0,0.79,1,1,1,0,1
CUST0100,30,Female,Married,Primary,Employed,158,Savings,4,68456,16,8,12,0,0.58,2,0,0,1,1
CUST2872,45,Male,Married,Primary,Self-employed,133,Savings,1,273237,15,8,12,0,0.55,1,1,0,0,0
CUST2092,25,Female,Single,Secondary,Self-employed,39,Savings,1,32036,10,11,15,0,0.95,0,1,1,0,0
CUST2812,21,Female,Married,Primary,Self-employed,163,Savings,3,82772,13,11,12,0,0.7,0,0,1,0,0
CUST0260,41,Female,Married,Secondary,Self-employed,134,Savings,1,11628,11,14,3,0,0.5,1,1,0,0,1
CUST0298,36,Female,Divorced,Secondary,Employed,13,Savings,1,275300,14,17,7,0,0.77,0,1,0,1,1
CUST1394,36,Male,Married,Secondary,Employed,36,Fixed Deposit,2,95963,10,8,14,0,0.74,1,0,0,0,0
CUST0172,22,Male,Single,University,Employed,173,Savings,3,52491,16,10,15,0,0.83,1,1,0,0,0
CUST2876,49,Female,Single,Secondary,Employed,46,Savings,3,150258,16,6,13,0,0.58,0,0,0,1,0
CUST1299,35,Male,Single,Secondary,Employed,12,Current,2,162415,18,8,7,0,0.93,1,1,0,0,1
CUST1216,35,Male,Single,Primary,Self-employed,21,Fixed Deposit,3,159743,16,7,6,0,0.86,2,1,0,0,1
CUST0017,27,Male,Single,University,Employed,101,Savings,4,247756,22,11,12,1,0.62,0,1,0,1,0
CUST0365,18,Female,Married,University,Employed,97,Current,2,324009,18,11,11,0,0.54,0,0,1,0,0
CUST0713,27,Male,Divorced,Primary,Self-employed,80,Savings,1,659644,18,7,6,0,0.59,0,0,0,0,1
CUST2440,30,Male,Married,Secondary,Employed,156,Current,2,20386,16,7,5,0,0.9,1,0,0,0,0
CUST2357,38,Male,Single,Secondary,Employed,108,Fixed Deposit,1,38203,12,11,9,0,0.63,1,1,1,0,0
CUST1261,29,Female,Married,Primary,Self-employed,33,Savings,1,453495,15,12,9,0,0.69,3,1,0,0,0
CUST1323,47,Female,Divorced,Primary,Self-employed,116,Current,2,95445,19,7,10,1,0.76,2,0,1,0,0
CUST1637,34,Female,Married,Secondary,Self-employed,96,Savings,1,116664,12,8,17,0,0.72,0,1,0,0,0
CUST1523,39,Male,Divorced,Primary,Employed,137,Savings,1,4570,12,6,10,0,0.68,2,1,0,0,0
CUST0440,40,Male,Single,University,Self-employed,71,Savings,2,20776,19,11,9,0,0.67,1,1,1,0,0
CUST2301,38,Male,Married,Primary,Employed,86,Savings,1,273807,16,4,8,0,0.7,1,0,0,0,1
CUST0692,37,Male,Married,Secondary,Employed,129,Savings,3,75195,16,11,12,0,0.94,2,1,0,0,1
CUST1229,46,Female,Married,Primary,Employed,57,Savings,1,134520,20,9,13,0,0.63,1,0,1,0,0
CUST1134,38,Female,Single,University,Unemployed,156,Savings,2,53336,12,9,6,0,0.75,1,0,0,0,1
CUST1316,30,Male,Single,Secondary,Unemployed,54,Savings,1,34621,23,10,12,0,0.73,1,1,1,1,0
CUST2169,58,Male,Single,None,Self-employed,51,Current,1,42550,9,7,11,0,0.84,0,1,0,0,0
CUST1605,45,Female,Single,Secondary,Employed,91,Savings,2,500,14,7,10,0,0.68,0,1,0,0,0
CUST2233,33,Female,Married,Primary,Unemployed,26,Current,2,263012,14,7,14,0,0.74,3,1,0,0,0
CUST2769,39,Female,Divorced,Primary,Employed,164,Current,1,30443,10,7,10,0,0.56,0,1,0,0,0
CUST0418,48,Female,Single,Primary,Self-employed,74,Savings,3,2450,17,14,12,0,0.7,0,1,0,0,0
CUST2705,32,Female,Single,Secondary,Employed,31,Current,2,47359,12,6,9,0,0.88,0,0,0,1,1
CUST2570,46,Female,Married,Primary,Self-employed,166,Savings,2,27159,17,4,9,0,0.81,1,1,0,0,0
CUST2692,42,Female,Single,Primary,Employed,149,Savings,3,270654,18,7,13,0,0.64,0,1,0,1,1
CUST2362,27,Female,Single,University,Employed,146,Savings,4,380755,22,6,13,1,0.71,1,1,0,0,0
CUST2286,18,Female,Single,Primary,Self-employed,114,Savings,4,74883,20,7,11,0,0.96,0,0,0,0,0
CUST2289,46,Female,Single,Secondary,Employed,21,Savings,2,257326,6,9,5,1,0.82,0,1,0,0,1
CUST2747,62,Male,Single,Secondary,Employed,178,Savings,2,272743,14,7,7,1,0.92,0,1,0,0,0
CUST1056,50,Male,Single,University,Employed,131,Savings,1,152608,18,7,11,0,0.99,1,1,0,0,0
CUST0122,37,Male,Married,Primary,Unemployed,61,Current,4,7153,19,7,9,0,0.97,2,0,0,0,0
CUST1605,39,Male,Married,University,Employed,10,Current,1,188093,14,11,7,0,0.74,0,1,0,0,1
CUST2510,63,Male,Married,Primary,Self-employed,26,Current,2,29746,10,6,9,0,0.67,0,1,1,0,0
CUST0355,53,Female,Single,University,Employed,68,Savings,2,47011,11,16,7,0,0.64,1,1,0,0,0
CUST2698,40,Male,Married,Secondary,Employed,178,Current,1,283466,18,8,8,2,0.51,1,0,0,0,0
CUST2518,37,Female,Married,Secondary,Unemployed,174,Fixed Deposit,4,26820,19,11,9,1,0.67,2,1,1,1,0
CUST2522,46,Male,Married,Secondary,Self-employed,32,Savings,1,24508,13,9,13,0,0.78,0,1,0,1,0
CUST0133,48,Female,Single,Primary,Employed,104,Current,1,20831,7,16,6,0,0.61,0,1,0,0,0
CUST0513,36,Male,Married,Secondary,Employed,85,Fixed Deposit,1,42039,24,9,14,1,0.57,2,1,0,1,0
CUST1170,23,Female,Married,Primary,Self-employed,52,Savings,2,139405,17,7,8,0,0.9,0,0,0,0,0
CUST2378,32,Female,Divorced,Secondary,Self-employed,158,Current,2,123580,11,7,6,0,0.89,0,1,0,1,0
CUST0337,18,Female,Married,Primary,Employed,63,Current,3,491881,19,14,8,1,0.71,3,1,1,0,1
CUST1495,31,Female,Married,Primary,Employed,32,Savings,1,182865,15,8,10,0,0.61,0,0,1,0,0
CUST0263,29,Female,Married,University,Employed,45,Savings,3,368782,14,7,16,0,0.6,2,0,0,1,0
CUST0754,35,Male,Single,University,Self-employed,45,Fixed Deposit,3,87733,12,1,11,0,0.62,2,1,0,0,1
CUST0277,18,Male,Married,Secondary,Employed,158,Current,1,71795,8,12,5,0,0.69,0,1,0,0,0
CUST0939,18,Male,Married,Primary,Employed,23,Current,3,364252,20,9,15,0,0.93,1,1,1,1,0
CUST2476,44,Male,Married,University,Self-employed,93,Fixed Deposit,4,193116,19,3,8,1,0.81,2,1,0,0,1
CUST2893,31,Female,Single,Secondary,Employed,76,Savings,2,58696,9,9,13,0,0.89,2,1,1,1,1
CUST2415,41,Male,Single,University,Self-employed,82,Savings,2,58694,15,5,7,0,0.69,6,1,1,1,1
CUST2797,43,Male,Married,Secondary,Unemployed,169,Savings,1,317184,15,5,12,0,0.91,0,0,1,0,0
CUST0417,54,Male,Married,Secondary,Employed,176,Savings,1,216675,20,6,7,0,0.68,1,0,1,0,0
CUST0508,29,Female,Single,University,Employed,129,Savings,2,42890,10,5,13,0,0.69,0,1,0,0,0
CUST2113,36,Female,Single,University,Unemployed,34,Current,2,55319,12,5,11,0,0.99,4,1,1,0,1
CUST0058,64,Female,Married,Primary,Employed,96,Current,3,66920,19,5,8,1,0.93,1,0,1,0,0
CUST2479,40,Female,Single,None,Employed,101,Savings,2,204899,14,6,9,0,0.92,0,0,0,0,0
CUST1213,51,Female,Married,Secondary,Employed,57,Savings,1,32608,14,10,8,0,0.72,1,0,0,1,0
CUST1419,46,Male,Married,Primary,Self-employed,37,Savings,1,4761,13,4,11,0,0.65,1,0,0,1,0
CUST2389,27,Male,Single,Primary,Self-employed,56,Savings,1,10344,14,11,4,0,0.95,0,1,0,0,0
CUST1381,40,Male,Married,Primary,Employed,110,Savings,3,264961,22,7,8,1,0.58,3,1,0,0,1
CUST2947,20,Male,Single,Secondary,Employed,50,Savings,2,352162,24,12,13,0,0.52,1,0,0,0,1
CUST1420,52,Male,Married,Primary,Employed,108,Savings,1,95271,14,10,9,1,0.91,1,1,0,1,0
CUST0916,37,Female,Divorced,Secondary,Unemployed,1,Current,2,381415,14,13,12,0,0.95,0,1,1,0,0
CUST2936,29,Female,Married,Secondary,Self-employed,76,Savings,1,343770,19,3,12,0,0.92,0,1,0,0,0
CUST1854,30,Female,Married,Secondary,Employed,55,Current,1,12006,13,5,6,0,0.51,1,0,0,0,1
CUST2726,54,Male,Single,None,Employed,162,Savings,1,101312,10,10,7,0,0.55,0,1,0,1,0
CUST2815,38,Female,Single,Primary,Self-employed,22,Current,3,60914,11,14,8,0,0.75,3,1,0,0,0
CUST2759,56,Female,Married,Secondary,Employed,65,Savings,1,360550,13,12,9,0,0.98,1,1,0,0,0
CUST2041,27,Female,Single,Primary,Employed,124,Current,3,62984,12,9,10,1,0.88,0,1,0,1,0
CUST1316,45,Female,Single,None,Employed,32,Current,2,70662,13,7,5,0,0.89,0,1,1,0,1
CUST2303,24,Female,Divorced,Secondary,Self-employed,151,Current,1,242902,17,8,17,0,0.81,1,1,0,0,0
CUST1002,32,Male,Married,Primary,Employed,124,Savings,2,22677,8,12,8,0,0.77,2,1,0,0,0
CUST1481,49,Female,Married,Secondary,Unemployed,162,Current,4,93337,19,4,12,1,0.83,0,0,0,0,0
CUST1672,42,Male,Married,Primary,Employed,107,Savings,2,29738,14,5,7,1,0.75,2,0,0,0,0
CUST0697,39,Male,Married,Secondary,Employed,122,Savings,1,50212,13,6,10,0,0.94,0,1,0,0,0
CUST1563,49,Female,Single,Secondary,Employed,161,Current,2,173134,18,12,10,0,0.9,1,1,0,0,0
CUST2938,52,Male,Single,Primary,Employed,172,Fixed Deposit,1,225863,7,6,13,0,0.93,0,1,0,0,1
CUST2558,38,Male,Single,University,Employed,171,Savings,2,20745,12,13,12,0,0.75,0,1,0,1,0
CUST0382,36,Male,Married,None,Self-employed,3,Savings,2,160699,16,5,10,1,0.55,0,1,0,0,0
CUST0055,32,Female,Married,Secondary,Employed,128,Savings,2,208692,16,8,10,0,0.84,1,1,0,0,0
CUST0544,36,Male,Married,Secondary,Employed,29,Savings,3,94972,14,14,9,0,0.91,0,1,0,0,0
CUST2840,31,Female,Married,University,Self-employed,164,Savings,3,104916,14,10,7,0,0.87,0,1,1,0,0
CUST1127,21,Male,Single,University,Employed,125,Savings,1,672027,17,8,6,1,0.65,3,1,0,0,0
CUST0510,32,Male,Divorced,Secondary,Self-employed,111,Savings,2,493005,22,4,6,0,0.91,0,0,1,0,1
CUST1830,28,Male,Married,University,Employed,114,Current,1,43125,18,9,11,0,0.96,0,1,0,0,0
CUST1365,35,Male,Married,University,Unemployed,49,Current,3,17787,14,6,11,0,0.68,1,1,0,0,0
CUST2899,28,Male,Single,Primary,Employed,147,Fixed Deposit,1,98478,8,10,12,0,0.97,0,1,0,0,0
CUST0023,25,Female,Single,Secondary,Employed,40,Current,3,101714,16,5,9,0,0.87,3,1,0,1,0
CUST2959,31,Female,Single,Primary,Self-employed,37,Savings,3,7832,17,9,11,1,0.82,0,1,0,0,0
CUST0009,39,Male,Married,Secondary,Employed,35,Savings,2,61904,11,15,8,0,0.75,0,1,0,1,0
CUST2911,31,Female,Married,Secondary,Self-employed,164,Savings,1,145038,18,3,16,0,0.54,1,0,0,0,0
CUST1743,21,Female,Married,Secondary,Employed,4,Fixed Deposit,1,3263,13,4,16,0,0.62,0,1,1,0,0
CUST0997,42,Female,Married,Primary,Employed,8,Savings,4,198169,20,17,11,0,0.87,1,1,0,0,1
CUST2758,25,Female,Married,Primary,Unemployed,129,Current,1,148952,19,6,11,0,0.66,0,1,1,0,1
CUST2396,18,Female,Single,Primary,Self-employed,109,Current,2,381098,17,3,12,0,0.91,0,0,0,0,1
CUST2383,34,Male,Married,None,Employed,78,Savings,4,200312,17,12,15,0,0.58,2,1,0,0,0
CUST1784,33,Male,Married,Primary,Employed,102,Savings,2,36975,19,11,10,0,0.94,0,1,1,0,1
CUST2729,35,Male,Married,Primary,Employed,37,Savings,2,129936,8,11,10,0,0.9,0,1,0,1,0
CUST1640,18,Male,Married,Secondary,Self-employed,86,Current,1,53604,16,8,12,0,0.93,1,1,1,0,0
CUST0295,27,Female,Single,University,Self-employed,16,Savings,3,31016,14,12,12,0,0.97,0,1,0,0,1
CUST2034,18,Male,Single,Secondary,Employed,85,Current,4,196181,21,8,11,0,0.9,0,1,0,1,0
CUST1755,25,Female,Married,Secondary,Employed,37,Savings,1,170981,14,4,11,0,0.93,1,0,0,0,0
CUST0586,40,Female,Married,Secondary,Employed,153,Savings,1,47545,13,9,13,0,0.67,1,1,0,0,0
CUST1164,47,Male,Single,Secondary,Employed,18,Savings,1,62192,13,9,11,0,0.7,3,1,1,0,0
CUST0619,38,Male,Divorced,None,Unemployed,172,Current,2,180611,18,4,10,0,0.66,0,0,0,0,0
CUST1675,27,Female,Single,Primary,Unemployed,105,Current,3,3797,11,5,10,1,0.77,2,1,0,1,1
CUST0777,38,Male,Single,Secondary,Self-employed,175,Savings,2,360726,18,10,15,0,0.97,0,1,0,0,0
CUST2496,37,Male,Married,University,Employed,163,Savings,1,270176,12,8,9,0,0.54,1,1,1,0,0
CUST2707,38,Female,Single,Primary,Unemployed,20,Savings,4,266177,18,7,11,0,0.68,0,1,0,0,0
CUST1538,22,Female,Single,Secondary,Unemployed,54,Savings,1,244518,12,10,9,0,0.97,0,0,0,1,1
CUST1251,27,Female,Married,Secondary,Employed,55,Fixed Deposit,1,177343,12,9,10,0,0.98,3,0,0,0,1
CUST0441,33,Female,Married,Secondary,Employed,144,Savings,4,90753,15,11,12,0,0.54,1,1,1,1,0
CUST0237,39,Female,Married,Secondary,Employed,164,Savings,2,28010,10,6,8,0,0.52,1,1,1,0,0
CUST0118,44,Female,Married,Secondary,Self-employed,176,Savings,1,165025,14,7,10,0,0.54,0,1,0,1,0
CUST0055,18,Female,Single,University,Self-employed,96,Current,3,186989,14,3,11,0,0.51,0,0,0,1,0
CUST0481,39,Female,Married,Primary,Self-employed,107,Savings,1,16176,16,8,7,0,0.81,2,1,0,0,1
CUST2936,31,Male,Married,Secondary,Employed,48,Current,2,82806,18,5,9,0,0.6,2,0,0,1,1
CUST0952,29,Male,Single,University,Self-employed,82,Savings,4,22704,13,9,13,0,0.62,0,1,1,0,0
CUST1646,30,Female,Single,Primary,Employed,11,Savings,1,8807,14,4,11,1,0.86,3,0,0,1,1
CUST1335,34,Female,Single,Secondary,Employed,11,Current,1,110693,15,7,7,1,0.66,0,1,1,0,0
CUST1931,33,Female,Single,University,Self-employed,78,Current,3,89959,14,11,13,1,0.68,1,0,0,1,1
CUST2499,35,Male,Single,None,Self-employed,130,Savings,3,96070,11,10,9,0,0.52,1,1,1,0,1
CUST1327,50,Female,Single,Secondary,Self-employed,81,Savings,3,160000,14,10,11,1,0.6,1,0,0,1,1
CUST0163,34,Female,Single,Primary,Self-employed,115,Fixed Deposit,2,1477,20,7,12,0,0.9,1,0,0,0,0
CUST2966,37,Male,Married,Secondary,Self-employed,127,Savings,1,296830,12,3,13,0,0.95,0,1,0,0,0
CUST2895,28,Female,Single,Primary,Employed,163,Savings,1,407244,14,7,18,0,0.98,1,1,0,0,0
CUST0305,45,Male,Single,None,Self-employed,23,Fixed Deposit,2,148514,11,10,15,1,0.54,0,0,0,1,0
CUST1914,27,Female,Married,University,Unemployed,12,Fixed Deposit,3,84842,12,8,23,1,0.9,0,0,0,1,1
CUST2330,35,Male,Single,Secondary,Employed,142,Current,1,347389,12,8,8,0,0.85,1,0,0,0,1
CUST2112,28,Female,Divorced,Secondary,Employed,76,Current,1,233694,17,2,8,2,0.86,3,0,1,1,0
CUST0427,44,Male,Single,None,Employed,159,Savings,2,14201,13,6,9,0,0.54,2,0,1,0,0
CUST2393,38,Male,Divorced,Secondary,Employed,167,Savings,1,378635,10,13,20,0,0.62,0,1,1,0,0
CUST2631,57,Female,Single,University,Employed,75,Current,3,75153,9,5,8,0,0.52,2,1,1,1,0
CUST1887,29,Male,Married,Secondary,Self-employed,15,Savings,3,101248,19,6,10,1,0.76,1,1,0,0,0
CUST2158,46,Female,Married,Secondary,Employed,58,Savings,1,136925,16,10,11,0,0.65,1,1,1,0,0
CUST1625,29,Female,Married,Primary,Self-employed,22,Savings,2,367096,22,14,7,0,0.7,0,1,0,0,1
CUST1298,27,Female,Single,University,Employed,107,Savings,1,133531,18,10,7,0,0.94,0,0,0,0,0
CUST0370,28,Male,Single,None,Employed,21,Savings,1,53547,18,10,9,0,0.76,1,0,0,0,0
CUST0147,26,Male,Married,None,Self-employed,63,Fixed Deposit,3,60124,21,9,10,0,0.77,0,0,0,0,0
CUST0539,29,Male,Single,Secondary,Employed,114,Fixed Deposit,1,10649,13,9,11,1,0.98,6,1,0,0,0
CUST2636,39,Male,Single,Secondary,Employed,168,Current,1,96538,15,7,18,0,0.58,2,1,0,0,0
CUST1370,25,Female,Single,Secondary,Self-employed,12,Current,1,62049,18,8,11,0,0.77,1,1,0,0,1
CUST0071,40,Male,Married,Secondary,Employed,33,Savings,1,146996,13,5,4,0,0.87,1,1,1,1,0
CUST1686,27,Male,Single,None,Employed,77,Savings,1,84772,20,3,7,0,0.54,0,0,1,0,0
CUST0182,46,Female,Single,Primary,Employed,86,Savings,3,9041,13,10,6,0,0.76,0,1,0,0,0
CUST1688,32,Female,Single,Secondary,Employed,117,Current,4,338657,15,7,10,0,0.98,1,1,0,0,1
CUST1607,33,Male,Single,Secondary,Employed,109,Savings,2,227582,17,10,4,0,0.58,1,1,1,0,0
CUST2605,52,Female,Single,University,Employed,10,Savings,1,382456,20,4,6,0,0.83,0,0,0,0,1
CUST1524,46,Male,Single,Secondary,Self-employed,169,Savings,1,130905,18,2,9,0,0.97,1,1,0,0,0
CUST2007,43,Male,Single,University,Self-employed,75,Savings,1,297635,13,11,10,1,0.82,1,1,0,0,1
CUST0191,22,Male,Married,Secondary,Employed,121,Savings,1,167559,10,7,11,1,0.77,2,0,0,1,0
CUST2793,48,Male,Married,Primary,Self-employed,46,Savings,3,228719,22,7,15,0,0.8,3,1,0,1,1
CUST1909,43,Female,Single,University,Employed,46,Savings,1,240160,9,10,10,0,0.9,1,1,0,1,0
CUST2645,23,Female,Single,Secondary,Unemployed,67,Savings,1,12752,22,10,6,0,0.83,4,0,0,0,0
CUST0969,23,Male,Married,Secondary,Employed,131,Savings,1,182564,12,8,6,0,0.8,1,1,0,0,0
CUST0976,50,Male,Single,Primary,Employed,60,Fixed Deposit,1,142998,14,9,14,0,0.96,2,1,1,0,1
CUST1179,49,Female,Married,University,Self-employed,90,Current,3,52013,9,7,8,0,0.99,1,0,1,0,0
CUST0972,39,Male,Single,Primary,Self-employed,176,Savings,1,96636,11,6,12,1,0.77,0,1,1,0,0
CUST0907,39,Male,Divorced,Primary,Unemployed,174,Current,3,1706,11,6,10,0,0.57,0,1,0,0,1
CUST2241,51,Male,Single,Secondary,Employed,56,Fixed Deposit,1,1487,19,6,12,1,0.7,0,1,0,0,1
CUST2845,20,Female,Single,None,Self-employed,161,Savings,3,499444,13,7,10,1,0.85,0,1,0,0,0
CUST0277,35,Female,Single,University,Employed,173,Savings,1,19100,12,7,10,0,0.84,0,1,1,0,1
CUST1891,33,Female,Married,Primary,Employed,157,Savings,4,101448,8,10,5,0,0.9,1,0,0,0,0
CUST0279,39,Male,Divorced,Secondary,Self-employed,117,Current,3,366310,10,8,7,0,0.86,1,1,0,0,1
CUST2748,31,Female,Single,Primary,Self-employed,124,Fixed Deposit,3,142162,14,6,8,0,0.69,0,1,0,0,0
CUST1335,40,Male,Married,Secondary,Employed,131,Current,2,249305,16,5,10,1,0.65,1,1,0,1,0
CUST2555,35,Female,Single,University,Self-employed,122,Savings,4,180126,19,8,15,0,0.69,1,0,0,0,0
CUST2836,31,Male,Married,Secondary,Employed,130,Fixed Deposit,1,87366,24,10,8,0,0.53,2,1,0,0,0
CUST0562,53,Male,Single,Primary,Self-employed,35,Current,2,71154,14,7,12,1,0.54,1,0,1,0,1
CUST2812,19,Female,Married,Secondary,Employed,51,Savings,2,224949,11,7,14,0,0.51,5,1,0,0,0
CUST1120,35,Male,Single,Secondary,Employed,115,Savings,1,82340,13,11,9,1,0.7,1,1,0,0,0
CUST1799,25,Male,Divorced,None,Employed,170,Savings,2,63058,16,4,11,0,0.67,0,1,0,0,0
CUST1227,30,Female,Single,University,Employed,95,Fixed Deposit,1,88876,16,8,9,0,0.91,3,0,0,1,0
CUST1971,46,Female,Married,None,Employed,60,Fixed Deposit,1,105298,13,5,11,0,0.69,0,0,0,0,1
CUST1149,50,Female,Single,Secondary,Employed,27,Savings,3,184945,13,17,12,1,0.98,0,1,1,1,1
CUST0486,23,Female,Married,Primary,Employed,85,Fixed Deposit,3,34205,25,9,9,0,0.61,1,0,0,0,0
CUST0185,41,Female,Single,Secondary,Employed,134,Savings,1,113611,19,7,12,0,0.9,3,1,1,1,0
CUST2381,18,Female,Single,Secondary,Employed,160,Current,1,533317,19,7,12,0,0.67,1,0,1,0,0
CUST2032,18,Male,Married,None,Unemployed,67,Savings,1,501085,15,11,9,0,0.81,2,1,0,0,0
CUST1742,25,Female,Single,None,Employed,6,Savings,3,236108,13,6,9,0,0.73,2,1,1,0,0
CUST0797,37,Male,Married,None,Self-employed,102,Savings,2,436841,21,10,7,0,0.63,3,0,1,0,0
CUST2383,24,Female,Married,Secondary,Employed,63,Current,1,31100,15,6,10,1,0.68,0,1,0,0,1
CUST0122,33,Male,Single,Primary,Self-employed,89,Current,1,23928,14,5,12,0,0.7,3,1,0,1,0
CUST1095,18,Female,Single,Primary,Self-employed,57,Savings,4,188199,15,7,12,0,0.51,1,1,0,0,0
CUST0575,50,Male,Married,Secondary,Employed,20,Savings,1,255627,15,9,10,0,0.91,4,1,0,0,1
CUST0208,18,Female,Married,University,Self-employed,92,Current,1,625817,15,14,10,0,0.9,0,0,1,0,0
CUST0674,28,Male,Single,Primary,Employed,126,Current,4,260101,16,6,10,1,0.78,4,1,0,0,0
CUST2370,31,Female,Single,Secondary,Employed,21,Savings,3,47436,12,5,11,0,0.67,1,1,0,0,0
CUST1400,25,Female,Single,University,Employed,106,Savings,3,106779,21,10,7,0,0.71,0,1,1,0,0
CUST1520,31,Female,Married,Secondary,Self-employed,137,Current,3,64700,20,6,10,0,0.65,2,1,1,0,0
CUST1304,29,Male,Married,Primary,Employed,114,Savings,2,12572,15,8,14,0,0.78,1,1,0,0,0
CUST1110,32,Female,Married,Primary,Employed,61,Savings,2,61481,13,9,5,0,0.96,2,1,0,0,1
CUST1002,18,Female,Single,University,Self-employed,80,Savings,4,48490,15,5,9,0,0.81,0,1,0,0,0
CUST2458,40,Female,Married,Secondary,Employed,136,Savings,1,26301,17,11,15,0,0.61,2,0,0,0,0
CUST1045,21,Male,Married,Primary,Self-employed,75,Fixed Deposit,1,81367,13,11,9,0,0.78,1,1,0,1,1
CUST1964,29,Male,Married,Secondary,Employed,59,Current,2,175902,20,6,6,0,0.93,0,1,0,0,1
CUST0949,45,Male,Married,None,Employed,72,Fixed Deposit,1,42160,17,7,10,1,0.56,1,1,0,1,1
CUST2418,31,Male,Married,University,Self-employed,51,Savings,1,170236,18,10,11,0,0.71,1,0,1,0,0
CUST1449,34,Male,Married,Secondary,Unemployed,68,Savings,1,244487,19,12,15,2,0.75,1,1,0,0,1
CUST1405,33,Female,Divorced,Secondary,Employed,76,Savings,2,191839,12,10,6,0,0.7,0,1,0,0,1
CUST2420,33,Male,Married,University,Self-employed,180,Current,1,24569,22,10,8,1,1,0,0,0,0,0
CUST2933,49,Female,Married,University,Employed,129,Savings,1,429163,16,8,21,0,0.54,1,0,0,0,1
CUST0646,54,Female,Single,None,Self-employed,19,Current,2,64692,14,11,9,0,0.62,0,1,0,1,1
CUST1260,24,Female,Married,Secondary,Self-employed,157,Savings,4,15855,11,8,15,0,0.81,3,1,0,0,0
CUST1441,38,Male,Married,University,Self-employed,31,Savings,1,3360,7,6,8,0,0.81,0,1,0,0,0
CUST2440,29,Male,Married,University,Self-employed,41,Savings,1,23932,20,8,8,0,0.92,1,1,1,0,0
CUST2322,30,Female,Married,None,Employed,171,Current,2,132855,18,4,10,0,0.64,0,0,0,1,0
CUST0535,31,Female,Single,None,Unemployed,19,Savings,2,146492,14,4,13,0,0.84,3,1,0,0,0
CUST0617,22,Male,Single,Primary,Employed,130,Fixed Deposit,2,521596,15,7,8,0,0.84,0,0,0,0,0
CUST0644,35,Male,Married,Primary,Self-employed,148,Current,4,27387,19,5,11,1,0.87,1,0,1,0,0
CUST2868,40,Female,Married,Primary,Self-employed,96,Savings,2,479741,18,6,9,0,0.7,1,0,1,0,0
CUST1696,40,Female,Married,Secondary,Self-employed,52,Savings,1,57383,12,10,16,0,0.93,6,0,0,0,0
CUST0623,26,Female,Single,Primary,Self-employed,160,Savings,2,54462,15,8,15,0,0.59,1,1,1,1,0
CUST1447,42,Male,Single,Secondary,Employed,119,Current,1,24930,25,13,8,0,0.78,0,1,1,0,0
CUST0183,19,Male,Single,Primary,Employed,164,Savings,1,22280,11,10,10,0,0.86,2,1,0,1,0
CUST2232,20,Female,Married,Primary,Employed,117,Savings,2,120218,13,3,8,0,0.94,1,1,1,0,0
CUST1513,45,Male,Married,Primary,Self-employed,14,Current,1,211073,15,9,13,0,0.98,2,1,1,1,1
CUST0327,42,Female,Single,Primary,Employed,161,Current,1,131399,14,7,6,0,0.93,0,1,0,1,1
CUST1540,28,Male,Married,None,Unemployed,166,Savings,3,166187,10,3,12,0,0.78,0,1,1,0,0
CUST2442,30,Female,Single,Secondary,Employed,53,Savings,1,83476,20,11,10,0,0.58,0,0,1,0,0
CUST0417,34,Female,Married,None,Employed,11,Savings,1,37978,14,9,7,0,0.91,1,1,0,0,0
CUST1623,23,Male,Divorced,Primary,Employed,112,Savings,2,155117,20,9,11,0,0.71,1,0,0,1,0
CUST2753,29,Male,Married,Primary,Employed,19,Savings,1,154325,22,6,8,0,0.59,5,1,0,0,1
CUST1260,30,Female,Single,Primary,Employed,80,Current,2,80345,15,8,13,0,0.74,0,1,1,0,0
CUST0526,26,Female,Married,Primary,Self-employed,70,Current,1,166150,18,4,16,0,0.53,0,1,0,0,0
CUST2101,29,Male,Single,University,Self-employed,71,Savings,2,65535,15,4,5,0,0.56,0,1,0,0,1
CUST1280,26,Male,Divorced,Secondary,Unemployed,5,Current,1,41272,13,13,16,0,0.62,0,0,0,0,0
CUST0927,31,Male,Single,University,Employed,41,Fixed Deposit,1,215368,19,6,8,0,0.85,2,1,0,0,0
CUST0738,28,Male,Single,Primary,Unemployed,2,Fixed Deposit,1,133567,13,6,6,0,0.9,0,1,1,0,0
CUST1804,45,Female,Single,Secondary,Self-employed,113,Current,4,239673,19,4,12,1,0.56,1,1,0,0,0
CUST1879,52,Male,Married,Secondary,Employed,76,Savings,1,200444,15,8,13,0,0.62,0,0,0,1,0
CUST1143,28,Male,Married,Secondary,Employed,144,Fixed Deposit,2,282931,19,7,9,1,0.83,2,1,0,0,0
CUST0567,51,Male,Married,University,Employed,9,Savings,4,86980,12,10,8,0,0.87,1,1,0,0,0
CUST2881,33,Female,Married,University,Self-employed,162,Savings,3,30765,14,2,10,0,0.53,0,0,1,0,0
CUST0435,19,Male,Married,University,Employed,9,Savings,3,239804,19,7,5,1,0.97,1,1,0,0,1
CUST1529,29,Female,Married,University,Employed,6,Savings,3,222831,19,7,10,1,0.68,0,1,0,0,1
CUST1572,41,Male,Married,Secondary,Employed,22,Savings,4,60255,11,13,11,0,0.69,3,1,0,0,1
CUST1580,31,Female,Divorced,Secondary,Unemployed,92,Savings,3,59357,14,7,7,0,0.67,0,1,0,0,0
CUST1169,44,Female,Single,Primary,Self-employed,120,Fixed Deposit,2,90658,16,12,15,1,0.68,1,1,0,0,0
CUST0895,33,Male,Divorced,University,Self-employed,60,Savings,2,27366,12,5,10,0,0.54,2,0,0,0,0
CUST0849,18,Male,Married,Secondary,Self-employed,130,Savings,2,27302,4,11,7,0,0.55,0,1,1,1,0
CUST1437,18,Male,Single,Primary,Self-employed,57,Current,1,378903,13,6,6,1,0.79,2,1,0,1,0
CUST0083,54,Female,Single,Secondary,Employed,144,Savings,3,425279,9,9,16,0,0.84,4,1,0,0,0
CUST1424,45,Female,Divorced,Secondary,Employed,176,Current,1,33994,16,10,14,2,0.57,0,1,0,0,0
CUST1319,38,Female,Single,University,Self-employed,33,Savings,3,35004,11,7,11,0,0.72,1,1,1,1,0
CUST1330,26,Female,Single,None,Employed,28,Savings,1,124797,12,11,12,0,0.61,1,1,0,1,0
CUST2889,41,Male,Single,Secondary,Self-employed,65,Savings,3,19556,14,8,13,0,0.97,1,1,0,0,0
CUST0660,19,Male,Married,Primary,Self-employed,145,Fixed Deposit,4,60692,8,8,12,0,0.84,3,1,1,0,0
CUST1237,45,Female,Single,None,Employed,91,Savings,1,252953,19,12,9,0,0.68,2,1,1,0,0
CUST0708,39,Male,Divorced,Secondary,Unemployed,16,Savings,1,83458,16,3,14,1,0.62,1,0,1,0,0
CUST2629,29,Female,Married,Secondary,Unemployed,12,Savings,1,473799,18,1,12,0,0.92,0,1,0,0,0
CUST0431,31,Male,Divorced,Secondary,Employed,128,Savings,3,110263,12,9,13,0,0.59,1,0,1,1,0
CUST0275,26,Male,Single,Primary,Employed,24,Savings,1,141578,20,7,8,0,0.95,2,1,0,0,0
CUST0782,39,Male,Married,Secondary,Unemployed,5,Savings,1,183508,17,3,9,1,0.59,2,0,0,0,0
CUST2008,26,Female,Married,Secondary,Self-employed,128,Savings,3,177280,14,9,9,0,0.72,0,1,0,0,0
CUST1623,21,Female,Married,Secondary,Employed,72,Savings,4,485013,24,11,7,1,0.66,1,1,0,1,1
CUST2750,41,Female,Single,Secondary,Employed,174,Savings,1,14764,11,12,12,0,0.7,1,1,0,0,0
CUST0928,34,Male,Single,Primary,Unemployed,129,Savings,1,11390,18,9,14,0,0.53,0,1,0,0,0
CUST1589,38,Male,Married,Primary,Self-employed,11,Fixed Deposit,1,70221,13,4,13,0,0.65,2,1,0,1,1
CUST0701,21,Male,Married,Secondary,Employed,102,Savings,1,18137,19,6,11,0,1,0,0,0,0,0
CUST0327,39,Female,Single,Secondary,Self-employed,32,Fixed Deposit,1,242799,11,3,8,0,0.97,0,1,0,0,0
CUST0222,42,Female,Single,Primary,Employed,31,Savings,4,583766,16,10,8,0,0.63,1,1,0,1,1
CUST1063,37,Male,Married,None,Employed,165,Fixed Deposit,1,2702,17,7,8,1,0.54,0,1,0,1,0
CUST1047,23,Male,Married,Primary,Self-employed,9,Current,3,5726,12,5,12,0,0.99,1,1,1,0,1
CUST1590,46,Male,Single,Secondary,Self-employed,103,Savings,4,20337,17,6,7,0,0.74,0,1,0,0,0
CUST0161,31,Female,Married,University,Unemployed,37,Fixed Deposit,1,14032,19,7,12,1,0.74,0,1,1,0,1
CUST1632,46,Female,Married,Secondary,Employed,176,Savings,2,95620,12,11,13,1,0.62,1,0,0,1,1
CUST1444,51,Female,Single,Secondary,Self-employed,81,Savings,2,35577,14,6,9,0,0.92,1,1,0,0,0
CUST0972,37,Male,Married,Primary,Employed,72,Fixed Deposit,2,58696,21,10,13,0,0.71,0,1,0,0,0
CUST1881,36,Male,Married,Secondary,Self-employed,123,Savings,1,293171,12,10,11,0,0.54,2,1,0,0,1
CUST2876,50,Male,Single,Secondary,Employed,158,Savings,2,146771,14,7,6,0,0.62,1,1,1,0,0
CUST2655,27,Male,Divorced,Secondary,Employed,133,Savings,2,255802,17,7,10,3,0.97,0,0,0,0,0
CUST0820,43,Female,Divorced,Primary,Employed,103,Fixed Deposit,2,284438,18,6,12,0,0.78,1,1,0,0,0
CUST2142,39,Male,Single,Secondary,Self-employed,153,Current,4,76581,21,9,11,0,0.55,0,1,0,0,0
CUST0950,32,Female,Divorced,University,Employed,137,Savings,1,50232,19,9,9,0,0.76,0,1,0,0,0
CUST2194,19,Female,Single,Primary,Employed,38,Savings,2,235419,15,9,4,0,0.94,1,1,0,1,1
CUST0561,45,Female,Divorced,Primary,Employed,163,Savings,2,189240,19,6,4,0,0.83,2,0,1,1,0
CUST1351,43,Female,Divorced,Secondary,Self-employed,149,Current,3,28630,15,6,6,0,0.62,2,1,0,0,1
CUST0407,33,Male,Married,University,Self-employed,149,Fixed Deposit,2,1504,14,11,17,0,0.93,1,0,0,1,0
CUST2193,39,Female,Married,University,Employed,63,Savings,1,131182,8,8,10,1,0.54,1,1,1,0,1
CUST2719,25,Female,Married,Secondary,Self-employed,88,Savings,1,86155,11,8,11,0,0.96,0,1,0,0,0
CUST2509,38,Female,Married,Primary,Employed,58,Current,1,175330,11,6,9,0,0.94,1,1,0,1,0
CUST2615,31,Male,Married,University,Employed,85,Fixed Deposit,3,268743,13,9,14,0,0.56,0,1,1,0,0
CUST1706,35,Male,Married,None,Employed,84,Current,4,18949,15,12,17,0,0.75,0,1,0,0,0
CUST1465,35,Female,Married,Primary,Employed,71,Current,1,74941,15,4,14,0,0.93,5,0,0,0,1
CUST2538,26,Male,Married,Primary,Employed,8,Fixed Deposit,2,158685,16,7,6,0,0.98,2,1,0,0,1
CUST1079,39,Male,Married,Primary,Self-employed,150,Savings,2,524819,15,10,10,0,0.94,1,0,0,0,0
CUST2262,30,Male,Married,None,Employed,136,Fixed Deposit,1,11078,16,10,13,0,0.76,2,1,0,1,0
CUST0825,44,Male,Married,Secondary,Employed,23,Savings,4,420705,17,9,7,0,0.79,0,1,0,1,0
CUST1573,55,Female,Single,Secondary,Employed,177,Current,2,145568,15,7,4,0,0.77,3,1,0,1,0
CUST1557,33,Male,Single,None,Self-employed,2,Current,1,141756,12,6,5,1,0.72,1,1,1,0,1
CUST0492,32,Female,Single,Secondary,Employed,15,Current,1,773437,9,10,8,0,0.88,3,1,0,0,0
CUST2296,32,Female,Divorced,University,Employed,158,Savings,1,25662,14,7,10,2,0.93,1,1,0,0,0
CUST2610,42,Male,Single,None,Employed,14,Current,2,42621,22,13,11,0,0.8,1,1,1,1,1
CUST0572,32,Female,Married,University,Self-employed,63,Savings,2,108145,17,11,7,2,1,1,0,1,0,0
CUST0536,38,Male,Married,None,Employed,156,Current,1,133951,21,6,10,2,0.77,0,1,0,0,0
CUST1284,25,Male,Divorced,Primary,Employed,30,Fixed Deposit,2,351201,20,8,15,0,0.61,0,1,0,0,0
CUST2300,40,Female,Single,Primary,Employed,113,Savings,3,262833,17,2,13,0,0.62,0,0,0,0,1
CUST2424,34,Female,Single,Primary,Employed,100,Savings,2,75206,12,7,10,0,0.71,1,1,1,0,0
CUST2700,25,Female,Married,Secondary,Self-employed,32,Savings,1,71528,10,11,8,0,0.97,0,0,0,0,0
CUST1320,28,Male,Divorced,Secondary,Unemployed,117,Savings,1,419635,12,11,11,1,0.88,1,0,0,0,0
CUST2362,40,Female,Married,Secondary,Employed,178,Fixed Deposit,1,83820,10,6,24,0,0.81,2,1,0,0,0
CUST2941,23,Female,Single,Primary,Self-employed,127,Fixed Deposit,1,36500,14,10,16,0,0.65,2,1,0,0,1
CUST0187,24,Female,Single,Primary,Employed,36,Savings,4,206052,13,14,13,0,0.87,1,1,1,0,0
CUST2729,40,Male,Married,Secondary,Employed,179,Savings,1,37617,16,11,12,0,0.86,1,1,0,0,0
CUST0675,31,Female,Married,Primary,Self-employed,171,Savings,1,512185,15,6,13,0,0.87,2,1,0,0,0
CUST0021,18,Female,Single,University,Self-employed,79,Savings,3,248938,16,11,8,1,0.56,1,1,0,0,0
CUST2257,44,Female,Divorced,Secondary,Employed,70,Savings,2,139174,11,3,13,0,0.87,1,1,0,0,1
CUST1844,31,Male,Single,Secondary,Self-employed,168,Savings,1,58757,20,5,6,0,0.81,3,0,0,0,0
CUST1356,25,Male,Single,Primary,Employed,138,Current,1,79637,17,12,9,1,0.61,1,1,0,1,1
CUST0203,50,Male,Divorced,University,Employed,132,Current,2,60532,15,8,9,0,0.82,0,1,0,0,0
CUST0911,18,Male,Single,University,Self-employed,122,Current,1,43600,12,10,8,0,0.79,2,1,1,0,1
CUST2847,25,Male,Divorced,Secondary,Employed,52,Savings,2,103098,13,6,15,0,0.68,1,1,0,0,0
CUST0412,41,Female,Single,Secondary,Employed,39,Current,4,15625,11,5,6,0,0.66,0,1,1,0,0
CUST1681,18,Male,Married,University,Unemployed,31,Savings,2,269569,16,5,7,0,0.9,1,1,0,0,1
CUST2846,45,Female,Single,Primary,Employed,40,Savings,1,113152,21,7,14,0,0.9,1,0,0,0,0
CUST1872,34,Male,Married,University,Employed,165,Fixed Deposit,3,160978,15,6,7,0,0.85,0,1,1,1,0
CUST0091,32,Female,Married,University,Self-employed,3,Savings,3,40994,11,13,7,0,0.81,0,1,0,0,0
CUST0604,34,Female,Married,Primary,Employed,64,Savings,1,100926,18,10,16,0,0.99,1,1,0,0,0
CUST0121,22,Female,Married,Primary,Employed,120,Savings,1,120480,19,11,10,0,0.67,2,0,0,0,1
CUST2940,28,Female,Divorced,University,Employed,165,Savings,1,23398,11,11,12,0,0.51,1,1,0,1,0
CUST0161,23,Male,Married,None,Unemployed,33,Savings,2,1492,9,11,10,0,0.73,0,1,1,0,1
CUST2934,34,Female,Single,Secondary,Employed,87,Savings,3,35296,20,10,13,0,0.58,1,1,0,0,0
CUST1594,30,Female,Single,University,Self-employed,59,Savings,1,113967,7,10,8,0,0.89,2,1,0,0,0
CUST0295,34,Female,Married,University,Employed,154,Current,3,65257,20,7,9,0,0.79,2,1,0,0,1
CUST2204,34,Male,Married,Secondary,Employed,5,Current,2,767063,22,11,10,0,0.8,2,0,1,0,1
CUST1683,26,Female,Single,Secondary,Self-employed,73,Fixed Deposit,1,116664,22,10,11,2,0.81,1,1,0,0,0
CUST1603,18,Female,Single,Primary,Employed,69,Current,3,372428,15,5,6,1,0.62,2,1,0,0,0
CUST2533,43,Male,Single,None,Employed,133,Savings,1,9878,15,14,14,0,0.6,2,1,1,0,0
CUST0161,59,Female,Married,Primary,Self-employed,119,Fixed Deposit,1,270580,20,5,14,0,0.52,0,1,0,0,0
CUST1794,40,Female,Married,Primary,Self-employed,96,Current,1,542016,21,8,11,1,0.79,0,0,1,0,1
CUST2350,35,Male,Single,Secondary,Self-employed,24,Current,1,7283,13,7,16,0,0.59,1,1,0,0,0
CUST2823,51,Male,Married,Secondary,Employed,161,Savings,1,8914,15,12,10,0,0.58,3,1,1,0,1
CUST2991,39,Male,Married,University,Employed,93,Savings,3,63527,20,9,10,0,0.61,1,0,0,0,1
CUST0721,23,Female,Single,Primary,Employed,49,Savings,1,200110,22,3,9,0,0.83,0,0,0,0,0
CUST2669,42,Female,Single,None,Employed,106,Savings,2,28726,17,3,3,0,0.92,0,1,0,0,0
CUST1512,41,Male,Single,Secondary,Unemployed,43,Savings,1,56513,16,7,7,1,0.72,1,1,0,0,1
CUST1683,22,Male,Married,Primary,Employed,100,Savings,1,55051,16,10,11,0,0.81,4,1,0,0,0
CUST0982,18,Female,Single,University,Self-employed,52,Savings,1,68627,12,9,10,0,0.56,1,1,0,0,0
CUST2553,35,Female,Single,Secondary,Employed,159,Current,3,149762,27,9,9,0,0.62,1,0,0,0,0
CUST0609,28,Male,Married,University,Employed,106,Savings,1,411112,21,9,13,0,0.77,2,1,0,0,0
CUST0995,39,Male,Married,Secondary,Employed,47,Savings,1,18231,19,15,13,0,0.56,2,0,1,0,1
CUST2821,36,Female,Married,None,Employed,87,Savings,3,391032,14,7,5,0,0.65,1,0,0,0,1
CUST1538,52,Female,Single,Primary,Self-employed,65,Savings,2,48787,11,9,10,0,0.75,1,1,0,1,0
CUST1338,51,Male,Married,University,Employed,29,Fixed Deposit,1,26828,11,7,5,0,0.71,2,0,1,0,1
CUST0436,41,Male,Married,Secondary,Employed,87,Current,3,14986,13,6,9,0,0.69,3,1,0,1,0
CUST0928,28,Female,Married,Primary,Unemployed,134,Fixed Deposit,3,77433,23,11,7,0,0.63,2,0,1,0,0
CUST1468,21,Female,Married,University,Unemployed,118,Current,1,212310,17,7,6,1,0.89,4,1,0,0,0
CUST2237,30,Male,Single,University,Employed,170,Savings,2,145989,16,8,15,0,0.75,1,1,0,0,0
CUST0635,23,Female,Married,Primary,Employed,128,Savings,1,470409,11,9,10,0,0.74,0,1,1,0,0
CUST0319,43,Female,Single,None,Employed,67,Current,3,307525,10,13,12,0,0.93,0,0,0,0,1
CUST0388,28,Male,Married,University,Employed,152,Savings,3,82752,20,10,9,0,0.73,2,0,1,1,0
CUST1314,38,Female,Married,Primary,Employed,109,Current,1,83902,13,7,10,0,0.69,1,1,0,0,0
CUST1604,41,Female,Divorced,Primary,Employed,74,Savings,3,10932,9,14,14,0,0.53,1,0,0,0,0
CUST0584,46,Male,Married,Primary,Self-employed,66,Savings,1,10627,15,5,6,1,0.68,1,0,0,0,0
CUST2435,45,Female,Single,Primary,Employed,33,Savings,3,43594,27,4,7,0,0.6,0,1,0,0,0
CUST0200,34,Male,Single,Primary,Self-employed,89,Savings,2,326237,12,10,10,0,0.65,1,1,1,0,0
CUST0807,36,Female,Single,Secondary,Self-employed,156,Savings,2,62395,15,5,8,0,0.8,1,1,0,0,0
CUST0900,30,Female,Married,None,Employed,36,Fixed Deposit,1,77369,24,7,11,0,0.66,1,1,1,0,0
CUST1589,36,Male,Divorced,Primary,Employed,65,Current,2,210454,16,4,10,0,0.68,1,1,1,0,0
CUST1779,19,Male,Married,University,Self-employed,170,Savings,1,91040,21,8,11,1,0.71,0,0,0,0,0
CUST1112,20,Male,Single,None,Employed,134,Savings,2,87917,20,11,13,0,0.85,2,0,0,0,1
CUST2463,40,Female,Married,Primary,Self-employed,91,Savings,1,115091,12,11,9,0,0.69,0,1,0,0,0
CUST1944,36,Female,Married,Secondary,Self-employed,82,Current,1,10272,15,10,11,0,0.93,0,1,1,0,1
CUST0920,37,Male,Married,Primary,Unemployed,130,Savings,1,44007,12,9,8,1,0.54,0,1,0,0,0
CUST1675,23,Female,Divorced,Primary,Employed,62,Savings,1,56225,15,8,9,0,0.83,1,1,0,1,0
CUST1387,38,Female,Single,None,Self-employed,102,Current,1,936471,16,5,14,0,0.77,3,1,1,0,0
CUST2726,59,Female,Divorced,University,Self-employed,179,Fixed Deposit,2,307074,20,7,10,1,0.63,1,1,0,0,1
CUST0769,48,Male,Married,University,Employed,148,Savings,1,177664,17,12,12,0,0.87,2,1,1,0,1
CUST0947,30,Female,Married,None,Employed,78,Current,2,52204,18,10,10,1,0.86,1,1,0,1,0
CUST2787,26,Female,Married,Secondary,Employed,64,Savings,2,336252,14,8,9,0,0.6,0,1,1,0,0
CUST0203,50,Female,Married,Secondary,Unemployed,5,Savings,2,87296,22,11,9,0,0.8,5,1,0,0,0
CUST0931,37,Female,Married,Secondary,Self-employed,40,Savings,1,19253,11,6,14,0,0.57,2,1,0,0,0
CUST2943,30,Female,Single,Primary,Self-employed,175,Savings,1,55252,16,10,7,0,0.99,1,1,0,0,0
CUST2148,18,Female,Married,Primary,Self-employed,161,Fixed Deposit,1,75147,16,6,8,0,0.96,2,0,0,0,0
CUST1058,30,Female,Married,Secondary,Self-employed,23,Current,1,259450,21,9,8,1,0.61,0,1,1,0,1
CUST1503,24,Male,Married,University,Employed,164,Current,2,110201,14,12,15,0,0.54,1,0,0,0,0
CUST2706,19,Male,Single,Secondary,Employed,37,Savings,1,177438,13,10,10,0,0.83,2,0,0,0,1
CUST2280,42,Male,Single,Primary,Employed,177,Savings,3,17623,20,12,13,0,0.58,1,0,0,0,0
CUST1141,42,Female,Single,University,Unemployed,5,Savings,1,85830,13,6,9,0,0.73,1,0,1,0,0
CUST2170,40,Female,Single,Primary,Employed,12,Savings,1,17820,15,4,11,1,0.74,0,0,0,0,1
CUST0605,37,Female,Single,Secondary,Employed,33,Savings,2,43045,13,5,11,0,0.99,0,1,0,0,0
CUST0913,26,Female,Married,Primary,Self-employed,6,Fixed Deposit,4,64709,18,4,7,0,0.62,0,1,1,0,0
CUST0358,39,Female,Married,None,Employed,129,Current,2,82107,10,8,12,0,0.62,2,0,1,0,1
CUST1295,43,Female,Single,Primary,Employed,7,Current,3,132910,13,5,16,0,0.52,2,1,1,1,1
CUST2176,37,Female,Single,Primary,Employed,90,Current,1,73772,11,9,10,0,0.74,2,1,0,0,0
CUST0437,56,Female,Single,University,Employed,60,Current,2,88633,10,8,3,0,0.82,1,0,1,0,0
CUST1557,28,Male,Married,Secondary,Employed,170,Current,1,62372,19,8,13,1,0.95,1,0,1,0,0
CUST1012,42,Female,Married,None,Employed,5,Savings,2,539168,16,5,8,1,0.91,0,1,0,0,0
CUST0717,18,Male,Married,University,Employed,123,Savings,1,63040,13,7,12,0,0.69,0,1,0,0,1
CUST1766,62,Female,Married,Secondary,Employed,162,Current,2,414686,9,11,10,0,1,0,0,0,0,0
CUST2327,27,Male,Single,University,Employed,5,Current,3,22211,14,11,8,0,0.61,3,0,1,0,1
CUST0458,22,Male,Single,Secondary,Unemployed,140,Savings,2,67720,11,5,12,1,0.8,1,0,1,0,0
CUST1453,26,Male,Married,Primary,Unemployed,39,Current,3,104637,14,5,10,0,0.58,0,1,0,0,1
CUST2877,37,Male,Married,University,Employed,157,Savings,3,13834,14,6,6,0,0.51,0,1,0,1,0
CUST2704,25,Female,Married,Secondary,Self-employed,150,Savings,4,43464,17,7,10,0,0.57,1,0,0,0,0
CUST0563,30,Male,Married,Primary,Employed,25,Savings,1,28754,13,11,8,2,0.69,0,1,0,0,1
CUST1949,37,Female,Single,University,Employed,161,Current,4,350288,12,4,6,0,0.53,0,1,0,1,0
CUST0073,33,Male,Single,Secondary,Self-employed,1,Savings,3,34158,11,4,11,1,0.95,1,0,0,0,1
CUST0630,36,Female,Married,Secondary,Employed,146,Current,4,136036,14,11,9,0,0.92,1,1,1,0,0
CUST2288,26,Male,Single,University,Employed,32,Savings,1,113026,21,9,5,0,0.66,0,0,0,0,0
CUST2804,30,Female,Married,Secondary,Unemployed,82,Current,1,25581,19,4,8,0,0.85,1,1,0,0,0
CUST2910,30,Male,Single,Secondary,Employed,154,Savings,4,49018,12,1,9,0,0.62,1,1,1,1,0
CUST0982,51,Female,Married,Secondary,Employed,59,Savings,3,52797,17,9,14,0,0.62,1,1,1,0,0
CUST1581,32,Male,Single,Primary,Self-employed,152,Current,2,331943,20,4,11,0,0.94,0,1,0,0,0
CUST1767,29,Female,Divorced,University,Employed,169,Savings,4,285439,7,5,17,1,0.62,0,1,0,0,0
CUST2928,42,Male,Married,Primary,Employed,37,Current,1,41114,20,8,5,0,0.55,0,1,0,1,0
CUST1276,43,Male,Single,Secondary,Self-employed,80,Savings,3,362250,14,2,7,0,0.89,0,0,1,0,0
CUST2812,35,Male,Single,None,Unemployed,136,Current,1,110006,16,6,10,1,0.73,2,0,0,0,0
CUST1227,45,Male,Married,Primary,Employed,77,Current,4,74657,13,11,12,0,0.54,1,1,0,1,0
CUST1751,28,Female,Married,Primary,Employed,50,Savings,4,26873,17,18,6,0,0.72,1,0,0,0,1
CUST1778,49,Male,Single,Primary,Employed,175,Fixed Deposit,1,1183,17,9,7,0,0.74,0,1,1,1,0
CUST0676,27,Female,Married,Secondary,Employed,178,Current,2,49333,14,2,12,0,0.95,1,1,0,1,0
CUST1340,43,Female,Divorced,Secondary,Self-employed,18,Savings,1,72411,10,7,9,0,0.74,1,1,0,0,1
CUST0239,28,Female,Single,Primary,Employed,65,Savings,1,117543,5,11,10,0,0.58,2,1,0,0,0
CUST1776,48,Female,Single,University,Employed,153,Current,2,28565,9,10,6,0,0.73,2,1,0,0,0
CUST2314,35,Female,Married,None,Self-employed,130,Savings,1,6789,15,6,17,1,0.71,2,1,1,0,1
CUST1259,25,Male,Single,Secondary,Employed,112,Savings,4,203529,7,12,12,1,0.74,1,1,0,1,0
CUST0052,31,Female,Single,University,Self-employed,152,Current,1,40900,9,12,8,0,0.62,1,1,0,0,0
CUST0307,38,Female,Married,Primary,Employed,110,Savings,1,122482,20,7,12,0,0.53,0,0,0,0,0
CUST1950,35,Female,Single,University,Self-employed,51,Savings,2,46452,20,13,11,0,0.64,0,1,0,0,0
CUST1221,18,Male,Married,Primary,Unemployed,19,Savings,3,79454,22,12,9,0,0.93,1,1,0,0,0
CUST0784,48,Female,Married,Primary,Employed,31,Current,2,297166,14,11,12,0,0.91,1,1,1,0,1
CUST2082,34,Female,Divorced,Secondary,Employed,65,Savings,2,6585,9,7,12,0,0.89,0,0,0,0,0
CUST1590,18,Female,Married,University,Employed,27,Fixed Deposit,1,439856,20,9,6,1,0.88,1,0,0,0,1
CUST1495,41,Male,Married,Secondary,Unemployed,141,Savings,2,427914,9,7,4,0,0.6,0,1,0,0,0
CUST1723,30,Male,Married,Secondary,Employed,25,Current,2,126312,11,15,10,0,0.98,1,1,1,0,0
CUST2580,42,Female,Divorced,Secondary,Self-employed,128,Fixed Deposit,1,46379,16,7,13,0,0.79,2,1,1,0,0
CUST2026,41,Female,Single,Primary,Self-employed,134,Current,1,50216,19,11,13,0,0.58,0,0,0,0,0
CUST0325,18,Female,Single,Secondary,Employed,155,Savings,1,250688,18,13,5,0,0.93,1,0,0,0,0
CUST1328,41,Female,Single,Primary,Employed,70,Current,2,92219,9,6,7,0,0.71,0,0,0,1,0
CUST0780,30,Male,Married,Secondary,Self-employed,131,Savings,2,124830,16,7,6,0,0.54,1,0,1,0,0
CUST1335,31,Female,Married,Primary,Self-employed,145,Current,1,88353,17,10,10,0,0.79,2,1,0,0,0
CUST2846,35,Female,Married,Secondary,Employed,161,Savings,1,22842,16,9,11,0,0.58,2,1,1,0,1
CUST2351,37,Female,Single,Secondary,Self-employed,128,Current,2,297060,14,8,7,0,0.5,2,1,0,0,0
CUST1932,34,Female,Married,University,Employed,51,Savings,3,258750,14,12,6,0,0.71,2,1,0,1,1
CUST2378,42,Male,Married,University,Employed,18,Savings,1,101972,15,6,11,0,0.71,0,1,0,1,0
CUST1482,21,Female,Single,None,Self-employed,11,Savings,3,105026,20,13,7,1,0.66,1,0,0,0,0
CUST2695,30,Male,Single,Primary,Employed,163,Savings,3,139258,7,9,9,0,0.64,1,1,0,0,0
CUST0906,38,Male,Married,University,Self-employed,150,Current,2,7826,9,11,12,0,0.69,2,1,1,0,0
CUST2996,35,Female,Single,Secondary,Employed,140,Savings,1,350403,16,14,12,0,0.63,1,1,0,0,0
CUST0454,49,Female,Single,Secondary,Employed,137,Savings,3,12134,14,8,14,0,0.56,0,1,0,0,1
CUST1369,35,Female,Married,Primary,Self-employed,3,Current,2,92975,19,10,14,0,0.99,1,1,0,0,0
CUST1132,47,Female,Married,Primary,Unemployed,26,Savings,3,107800,11,11,7,0,0.55,1,1,0,0,1
CUST1775,18,Male,Divorced,University,Unemployed,42,Savings,1,302746,23,7,10,1,0.91,1,1,0,0,0
CUST0324,34,Male,Single,Primary,Employed,80,Savings,3,59761,19,16,8,0,0.71,2,0,1,0,0
CUST1381,36,Male,Single,None,Unemployed,54,Savings,3,11463,19,8,12,0,0.62,0,1,0,1,0
CUST1616,24,Male,Divorced,Primary,Employed,12,Savings,1,151044,8,6,6,0,0.9,0,1,0,0,0
CUST0041,51,Male,Married,Primary,Employed,25,Current,4,444906,16,7,17,0,0.76,1,0,0,0,0
CUST1845,29,Male,Married,Secondary,Unemployed,158,Current,3,92412,13,6,8,0,0.99,1,1,0,1,0
CUST0210,40,Female,Single,Secondary,Self-employed,133,Current,4,101911,16,6,12,0,0.67,1,0,1,0,0
CUST0895,45,Male,Married,University,Employed,124,Savings,3,132977,15,11,6,0,0.91,0,1,1,0,1
CUST2372,54,Female,Married,University,Self-employed,75,Fixed Deposit,1,195303,9,8,9,0,0.73,0,1,1,0,1
CUST0045,40,Female,Married,University,Self-employed,76,Fixed Deposit,2,112042,8,5,9,0,0.98,0,1,1,1,1
CUST0528,31,Male,Married,Secondary,Self-employed,56,Current,1,75683,13,9,11,0,0.84,3,1,1,0,0
CUST2403,18,Male,Divorced,Primary,Employed,55,Savings,1,43856,16,10,9,0,0.77,0,0,0,0,1
CUST2784,36,Male,Married,Secondary,Self-employed,46,Savings,4,225131,14,5,9,0,0.76,1,1,0,0,0
CUST2310,31,Male,Married,None,Employed,152,Current,4,143521,16,7,9,1,0.76,0,1,0,1,0
CUST2675,44,Male,Single,University,Self-employed,83,Current,1,288594,16,7,7,0,0.96,0,1,0,0,1
CUST0310,50,Female,Married,Primary,Employed,108,Savings,4,282177,21,11,12,0,0.65,1,1,0,1,0
CUST1119,19,Male,Married,Secondary,Employed,76,Current,3,72895,15,7,15,0,0.69,1,1,0,0,0
CUST2132,36,Male,Single,Secondary,Unemployed,74,Current,2,88440,15,6,17,0,0.91,1,1,1,0,0
CUST1365,25,Female,Single,Primary,Self-employed,49,Current,2,90123,12,7,15,0,0.65,3,1,1,0,0
CUST1768,46,Male,Married,Secondary,Self-employed,145,Savings,2,253611,15,6,13,0,0.76,2,0,0,0,0
CUST1512,35,Female,Married,Secondary,Employed,144,Savings,2,258663,12,11,7,0,0.92,1,1,0,1,0
CUST0195,40,Male,Divorced,Primary,Self-employed,151,Savings,4,386561,19,9,10,1,0.87,1,0,0,0,0
CUST2858,32,Male,Divorced,Primary,Employed,83,Savings,4,62101,16,6,11,1,0.86,0,1,0,1,1
CUST1074,49,Male,Single,Primary,Employed,76,Current,1,175505,22,8,8,0,0.81,0,0,0,0,0
CUST0244,21,Male,Married,Primary,Employed,78,Savings,1,161821,16,4,5,0,0.62,1,0,1,1,1
CUST0434,46,Male,Married,Secondary,Employed,62,Savings,2,24734,18,9,11,0,0.96,1,1,1,0,0
CUST1306,56,Female,Single,University,Self-employed,124,Savings,2,185081,15,4,12,0,0.61,0,1,1,0,0
CUST2245,43,Female,Divorced,None,Employed,117,Savings,4,10229,8,9,6,0,0.85,0,1,0,0,0
CUST2425,33,Female,Single,Primary,Employed,162,Savings,1,96651,15,13,10,0,0.67,0,1,0,1,0
CUST2904,31,Female,Single,Secondary,Employed,14,Savings,2,17145,16,10,15,0,0.57,1,1,0,0,0
CUST1839,33,Male,Single,Secondary,Employed,55,Savings,2,173451,15,11,11,0,0.77,1,1,0,0,1
CUST2447,36,Female,Married,None,Employed,175,Savings,1,151063,15,13,5,0,0.72,0,0,0,0,0
CUST1474,39,Male,Single,Primary,Self-employed,81,Savings,1,69409,13,8,10,1,0.8,2,0,0,0,0
CUST2239,51,Female,Married,Primary,Employed,170,Savings,1,122144,14,10,11,1,0.66,2,1,1,0,0
CUST2885,39,Female,Married,Secondary,Self-employed,84,Savings,3,7002,16,5,9,0,0.92,3,1,0,0,0
CUST2705,38,Female,Married,Primary,Self-employed,38,Savings,3,111283,17,8,12,1,0.86,2,1,0,0,0
CUST1094,39,Female,Married,Secondary,Self-employed,46,Savings,1,24131,13,11,7,0,0.84,0,0,1,0,0
CUST1821,47,Male,Married,University,Employed,96,Savings,2,28247,13,6,10,0,0.87,3,0,0,0,0
CUST0286,46,Male,Married,Secondary,Self-employed,48,Current,1,24778,14,7,8,0,0.7,1,1,1,0,1
CUST0988,29,Male,Single,University,Employed,3,Fixed Deposit,2,225625,13,4,7,0,0.73,1,0,1,0,0
CUST1550,36,Male,Single,Primary,Employed,137,Savings,1,325838,18,7,9,0,0.6,0,0,0,0,1
CUST1210,32,Male,Single,Primary,Self-employed,32,Current,4,69218,13,13,8,1,0.75,0,1,1,1,0
CUST2255,27,Male,Divorced,University,Employed,84,Savings,1,123410,16,9,7,0,0.55,0,1,0,0,0
CUST2764,30,Male,Single,Secondary,Unemployed,36,Savings,2,12920,21,13,9,0,0.73,3,0,0,0,1
CUST1906,36,Male,Married,Secondary,Self-employed,174,Savings,2,483954,10,10,7,0,0.76,1,1,0,1,1
CUST2806,18,Female,Married,None,Employed,167,Savings,4,116369,12,11,8,0,0.5,2,1,0,0,0
CUST1350,36,Male,Married,Secondary,Employed,179,Savings,3,288215,17,9,9,0,0.64,4,1,1,0,0
CUST1232,18,Male,Married,University,Employed,127,Savings,3,12517,22,9,6,0,0.97,1,1,1,1,0
CUST2713,35,Male,Married,Secondary,Unemployed,172,Current,1,71444,17,13,14,0,0.75,2,1,0,0,0
CUST1263,28,Male,Married,Primary,Employed,5,Savings,1,34263,11,12,11,0,0.67,2,0,0,0,0
CUST1855,29,Male,Married,Secondary,Employed,33,Savings,1,97571,14,7,15,0,0.84,2,0,0,0,1
CUST2843,27,Female,Married,Primary,Employed,84,Fixed Deposit,3,40609,10,10,11,1,0.75,3,1,1,0,0
CUST1802,26,Male,Single,None,Self-employed,40,Savings,2,255511,17,9,15,0,0.65,0,1,0,0,0
CUST0505,45,Male,Single,Primary,Employed,56,Savings,2,472181,11,10,8,1,0.87,0,1,0,0,0
CUST1843,30,Male,Married,Primary,Employed,152,Savings,1,32087,17,15,7,1,0.97,0,0,0,0,0
CUST2204,36,Male,Single,Secondary,Employed,172,Savings,3,25930,17,5,13,1,0.84,0,1,1,0,1
CUST1430,45,Male,Married,University,Unemployed,63,Savings,2,24955,10,9,12,0,0.64,1,1,0,0,0
CUST0495,37,Male,Single,University,Employed,144,Savings,1,237714,17,5,10,1,0.97,2,1,0,0,0
CUST0933,36,Female,Married,University,Self-employed,106,Savings,3,143122,11,7,11,0,0.81,0,1,1,0,0
CUST2987,24,Male,Divorced,None,Self-employed,46,Savings,1,16453,14,9,6,0,0.84,1,1,0,0,0
CUST2567,43,Male,Married,Secondary,Self-employed,28,Savings,2,110149,11,7,8,0,0.79,1,0,0,0,0
CUST0974,49,Female,Single,None,Employed,98,Savings,1,385797,16,9,10,0,0.66,1,1,0,0,0
CUST2890,40,Male,Single,Primary,Self-employed,84,Savings,1,41993,14,9,9,0,0.96,2,1,0,0,0
CUST2432,31,Female,Married,Primary,Self-employed,53,Current,1,484233,9,7,9,0,0.59,2,0,1,0,0
CUST0694,42,Male,Single,Primary,Employed,158,Savings,1,281771,10,10,9,0,0.74,0,1,0,0,0
CUST2623,18,Male,Married,University,Employed,79,Fixed Deposit,4,141125,20,8,8,0,0.99,1,0,0,0,0
CUST0980,29,Female,Single,University,Self-employed,59,Savings,2,95494,10,7,11,0,0.71,0,1,0,0,1
CUST0751,36,Male,Married,Secondary,Employed,64,Current,2,248202,23,10,6,0,0.58,1,1,1,0,1
CUST1500,56,Male,Married,None,Employed,21,Savings,1,84974,14,12,10,0,0.61,0,1,1,1,0
CUST0923,23,Female,Single,Secondary,Self-employed,108,Current,3,22925,18,6,9,0,0.86,0,1,0,1,0
CUST1476,28,Female,Single,Secondary,Self-employed,177,Savings,1,15265,10,4,11,0,0.85,1,0,0,1,0
CUST1462,30,Female,Married,University,Self-employed,62,Current,2,60392,24,11,12,0,0.65,0,0,0,0,1
CUST0834,30,Female,Married,Secondary,Employed,127,Savings,1,38163,10,8,7,0,0.57,0,1,1,1,0
CUST0150,37,Male,Divorced,Primary,Employed,145,Current,1,144009,18,9,10,0,0.58,1,0,1,1,0
CUST2997,39,Male,Married,Primary,Unemployed,64,Fixed Deposit,4,116526,9,10,11,0,0.9,2,1,1,0,0
CUST1010,30,Female,Single,Secondary,Employed,163,Current,1,61442,19,7,15,0,0.67,0,0,0,0,0
CUST2498,36,Male,Married,Secondary,Self-employed,6,Fixed Deposit,3,315646,13,7,9,0,0.74,3,1,0,0,0
CUST0811,36,Male,Married,Primary,Self-employed,173,Savings,4,113727,15,12,8,1,0.52,1,0,0,1,1
CUST2428,25,Male,Married,None,Employed,150,Savings,1,53392,23,9,12,1,0.81,2,1,1,0,0
CUST1696,21,Male,Single,Secondary,Self-employed,3,Savings,3,106667,18,7,10,0,0.72,1,1,1,0,0
CUST1401,37,Female,Married,None,Employed,21,Current,3,260029,16,3,15,0,0.73,2,0,0,0,1
CUST2212,34,Female,Divorced,Primary,Self-employed,166,Savings,2,2228,18,8,5,0,0.56,0,1,0,1,0
CUST2155,34,Male,Married,University,Employed,70,Savings,2,17592,18,9,16,0,0.64,1,0,1,0,0
CUST1901,51,Male,Married,University,Employed,166,Current,1,28890,14,7,8,0,0.84,4,0,0,0,0
CUST2022,45,Female,Married,Primary,Employed,40,Current,3,92740,8,10,11,0,0.87,3,1,1,0,0
CUST1404,40,Male,Single,University,Employed,139,Current,1,21381,18,8,11,0,0.59,1,1,1,0,0
CUST2437,21,Female,Married,Primary,Self-employed,44,Savings,1,175084,18,11,8,0,0.59,1,1,0,0,0
CUST1087,25,Male,Single,Primary,Employed,74,Current,3,81271,18,6,12,1,0.71,0,1,1,0,0
CUST2627,50,Male,Divorced,Primary,Employed,89,Savings,4,55997,7,9,8,0,0.85,1,1,1,0,1
CUST1939,48,Male,Divorced,Secondary,Employed,2,Fixed Deposit,4,3421,17,9,11,1,0.97,1,1,1,1,0
CUST0754,20,Male,Married,Secondary,Employed,163,Savings,4,18731,16,5,11,1,0.52,1,1,0,0,0
CUST0564,43,Female,Married,Primary,Employed,65,Current,3,20833,12,4,13,0,0.64,1,1,0,1,0
CUST1410,27,Male,Single,Primary,Self-employed,24,Current,1,140934,12,8,14,0,0.72,1,0,0,0,0
CUST1577,50,Female,Single,University,Self-employed,63,Savings,2,63698,16,9,6,0,0.68,0,0,0,0,1
CUST2553,33,Male,Married,Secondary,Self-employed,173,Current,1,34030,17,9,14,0,0.69,0,1,1,0,0
CUST0462,40,Male,Married,Secondary,Employed,155,Current,1,99979,6,9,8,0,0.7,1,1,0,0,0
CUST2462,49,Male,Single,University,Unemployed,128,Savings,1,8553,15,5,12,0,0.84,0,1,0,0,0
CUST2836,46,Female,Single,University,Employed,135,Savings,2,45134,11,2,10,0,0.85,1,1,1,0,0
CUST0511,34,Male,Married,University,Self-employed,88,Current,2,273146,18,2,7,0,0.51,1,0,1,0,0
CUST1731,47,Male,Divorced,None,Employed,3,Savings,1,138951,11,8,7,0,0.72,0,1,0,0,0
CUST1860,29,Male,Married,Primary,Employed,84,Current,1,129303,6,10,10,0,0.71,1,1,0,1,0
CUST2834,38,Male,Divorced,Secondary,Employed,177,Savings,3,76614,14,4,7,0,0.85,3,1,1,0,0
CUST2046,30,Male,Divorced,Secondary,Self-employed,65,Current,3,48302,14,9,11,0,0.53,1,0,0,0,0
CUST2753,39,Female,Single,Secondary,Self-employed,123,Savings,1,138018,11,5,10,0,0.7,0,1,1,1,0
CUST2226,22,Male,Single,Primary,Employed,156,Current,4,492727,8,6,9,1,0.7,2,0,0,1,0
CUST1413,41,Male,Married,None,Self-employed,77,Current,1,124798,16,6,10,0,0.75,1,1,0,0,0
CUST0463,47,Female,Single,Secondary,Self-employed,121,Savings,2,128648,13,12,18,0,0.78,3,1,0,0,0
CUST1504,48,Male,Married,Secondary,Employed,128,Savings,4,536378,18,6,6,0,0.65,3,0,0,1,0
CUST0932,34,Male,Single,Primary,Employed,140,Savings,1,287771,13,4,10,0,0.51,0,1,1,0,1
CUST1198,59,Female,Married,Secondary,Employed,171,Current,1,262528,21,14,14,0,0.88,1,1,0,0,0
CUST1532,29,Male,Married,University,Employed,4,Savings,2,165116,14,8,7,0,0.88,0,0,0,0,1
CUST0489,38,Male,Single,Primary,Employed,127,Fixed Deposit,1,342839,8,7,9,0,0.87,1,1,0,0,0
CUST1065,22,Female,Single,Primary,Employed,81,Savings,1,54876,14,9,9,1,0.98,0,1,0,0,0
CUST1519,39,Female,Married,Secondary,Self-employed,180,Savings,1,246653,10,2,11,0,1,1,1,1,0,0
CUST2203,38,Male,Married,Secondary,Self-employed,88,Savings,3,320277,12,10,4,0,0.84,0,0,1,0,0
CUST2969,20,Female,Married,Primary,Self-employed,13,Current,2,178177,15,7,10,0,0.99,0,1,0,0,0
CUST0719,35,Male,Single,University,Employed,65,Savings,1,39476,24,6,17,0,0.78,1,1,0,0,0
CUST2133,38,Male,Single,Secondary,Employed,35,Current,1,274747,18,3,8,0,0.96,1,1,0,1,0
CUST0995,40,Female,Married,Secondary,Employed,62,Current,4,36028,13,7,3,0,0.83,1,1,1,0,0
CUST2463,37,Male,Single,Primary,Employed,64,Savings,1,37113,11,11,11,0,0.83,3,0,0,0,0
CUST2958,28,Male,Married,Secondary,Employed,67,Savings,1,65586,17,8,9,0,0.88,0,1,1,0,0
CUST0131,21,Female,Married,Primary,Employed,135,Savings,1,411059,15,7,7,1,0.98,4,1,1,1,1
CUST1379,50,Male,Single,Secondary,Employed,91,Current,1,94886,19,13,12,0,0.99,1,1,0,1,0
CUST0602,32,Male,Single,Secondary,Self-employed,108,Savings,2,59437,14,6,11,0,0.85,0,1,0,0,1
CUST2911,47,Male,Single,Secondary,Employed,159,Current,2,728948,18,10,13,0,0.8,1,1,0,1,0
CUST2574,18,Male,Divorced,Secondary,Employed,150,Savings,4,103681,11,10,13,0,0.97,1,1,0,0,0
CUST1177,55,Female,Single,University,Employed,10,Savings,3,92794,19,3,11,0,0.88,0,1,0,0,0
CUST2707,24,Female,Single,Secondary,Self-employed,4,Current,1,140140,16,11,8,0,0.62,0,1,0,0,1
CUST0223,32,Male,Single,Secondary,Employed,6,Savings,1,211871,16,8,10,0,0.82,1,1,0,0,0
CUST2026,43,Male,Single,University,Employed,12,Savings,1,265703,17,5,11,0,0.64,0,0,0,0,1
CUST2713,38,Female,Married,University,Employed,56,Current,1,194843,19,8,8,0,0.66,0,0,0,0,0
CUST0764,28,Female,Married,University,Unemployed,36,Current,2,139152,17,8,12,0,0.63,1,0,0,0,1
CUST0365,18,Female,Married,Secondary,Employed,93,Savings,2,7111,23,13,9,0,0.86,2,1,0,0,0
CUST1950,35,Female,Married,None,Self-employed,90,Savings,1,19670,17,7,3,2,0.97,1,0,0,0,1
CUST2256,26,Female,Single,Secondary,Employed,131,Current,2,90834,19,7,9,0,0.93,0,1,0,0,0
CUST1529,18,Female,Single,University,Employed,162,Savings,1,445673,18,5,7,1,0.64,0,1,0,0,0
CUST1799,31,Male,Single,None,Self-employed,98,Savings,1,47593,15,6,10,0,0.66,1,1,0,0,0
CUST1545,39,Female,Single,None,Unemployed,141,Savings,1,39633,11,6,13,0,0.56,1,0,0,1,0
CUST0078,29,Female,Single,Primary,Employed,108,Current,4,8744,9,10,6,0,0.81,1,1,0,0,0
CUST0545,35,Female,Single,University,Employed,127,Savings,4,179920,19,10,4,0,0.64,0,1,1,0,0
CUST1844,39,Female,Single,Secondary,Unemployed,34,Current,2,106160,16,9,7,0,0.71,1,1,0,1,0
CUST2644,18,Male,Married,University,Employed,97,Savings,4,48023,16,10,13,0,0.59,2,0,1,0,0
CUST2051,48,Female,Single,Secondary,Employed,137,Savings,1,149168,18,8,13,0,0.8,1,1,0,0,0
CUST2354,34,Male,Single,None,Employed,91,Fixed Deposit,4,62931,15,10,9,1,0.55,0,1,0,0,0
CUST0194,63,Male,Married,University,Employed,8,Current,1,24061,24,7,11,0,0.59,1,1,1,0,0
CUST1877,47,Male,Divorced,Secondary,Unemployed,52,Current,2,55427,23,11,10,0,0.57,2,1,0,0,0
CUST2134,53,Female,Married,University,Employed,79,Savings,2,28227,11,10,6,1,0.78,0,1,0,1,1
CUST1462,32,Female,Single,Primary,Unemployed,7,Fixed Deposit,1,169451,25,11,11,1,0.76,3,1,0,0,1
CUST0748,29,Female,Married,University,Employed,38,Savings,2,135500,15,6,14,0,0.75,0,1,0,0,0
CUST0465,39,Female,Single,None,Employed,5,Current,2,44219,15,8,7,0,0.65,2,0,0,0,0
CUST1521,37,Female,Married,Primary,Self-employed,44,Savings,3,130530,18,7,12,1,0.58,1,1,0,0,0
CUST1176,21,Male,Divorced,University,Employed,3,Savings,1,48935,18,4,12,0,0.92,2,1,1,1,1
CUST0175,44,Female,Married,None,Employed,97,Savings,1,46832,12,5,10,0,0.72,0,1,1,0,0
CUST1151,41,Female,Single,University,Employed,68,Savings,1,495252,20,9,13,0,0.59,0,0,0,0,0
CUST0221,39,Male,Married,Secondary,Self-employed,62,Current,1,3042,15,9,9,0,0.8,0,1,0,1,0
CUST1107,35,Female,Married,Secondary,Employed,157,Fixed Deposit,2,266094,13,9,8,0,0.68,0,1,0,0,1
CUST0503,28,Female,Married,Secondary,Employed,51,Savings,2,307475,17,8,11,0,0.63,0,1,1,1,0
CUST2349,26,Female,Single,Primary,Unemployed,9,Savings,2,23854,16,5,12,0,0.72,1,1,0,0,1
CUST2713,25,Male,Married,Secondary,Employed,43,Fixed Deposit,1,22994,8,8,11,0,0.99,0,0,0,0,0
CUST1873,18,Female,Married,Primary,Self-employed,12,Current,1,65832,18,5,8,0,0.68,1,1,0,0,1
CUST1882,54,Male,Single,Secondary,Employed,45,Current,3,43941,13,12,6,0,0.91,0,0,0,0,1
CUST0518,46,Male,Married,Primary,Employed,2,Savings,3,488780,19,7,16,0,0.51,2,0,0,0,0
CUST0106,25,Female,Married,Secondary,Employed,178,Savings,2,123222,15,7,11,0,0.8,0,1,0,0,0
CUST2299,34,Male,Single,Secondary,Employed,13,Savings,2,762713,16,4,8,0,0.82,2,1,1,0,0
CUST1711,32,Female,Single,Secondary,Employed,55,Savings,1,56566,16,10,13,1,0.83,1,0,0,0,0
CUST1190,32,Male,Married,Primary,Employed,154,Savings,4,315114,6,7,8,0,0.77,3,1,0,0,0
CUST0192,33,Female,Single,Secondary,Self-employed,22,Savings,2,297026,16,6,9,0,0.71,0,1,1,1,1
CUST1661,42,Female,Married,Secondary,Employed,97,Current,3,137316,10,8,7,0,0.87,0,1,1,0,0
CUST1006,33,Male,Married,Primary,Employed,153,Current,1,11969,11,11,11,0,0.77,0,1,0,1,0
CUST1095,38,Male,Single,Primary,Employed,58,Current,1,164696,19,7,12,0,0.67,1,1,1,1,0
CUST0207,42,Female,Married,Primary,Employed,51,Savings,1,118433,14,7,7,0,0.74,0,1,0,0,0
CUST2219,40,Male,Married,Secondary,Self-employed,164,Savings,3,28982,14,6,14,0,0.81,1,1,0,0,0
CUST2198,34,Male,Married,University,Employed,118,Current,2,46673,16,8,9,1,0.85,1,0,1,1,0
CUST1849,39,Male,Married,None,Employed,179,Savings,2,119206,13,11,14,0,1,2,1,1,0,0
CUST0866,18,Male,Married,Secondary,Employed,110,Savings,1,186494,23,6,8,0,0.9,0,0,0,0,0
CUST2719,30,Male,Single,University,Self-employed,141,Savings,2,434680,16,11,9,0,0.67,1,0,1,0,0
CUST0607,50,Female,Married,Secondary,Employed,21,Savings,1,91528,12,7,19,0,0.76,3,0,1,1,1
CUST1643,38,Female,Married,Secondary,Self-employed,103,Current,2,32612,17,11,5,0,0.73,0,1,0,1,0
CUST0027,49,Female,Single,Secondary,Employed,34,Savings,4,123145,23,10,14,0,0.58,2,0,0,1,1
CUST2276,32,Male,Married,Secondary,Employed,9,Current,2,2140,21,6,4,0,0.64,1,1,0,0,1
CUST1155,25,Male,Single,Secondary,Employed,153,Savings,1,12078,20,11,16,0,0.53,3,1,0,0,0
CUST0938,26,Male,Married,Secondary,Employed,80,Savings,2,363079,14,11,3,1,0.79,0,1,1,0,0
CUST2190,35,Female,Single,Secondary,Self-employed,28,Savings,3,27635,12,5,6,1,0.66,0,1,1,1,1
CUST2737,22,Male,Married,Secondary,Unemployed,2,Savings,1,183544,14,6,3,0,0.78,2,1,0,1,1
CUST2914,47,Female,Married,Primary,Self-employed,7,Savings,2,17418,13,13,12,1,0.84,0,1,0,0,0
CUST1421,38,Female,Single,None,Employed,119,Savings,1,174253,14,9,12,0,0.95,0,0,0,0,0
CUST1039,32,Male,Married,Secondary,Unemployed,148,Savings,3,131743,23,7,11,1,0.85,0,1,0,1,0
CUST2590,48,Female,Married,University,Employed,96,Savings,4,45748,15,6,12,1,0.67,0,1,1,0,0
CUST0915,37,Female,Married,Primary,Self-employed,165,Fixed Deposit,2,96459,13,12,13,0,0.85,1,1,0,0,0
CUST2475,32,Male,Single,Secondary,Self-employed,27,Savings,4,889576,19,3,11,0,0.64,1,0,0,0,0
CUST1991,18,Female,Married,None,Self-employed,86,Savings,4,183190,18,7,8,1,0.84,1,1,1,0,1
CUST2331,21,Male,Divorced,Primary,Self-employed,16,Current,1,29066,10,9,8,0,0.96,1,1,1,0,0
CUST0418,30,Female,Married,University,Employed,178,Current,1,229481,17,9,10,0,0.68,1,1,1,1,0
CUST1040,31,Male,Married,Primary,Self-employed,78,Savings,1,383400,18,7,12,1,0.71,0,1,1,1,0
CUST0420,37,Female,Married,None,Employed,135,Savings,3,150211,16,10,9,1,0.79,4,1,0,0,0
CUST2444,22,Female,Married,Secondary,Employed,95,Current,2,7064,17,16,11,0,0.67,1,1,0,0,0
CUST2514,18,Male,Married,Secondary,Self-employed,73,Current,1,1821,12,6,10,0,0.75,2,1,0,0,1
CUST2311,28,Male,Married,Primary,Employed,17,Savings,1,30299,19,8,11,0,0.83,1,0,0,0,1
CUST2840,49,Male,Divorced,Secondary,Employed,79,Savings,1,30311,22,13,10,0,0.64,0,0,0,0,0
CUST0150,28,Male,Single,University,Self-employed,111,Fixed Deposit,3,143781,13,7,6,0,0.61,1,0,0,0,0
CUST2752,37,Male,Married,None,Self-employed,138,Fixed Deposit,1,130164,17,6,14,0,0.95,0,0,0,1,0
CUST0380,34,Male,Single,None,Self-employed,46,Current,4,120879,18,11,13,2,0.79,1,1,1,0,0
CUST2841,28,Female,Single,Secondary,Employed,94,Savings,2,143837,20,8,6,0,0.74,2,0,0,0,0
CUST1619,25,Female,Married,University,Employed,54,Fixed Deposit,3,14260,7,10,8,0,0.74,0,1,0,0,0
CUST2572,28,Male,Married,Secondary,Employed,56,Savings,1,56490,19,7,12,0,0.67,2,1,0,0,0
CUST1922,24,Male,Married,Secondary,Self-employed,126,Savings,2,8077,23,4,16,0,0.85,0,1,0,0,0
CUST0972,44,Male,Married,Secondary,Employed,83,Savings,1,58678,17,8,10,1,0.81,3,1,0,0,0
CUST0947,35,Male,Married,Primary,Self-employed,145,Savings,1,189270,12,6,12,0,0.73,1,1,1,0,1
CUST2892,36,Male,Single,Secondary,Self-employed,139,Savings,1,52240,16,15,9,0,0.83,1,1,0,0,0
CUST1639,34,Male,Married,Secondary,Self-employed,142,Current,1,174823,16,5,11,0,0.99,0,0,0,0,0
CUST2044,33,Male,Married,None,Self-employed,77,Current,3,465798,19,7,11,0,0.91,0,1,1,0,0
CUST1206,37,Female,Single,Secondary,Self-employed,81,Savings,3,57670,17,10,11,0,0.61,1,0,1,0,0
CUST0490,36,Male,Married,University,Employed,106,Savings,2,186311,14,9,7,1,0.97,3,0,1,0,1
CUST2539,31,Male,Single,Primary,Self-employed,45,Fixed Deposit,1,38973,16,14,11,0,0.58,2,1,0,0,0
CUST2997,47,Male,Married,Secondary,Employed,63,Fixed Deposit,4,198005,13,9,6,0,0.73,1,0,0,0,1
CUST2055,45,Male,Married,Primary,Employed,6,Savings,1,95043,18,13,7,0,0.62,1,1,0,0,0
CUST1870,32,Female,Married,Secondary,Employed,118,Current,3,1385,15,1,7,0,0.87,4,0,0,1,0
CUST0393,35,Female,Married,None,Unemployed,167,Fixed Deposit,1,143030,15,5,5,0,0.55,0,1,1,1,0
CUST2740,35,Male,Single,University,Self-employed,98,Savings,1,99067,18,8,10,0,0.92,0,1,0,1,1
CUST1625,40,Female,Single,None,Employed,150,Current,1,32478,21,10,10,0,0.86,0,1,0,0,0
CUST0171,45,Male,Married,Secondary,Self-employed,70,Savings,2,154666,11,6,12,0,0.72,0,1,0,0,1
CUST1372,24,Female,Married,Secondary,Employed,22,Current,3,3892,15,9,20,0,0.99,0,1,0,0,0
CUST0529,32,Female,Single,Secondary,Employed,173,Savings,1,92422,12,2,8,0,0.92,1,1,0,0,1
CUST1673,20,Female,Single,Secondary,Employed,44,Savings,1,117619,15,3,7,0,0.86,2,1,1,1,0
CUST0653,30,Male,Married,Primary,Self-employed,169,Savings,2,37822,15,10,13,0,0.83,0,1,1,0,0
CUST0201,38,Female,Married,Secondary,Employed,127,Fixed Deposit,2,117641,17,16,7,1,0.81,1,1,1,0,1
CUST1434,33,Female,Married,Primary,Self-employed,81,Fixed Deposit,4,81526,17,8,13,0,0.85,1,1,0,0,0
CUST2217,25,Female,Married,University,Employed,22,Fixed Deposit,1,26937,15,10,13,0,0.88,2,1,0,1,0
CUST2938,35,Female,Married,Primary,Employed,29,Savings,2,363774,16,10,15,1,0.91,1,1,0,0,1
CUST2785,30,Female,Single,Secondary,Self-employed,56,Savings,3,65953,12,6,7,0,0.83,3,1,0,0,1
CUST2373,34,Male,Married,Primary,Employed,78,Savings,2,195112,5,5,9,1,0.72,0,1,0,0,0
CUST1987,31,Female,Married,Secondary,Self-employed,92,Fixed Deposit,1,116152,11,9,8,0,0.9,2,1,0,0,1
CUST2859,28,Female,Married,Secondary,Self-employed,71,Fixed Deposit,2,255084,16,4,8,0,0.68,0,0,0,0,0
CUST1263,47,Male,Married,Secondary,Self-employed,133,Current,2,96101,12,12,11,0,0.52,0,1,0,0,0
CUST0927,18,Female,Married,University,Unemployed,143,Savings,2,26528,16,4,8,0,0.97,2,1,0,1,0
CUST0274,35,Female,Married,Secondary,Self-employed,152,Savings,2,178479,17,8,4,0,0.54,1,1,0,0,0
CUST0818,39,Male,Single,Secondary,Employed,35,Current,4,20051,16,7,6,1,0.76,3,1,0,0,0
CUST2146,31,Male,Married,University,Employed,160,Savings,2,28180,13,6,7,1,0.73,0,1,0,0,1
CUST1949,34,Male,Married,Primary,Employed,141,Savings,4,132464,17,11,13,0,0.58,1,1,1,0,1
CUST2916,35,Male,Married,University,Employed,8,Savings,2,266372,8,12,9,0,0.96,3,1,0,0,0
CUST0391,36,Male,Single,Primary,Unemployed,106,Current,1,44523,9,7,10,0,0.88,0,1,1,0,0
CUST2578,35,Male,Single,Primary,Employed,45,Fixed Deposit,3,57090,14,8,5,0,0.5,2,1,1,0,0
CUST0931,20,Female,Married,Primary,Employed,88,Savings,2,50059,20,7,12,0,0.88,3,1,1,0,0
CUST0826,53,Male,Married,Secondary,Employed,80,Current,2,142666,16,13,9,0,0.74,1,1,0,0,0
CUST2584,37,Male,Married,Primary,Employed,48,Savings,1,90866,20,9,7,0,0.81,1,1,0,0,1
CUST0082,32,Male,Married,Primary,Employed,96,Current,3,47417,22,8,14,0,0.66,1,0,0,0,0
CUST0512,25,Male,Married,Secondary,Self-employed,117,Savings,2,145796,12,5,12,0,0.86,0,0,0,0,0
CUST2389,44,Female,Single,Secondary,Employed,158,Savings,2,171922,17,6,12,1,0.93,1,0,1,0,0
CUST0307,37,Male,Married,None,Self-employed,142,Savings,2,124141,9,3,12,0,0.57,0,1,0,0,0
CUST0064,40,Male,Married,Primary,Employed,33,Current,2,254165,15,5,10,0,0.87,0,1,0,0,1
CUST2923,38,Male,Married,Primary,Employed,156,Current,3,1547,10,4,9,0,0.92,2,0,1,0,0
CUST0345,45,Male,Married,Primary,Employed,180,Fixed Deposit,1,112301,24,11,7,1,0.51,1,0,1,1,0
CUST1567,40,Female,Married,Secondary,Employed,113,Savings,1,238533,14,11,7,1,0.85,1,0,1,0,0
CUST0234,35,Male,Married,Secondary,Employed,129,Current,2,138038,29,4,9,0,0.59,0,1,0,0,0
CUST0372,34,Female,Married,Primary,Self-employed,10,Savings,2,261111,10,6,13,0,0.53,1,1,0,0,1
CUST1666,43,Male,Single,Primary,Employed,175,Savings,3,161143,14,11,10,0,0.51,2,0,1,0,0
CUST0382,37,Female,Single,Primary,Employed,54,Savings,4,403429,14,10,8,0,0.62,0,0,0,0,1
CUST0898,31,Female,Single,University,Employed,100,Savings,2,165725,14,11,14,0,0.8,2,1,0,0,1
CUST1478,42,Female,Married,University,Self-employed,143,Current,2,54817,11,8,15,1,0.66,1,1,0,0,1
CUST1162,31,Male,Single,Secondary,Employed,28,Savings,2,99665,15,8,10,0,0.52,2,1,0,0,1
CUST2729,21,Male,Single,Secondary,Self-employed,100,Current,3,20652,24,10,9,1,0.5,1,0,1,0,0
CUST1413,57,Male,Married,University,Self-employed,94,Savings,1,192529,18,8,10,1,0.67,5,1,0,0,0
CUST1721,33,Male,Married,Primary,Employed,18,Current,4,129376,12,11,8,1,0.69,3,0,1,0,1
CUST1098,32,Female,Married,Primary,Employed,93,Fixed Deposit,1,40813,14,6,8,0,0.98,0,1,0,0,0
CUST2659,54,Female,Single,Secondary,Self-employed,129,Savings,2,20286,12,6,14,1,0.59,1,1,0,0,0
CUST2808,51,Female,Single,Primary,Employed,142,Savings,2,148847,11,7,16,0,0.98,1,1,0,0,1
CUST2789,18,Female,Married,None,Employed,168,Savings,1,60541,11,12,8,0,0.77,4,0,1,0,0
CUST0498,33,Female,Single,Secondary,Self-employed,69,Fixed Deposit,3,353891,13,8,8,0,0.86,2,0,0,0,1
CUST0204,18,Female,Single,Secondary,Employed,64,Savings,1,165873,23,8,10,0,0.51,0,1,0,0,0
CUST2113,29,Male,Married,University,Employed,96,Current,2,260158,18,6,11,0,0.58,1,1,0,0,0
CUST2193,33,Male,Married,Secondary,Self-employed,18,Savings,1,149577,16,13,12,0,0.98,2,1,0,0,1
CUST1551,33,Female,Single,Secondary,Self-employed,134,Savings,2,76775,14,9,15,0,0.99,1,0,0,0,1
CUST0723,22,Male,Single,Secondary,Employed,101,Savings,1,53055,11,11,13,0,0.66,0,1,0,0,0
CUST2636,31,Male,Divorced,None,Employed,119,Savings,2,281205,18,6,11,0,0.76,2,1,1,0,0
CUST2435,33,Male,Married,Primary,Employed,38,Savings,4,118038,16,12,14,0,0.68,0,1,1,1,1
CUST0103,25,Female,Divorced,Secondary,Unemployed,169,Current,2,436573,15,5,7,0,0.72,0,1,0,0,1
CUST2991,32,Female,Single,University,Self-employed,117,Savings,3,519729,19,7,13,0,0.92,1,1,0,0,0
CUST1071,23,Male,Married,Primary,Self-employed,137,Savings,3,296630,22,5,8,0,0.58,1,0,1,0,1
CUST2715,18,Female,Married,Secondary,Employed,128,Current,1,142885,16,7,6,0,0.51,1,1,0,0,0
CUST2216,34,Female,Married,Primary,Self-employed,76,Savings,2,32968,11,11,9,0,0.85,1,1,0,0,0
CUST1761,33,Female,Single,None,Employed,179,Fixed Deposit,2,282358,11,10,17,1,0.66,3,1,0,1,1
CUST2321,19,Male,Married,Primary,Employed,156,Current,2,252762,18,13,5,1,0.7,0,0,1,0,0
CUST2056,40,Male,Married,Secondary,Self-employed,117,Fixed Deposit,1,16823,17,8,11,1,0.68,1,1,1,1,0
CUST2196,45,Male,Single,Secondary,Employed,102,Savings,1,252037,8,6,9,0,0.85,3,1,0,0,0
CUST2399,37,Male,Married,Primary,Employed,69,Current,1,20745,10,7,8,0,0.74,1,1,0,0,0
CUST0905,38,Male,Married,Secondary,Self-employed,125,Current,2,529617,11,10,14,1,0.55,1,1,0,0,0
CUST1583,34,Male,Single,Primary,Self-employed,82,Savings,4,810641,13,16,18,0,0.64,4,1,0,0,0
CUST2367,32,Female,Married,Secondary,Employed,67,Savings,1,547571,13,6,8,0,0.62,3,0,0,0,0
CUST0051,40,Female,Married,Secondary,Self-employed,165,Current,4,28621,10,9,15,0,0.5,1,1,0,0,0
CUST2090,29,Female,Married,Secondary,Employed,7,Savings,2,30603,22,8,7,0,0.55,1,1,0,0,0
CUST2258,43,Male,Single,None,Employed,156,Fixed Deposit,2,468089,9,10,14,0,0.73,1,1,1,1,0
CUST2874,32,Female,Single,Secondary,Self-employed,179,Savings,4,13107,19,9,16,0,0.8,2,0,0,0,1
CUST1961,42,Female,Married,Secondary,Employed,155,Current,4,186799,18,7,11,0,0.74,1,1,0,1,0
CUST2917,56,Female,Married,None,Unemployed,40,Savings,1,104622,14,6,12,0,0.66,0,1,1,1,1
CUST0856,35,Male,Married,Primary,Employed,86,Current,2,429953,13,13,11,0,0.84,1,1,0,0,1
CUST2661,28,Female,Married,Primary,Employed,99,Current,2,128622,10,6,15,0,0.84,1,0,0,0,0
CUST1226,45,Male,Single,Secondary,Unemployed,25,Current,3,252513,16,6,9,0,0.51,1,1,1,0,0
CUST2770,30,Male,Married,Primary,Employed,179,Savings,1,5198,14,6,5,0,0.7,0,1,0,0,0
CUST0575,41,Male,Married,University,Self-employed,21,Savings,3,50341,17,7,11,0,0.78,1,1,1,0,0
CUST2131,30,Female,Married,None,Employed,173,Current,2,386798,17,9,7,0,0.7,2,1,0,0,0
CUST2387,35,Female,Married,University,Self-employed,150,Current,3,142013,15,12,10,1,0.95,0,1,1,0,0
CUST1783,37,Female,Single,Primary,Employed,168,Fixed Deposit,2,142751,17,7,10,0,0.66,2,0,0,0,0
CUST1227,31,Male,Married,Secondary,Employed,52,Current,2,102977,24,5,9,0,0.84,1,1,1,0,0
CUST0894,52,Male,Married,University,Self-employed,141,Savings,3,266673,14,8,10,0,0.91,2,0,1,0,1
CUST2932,32,Female,Married,Secondary,Self-employed,41,Savings,1,221078,20,12,10,0,0.72,3,1,0,1,1
CUST2593,35,Male,Single,None,Self-employed,133,Savings,1,212458,19,6,11,0,0.61,1,0,0,0,0
CUST0309,42,Female,Married,University,Employed,167,Current,4,20044,14,9,7,0,0.53,1,1,0,0,0
CUST0361,42,Female,Single,Secondary,Self-employed,2,Fixed Deposit,1,688,13,4,7,1,0.97,3,0,1,1,1
CUST2295,36,Female,Married,Secondary,Employed,45,Fixed Deposit,2,106210,11,7,10,0,0.68,0,1,0,1,1
CUST2368,34,Female,Single,Secondary,Employed,50,Savings,2,453734,9,6,10,0,0.81,2,1,1,0,0
CUST1734,45,Female,Married,Secondary,Unemployed,9,Savings,1,122175,18,9,12,2,0.86,1,0,1,0,0
CUST1711,38,Male,Married,Primary,Employed,140,Fixed Deposit,4,58032,13,10,8,0,0.96,0,1,1,0,1
CUST0689,45,Male,Single,Secondary,Unemployed,17,Current,1,640511,12,7,4,0,0.6,2,0,1,0,1
CUST1352,30,Female,Single,University,Employed,168,Savings,1,20496,10,9,10,1,0.57,2,1,0,1,0
CUST2253,56,Male,Divorced,University,Employed,173,Savings,1,228786,13,9,8,1,0.75,1,1,0,0,0
CUST1562,51,Female,Married,Primary,Employed,47,Savings,3,95762,8,9,10,0,0.91,3,0,0,1,1
CUST1838,26,Female,Single,University,Employed,114,Savings,1,251567,10,8,15,0,0.81,2,0,0,0,1
CUST1717,32,Male,Married,None,Employed,48,Savings,1,108785,14,12,11,1,0.75,0,1,0,0,0
CUST1448,28,Female,Single,Secondary,Employed,118,Savings,4,61012,15,7,11,0,0.6,1,1,1,0,0
CUST0066,48,Male,Single,Secondary,Unemployed,153,Savings,1,12317,15,9,14,0,0.63,2,1,0,1,0
CUST2637,38,Male,Single,Secondary,Employed,129,Savings,3,170410,17,14,7,0,0.54,1,1,0,0,1
CUST2315,37,Female,Married,Primary,Unemployed,165,Current,4,310528,14,11,13,0,0.77,2,1,0,1,0
CUST1963,27,Male,Married,Primary,Employed,74,Savings,1,56091,19,7,14,0,0.55,0,1,0,0,0
CUST1143,53,Female,Divorced,University,Self-employed,167,Current,4,150252,17,5,12,0,0.79,1,1,0,0,0
CUST0156,47,Female,Single,Primary,Employed,113,Current,4,1700,16,9,17,0,0.94,1,1,0,0,0
CUST2129,39,Female,Married,University,Unemployed,53,Savings,4,44753,17,9,8,0,0.74,0,1,0,0,0
CUST0348,52,Female,Single,Secondary,Employed,116,Savings,1,377316,12,7,8,0,0.82,1,1,0,1,1
CUST0949,37,Female,Married,Primary,Employed,113,Savings,3,26573,14,4,11,0,0.94,1,1,0,0,1
CUST2657,31,Female,Single,Primary,Employed,105,Savings,2,163567,14,3,7,0,0.9,0,1,0,0,0
CUST2997,18,Female,Married,Secondary,Employed,154,Current,2,242693,17,10,7,0,0.75,1,1,0,0,0
CUST1075,26,Female,Married,University,Employed,42,Savings,4,96786,23,4,6,0,0.68,0,1,0,1,0
CUST1751,18,Female,Married,Secondary,Employed,102,Savings,3,26675,27,7,10,0,0.92,0,0,0,0,0
CUST1734,18,Female,Married,Secondary,Employed,132,Fixed Deposit,2,51492,13,9,14,1,0.5,0,1,0,1,0
CUST2340,18,Female,Married,Secondary,Employed,21,Savings,3,42963,12,6,8,0,0.88,1,1,0,0,1
CUST0737,29,Female,Married,University,Self-employed,132,Savings,1,159759,17,7,9,0,0.86,1,1,1,0,0
CUST0854,38,Female,Married,Secondary,Employed,56,Current,1,158950,13,5,13,0,0.67,0,0,1,1,0
CUST0948,26,Female,Married,Primary,Employed,31,Savings,3,632634,9,7,10,0,0.73,0,1,0,0,0
CUST1256,37,Male,Married,University,Self-employed,39,Savings,4,295490,18,13,11,0,0.92,2,1,0,0,0
CUST1154,24,Female,Married,University,Self-employed,156,Current,2,97908,19,12,8,0,0.97,1,1,1,0,0
CUST2775,48,Male,Married,Primary,Employed,177,Current,3,184503,14,11,14,0,0.68,1,1,0,0,1
CUST0704,22,Male,Married,None,Employed,10,Savings,2,327575,14,10,16,1,0.66,0,1,1,0,0
CUST0455,46,Female,Married,Secondary,Employed,125,Current,1,52657,17,9,6,0,0.8,1,0,0,0,0
CUST2377,33,Male,Single,Secondary,Employed,101,Savings,3,2427,16,9,12,1,0.54,2,1,1,0,0
CUST1944,22,Female,Divorced,University,Employed,42,Current,2,218958,15,11,17,0,0.8,2,1,0,0,1
CUST2350,40,Female,Single,University,Employed,159,Savings,3,62579,22,8,15,0,0.65,2,1,0,1,0
CUST2477,49,Female,Married,None,Self-employed,153,Fixed Deposit,2,224434,18,6,17,1,0.67,1,1,1,0,0
CUST1770,33,Male,Single,Secondary,Self-employed,8,Current,4,126100,13,5,11,0,0.94,1,0,1,0,0
CUST0682,41,Male,Married,University,Employed,6,Current,2,153371,15,8,6,0,0.79,1,0,0,0,0
CUST1248,35,Female,Single,None,Employed,43,Fixed Deposit,1,486873,13,9,9,2,0.82,2,0,0,0,1
CUST0804,37,Male,Married,University,Self-employed,63,Savings,1,610457,17,8,15,1,0.8,0,1,0,0,0
CUST0523,32,Male,Single,Primary,Employed,165,Current,1,107246,10,7,7,0,0.51,2,1,0,1,0
CUST2220,30,Female,Single,None,Employed,55,Savings,2,122205,18,9,8,0,0.84,1,0,0,0,1
CUST0062,26,Male,Married,None,Self-employed,102,Fixed Deposit,2,28976,13,2,9,0,0.67,2,1,0,0,0
CUST2557,36,Male,Married,University,Employed,93,Current,2,356890,22,11,12,0,0.83,2,0,0,0,0
CUST2360,26,Female,Married,Secondary,Employed,35,Savings,2,242668,11,7,7,0,0.82,0,1,0,0,0
CUST2518,40,Male,Single,None,Unemployed,37,Savings,3,181335,14,14,9,0,0.69,0,1,0,0,1
CUST1483,34,Female,Single,Secondary,Unemployed,150,Savings,2,9467,13,8,15,0,0.57,0,1,0,0,0
CUST0894,18,Female,Single,University,Self-employed,113,Current,2,87630,14,6,11,0,0.54,0,1,1,1,0
CUST0369,18,Male,Single,Secondary,Self-employed,174,Savings,1,536972,17,9,4,0,0.52,1,0,1,0,0
CUST0678,18,Female,Single,None,Employed,9,Savings,3,122881,20,12,11,0,0.64,2,1,1,0,0
CUST1212,23,Male,Single,Primary,Employed,165,Current,1,65272,11,9,12,0,0.89,0,1,1,0,0
CUST2765,29,Female,Married,Secondary,Self-employed,54,Current,1,263279,16,5,6,0,0.79,0,1,0,0,1
CUST1261,39,Male,Single,Primary,Self-employed,9,Current,1,123582,17,7,8,0,0.96,1,1,0,0,0
CUST2302,22,Female,Married,Primary,Unemployed,105,Current,2,48721,19,10,11,0,0.63,3,0,1,0,0
CUST2945,18,Male,Single,None,Self-employed,163,Savings,1,175601,12,7,10,1,0.75,0,1,1,0,0
CUST2281,38,Female,Single,Primary,Self-employed,57,Current,2,137138,8,8,9,2,0.97,0,1,0,0,0
CUST0491,37,Male,Married,None,Employed,116,Savings,1,38516,17,7,7,0,0.57,3,1,0,0,1
CUST0495,27,Male,Married,Primary,Self-employed,157,Savings,4,78888,22,10,4,0,1,1,1,0,0,1
CUST0403,37,Female,Single,Primary,Unemployed,32,Savings,1,155221,10,6,6,0,0.78,3,0,0,1,0
CUST0329,32,Male,Married,Primary,Employed,153,Savings,3,41035,18,7,11,0,0.7,0,0,0,0,0
CUST0852,51,Female,Married,None,Employed,119,Current,2,7833,18,4,7,0,0.63,0,1,0,0,0
CUST1641,33,Male,Single,University,Unemployed,163,Savings,1,10958,20,3,7,0,0.8,2,1,0,0,0
CUST2254,24,Male,Married,University,Self-employed,170,Savings,3,271477,16,9,7,0,0.74,0,0,0,1,1
CUST2552,43,Female,Single,Secondary,Employed,51,Savings,1,723080,15,7,5,0,0.92,0,1,0,0,0
CUST1989,44,Female,Married,None,Unemployed,146,Savings,4,212822,15,6,11,0,0.84,0,0,1,1,0
CUST2974,44,Female,Divorced,Primary,Employed,151,Savings,4,78067,17,11,7,0,0.82,0,1,0,1,0
CUST2903,43,Female,Single,Secondary,Employed,125,Savings,1,31119,7,6,8,0,0.97,1,1,1,0,0
CUST2082,21,Female,Married,University,Employed,68,Current,1,85074,21,7,4,0,0.85,1,1,0,0,0
CUST0030,39,Male,Divorced,Secondary,Employed,108,Savings,4,188324,12,9,7,1,0.55,1,1,1,1,1
CUST0860,23,Male,Married,Primary,Self-employed,25,Current,3,568153,14,12,5,1,0.55,0,1,0,0,1
CUST2705,35,Female,Married,Secondary,Employed,35,Current,4,85567,14,7,15,0,0.59,1,1,1,0,0
CUST1196,35,Female,Married,Secondary,Employed,23,Fixed Deposit,1,61653,17,10,6,0,0.53,1,1,0,0,0
CUST0796,35,Female,Divorced,Secondary,Self-employed,31,Savings,3,65884,9,9,8,0,0.62,1,1,1,1,0
CUST0457,28,Male,Married,None,Employed,109,Fixed Deposit,2,258707,18,10,10,0,0.88,2,1,0,0,1
CUST0527,28,Female,Married,University,Employed,106,Current,1,182479,11,12,11,0,0.86,2,0,0,0,0
CUST1845,28,Female,Single,Primary,Employed,87,Savings,2,59111,18,3,14,0,0.94,0,1,0,0,0
CUST0693,47,Male,Married,Primary,Employed,178,Fixed Deposit,1,116137,23,9,3,0,0.51,0,1,1,0,0
CUST1720,21,Male,Single,None,Employed,40,Current,4,171112,23,10,3,0,0.97,2,1,0,0,0
CUST0901,18,Female,Single,Primary,Employed,125,Current,1,101869,14,7,11,0,0.51,0,0,0,0,0
CUST2592,42,Female,Married,Secondary,Unemployed,121,Savings,3,10433,13,7,11,0,0.91,2,0,0,0,0
CUST1082,31,Female,Married,Primary,Self-employed,164,Fixed Deposit,1,79685,18,10,9,0,0.91,1,0,0,0,1
CUST2337,32,Male,Married,Secondary,Employed,5,Savings,1,154687,24,7,13,0,0.82,0,1,1,0,0
CUST2255,51,Female,Married,Secondary,Employed,90,Current,4,210366,14,5,10,0,0.94,1,0,1,0,1
CUST2198,18,Female,Married,Secondary,Employed,78,Savings,2,151493,20,8,10,1,0.76,0,0,1,0,0
CUST1907,26,Male,Single,Secondary,Employed,82,Savings,1,9833,20,8,10,0,0.69,0,1,0,0,0
CUST2882,34,Female,Married,Secondary,Employed,149,Savings,1,15603,17,4,6,0,0.91,2,1,0,0,0
CUST0311,41,Female,Married,University,Employed,108,Savings,3,26844,9,2,5,0,0.55,2,1,0,0,1
CUST0901,45,Male,Married,Secondary,Unemployed,72,Savings,1,194693,8,6,10,0,0.58,1,0,0,0,0
CUST0913,49,Female,Married,Secondary,Unemployed,165,Savings,1,298816,9,12,15,0,0.7,1,0,1,1,0
CUST2516,38,Male,Married,Secondary,Self-employed,51,Savings,1,212567,11,8,13,1,0.84,0,1,1,0,1
CUST2107,41,Female,Married,University,Employed,152,Current,1,13490,14,5,12,0,0.87,0,1,0,0,0
CUST0762,41,Female,Single,Secondary,Self-employed,11,Current,2,397899,15,10,12,0,0.91,1,1,1,1,0
CUST0649,48,Male,Single,Primary,Employed,146,Fixed Deposit,1,333701,12,10,16,0,0.7,1,1,1,0,1
CUST2290,36,Male,Single,None,Self-employed,53,Savings,4,178723,15,6,9,0,0.67,1,1,1,0,0
CUST2945,40,Male,Married,Primary,Self-employed,136,Current,1,277203,18,5,9,0,0.6,2,1,0,0,0
CUST0259,35,Female,Single,None,Self-employed,80,Savings,1,383683,16,11,4,1,0.54,3,0,1,0,0
CUST1504,41,Female,Single,Secondary,Employed,17,Current,3,82516,18,13,14,0,0.65,2,1,0,0,0
CUST0011,45,Male,Married,Secondary,Employed,7,Current,2,225303,11,1,16,0,0.82,0,1,1,1,0
CUST1713,35,Male,Married,Secondary,Unemployed,69,Fixed Deposit,1,34528,16,7,11,0,0.66,1,1,0,1,0
CUST2974,29,Male,Married,Primary,Self-employed,176,Savings,1,37175,13,7,11,0,0.7,1,1,0,0,0
CUST2405,24,Female,Married,Secondary,Employed,131,Savings,1,122206,12,6,6,0,0.98,1,1,0,0,0
CUST1309,22,Female,Married,Primary,Unemployed,32,Savings,3,553391,15,9,15,0,0.95,1,1,0,0,0
CUST2728,24,Female,Single,University,Employed,94,Savings,2,247428,15,6,7,0,0.7,2,0,1,0,0
CUST2959,35,Female,Single,Secondary,Employed,28,Savings,1,101062,10,4,7,0,0.76,5,1,1,0,0
CUST2517,22,Male,Married,Primary,Employed,105,Savings,3,35459,14,8,8,1,0.54,1,0,0,0,0
CUST2191,18,Female,Single,Secondary,Unemployed,111,Current,1,97347,10,12,15,0,0.86,0,1,1,1,0
CUST1426,51,Male,Single,None,Employed,158,Savings,1,28045,17,9,9,0,0.53,1,1,0,0,0
CUST2687,46,Male,Single,Secondary,Unemployed,3,Savings,4,132813,16,13,12,0,0.92,0,1,1,0,0
CUST2930,35,Male,Married,Primary,Employed,9,Current,1,67203,11,6,10,2,0.62,2,0,1,0,0
CUST1078,38,Female,Single,Primary,Employed,73,Savings,2,200555,17,9,9,0,0.82,1,1,0,0,0
CUST1053,36,Female,Married,Secondary,Self-employed,85,Current,4,65262,19,8,16,0,0.74,1,1,1,0,1
CUST0863,38,Male,Single,None,Self-employed,142,Current,1,364970,17,11,17,0,0.72,1,0,1,0,0
CUST2633,33,Male,Single,Primary,Employed,134,Savings,1,32343,13,9,9,1,0.72,3,1,0,0,0
CUST0752,42,Female,Married,None,Employed,101,Current,1,152087,15,8,13,0,0.72,1,0,0,0,1
CUST2422,42,Male,Married,University,Self-employed,130,Current,2,22233,14,7,7,0,0.7,0,1,0,0,0
CUST2243,55,Male,Married,Primary,Self-employed,50,Current,3,157707,17,10,9,0,0.75,1,1,0,0,1
CUST2412,42,Female,Married,University,Unemployed,44,Savings,2,15866,13,7,14,0,0.66,1,1,1,0,0
CUST1555,58,Female,Divorced,Primary,Employed,24,Savings,2,228026,16,6,10,0,0.73,1,1,0,0,0
CUST1605,43,Male,Married,None,Employed,7,Fixed Deposit,3,531177,23,5,14,0,0.73,0,0,0,0,0
CUST2424,52,Male,Married,Secondary,Employed,95,Current,2,70306,15,7,8,0,0.71,1,1,1,1,1
CUST2601,40,Male,Married,Primary,Self-employed,160,Savings,4,43202,7,8,7,0,0.85,3,0,0,0,0
CUST0213,36,Male,Single,Primary,Self-employed,100,Current,2,79327,18,4,10,2,0.82,0,1,0,0,1
CUST0892,39,Male,Married,Secondary,Employed,172,Savings,3,500,11,3,17,0,0.57,0,1,0,0,0
CUST1029,50,Male,Married,University,Employed,160,Savings,1,33348,8,8,11,0,0.84,1,0,1,0,0
CUST1969,41,Female,Single,University,Self-employed,57,Current,1,66672,16,9,8,0,0.84,0,0,0,0,1
CUST1670,43,Female,Married,Primary,Self-employed,155,Savings,2,143323,9,10,5,0,0.77,2,0,0,0,0
CUST1209,18,Female,Married,Secondary,Self-employed,118,Savings,2,114300,17,11,9,0,0.51,2,1,1,0,0
CUST0128,32,Female,Married,None,Unemployed,149,Savings,3,66140,12,5,25,1,0.74,1,1,0,0,0
CUST1639,39,Female,Single,Secondary,Employed,104,Savings,4,169140,13,5,14,0,0.56,1,1,1,1,0
CUST2621,32,Female,Single,Secondary,Self-employed,157,Current,1,73754,14,2,10,0,0.54,1,1,0,0,0
CUST0637,38,Male,Single,Secondary,Employed,72,Savings,2,13484,11,2,9,0,0.79,1,0,1,0,1
CUST1619,45,Female,Married,None,Employed,162,Savings,3,190555,13,11,12,0,0.62,0,1,0,0,0
CUST2340,43,Female,Single,Primary,Self-employed,66,Current,2,199818,9,5,10,1,0.8,0,0,0,0,0
CUST2353,35,Female,Single,Primary,Employed,94,Savings,1,140497,18,8,6,0,0.62,1,1,0,1,0
CUST0801,43,Female,Divorced,Secondary,Employed,35,Current,2,30194,18,6,7,0,0.94,1,1,1,0,0
CUST1757,36,Male,Married,Primary,Employed,178,Savings,1,95000,17,7,8,0,0.83,0,1,0,0,0
CUST0438,49,Female,Single,University,Employed,2,Savings,1,54150,21,3,12,0,0.94,0,1,0,0,0
CUST1687,24,Male,Single,Primary,Self-employed,173,Savings,3,72339,10,5,12,0,0.56,1,1,1,0,0
CUST0063,56,Female,Married,None,Employed,167,Current,3,296234,12,9,10,0,0.54,0,1,0,0,0
CUST2395,20,Female,Married,None,Employed,156,Savings,1,56719,18,7,11,1,0.72,0,1,0,0,0
CUST2888,29,Female,Married,University,Employed,54,Savings,2,135358,9,5,6,1,0.86,1,1,0,1,1
CUST2877,40,Male,Single,None,Self-employed,1,Current,1,238581,11,5,14,1,0.93,1,0,0,0,1
CUST0586,55,Male,Single,Primary,Unemployed,128,Savings,1,223439,11,8,13,0,0.85,1,1,1,0,0
CUST0004,32,Female,Married,University,Employed,54,Savings,3,218833,15,9,15,0,0.63,0,0,0,0,0
CUST2620,41,Female,Married,Secondary,Employed,140,Current,2,113482,12,10,10,1,0.51,1,1,0,0,1
CUST2078,29,Female,Single,University,Self-employed,116,Current,1,403418,15,8,15,0,0.7,1,1,1,0,0
CUST2215,47,Male,Married,Secondary,Employed,114,Savings,2,69206,16,4,13,0,0.78,1,0,1,0,0
CUST2392,21,Female,Single,University,Employed,58,Fixed Deposit,2,2211,15,6,7,1,0.77,0,1,0,0,0
CUST0246,40,Male,Divorced,None,Employed,26,Current,1,114205,17,6,5,1,0.91,0,0,0,0,0
CUST0619,49,Female,Single,Secondary,Self-employed,113,Fixed Deposit,3,193362,18,3,7,0,0.84,0,1,0,1,1
CUST0222,45,Female,Divorced,Primary,Employed,45,Savings,1,112887,16,14,8,0,0.52,2,1,0,0,0
CUST2428,45,Male,Married,Primary,Employed,103,Savings,4,18249,23,7,4,0,0.85,0,1,0,0,0
CUST1001,37,Female,Married,University,Employed,149,Savings,3,41660,18,5,13,0,0.81,0,0,0,1,0
CUST1087,26,Female,Divorced,Secondary,Unemployed,99,Fixed Deposit,1,355869,11,8,9,0,0.96,0,0,0,0,0
CUST1080,49,Male,Married,Primary,Unemployed,119,Savings,4,135655,11,11,11,0,0.95,3,1,1,1,0
CUST2885,27,Male,Single,University,Unemployed,78,Current,2,312387,17,11,10,0,0.94,3,0,1,0,1
CUST2876,44,Female,Single,Primary,Employed,155,Current,2,292354,16,8,9,0,0.65,3,1,0,0,0
CUST2951,28,Male,Single,Secondary,Self-employed,5,Savings,3,112766,10,11,7,0,0.76,0,1,0,0,1
CUST1661,34,Female,Single,Primary,Employed,17,Savings,2,77410,15,5,16,0,0.97,1,1,0,1,0
CUST2008,28,Male,Single,University,Employed,79,Savings,3,12681,18,4,15,0,0.57,1,1,0,0,0
CUST2189,18,Male,Single,Primary,Employed,8,Current,2,126672,17,7,8,0,0.58,2,1,0,0,1
CUST0013,38,Male,Married,Primary,Employed,127,Current,4,240326,10,7,12,0,0.77,2,1,0,1,0
CUST1033,45,Male,Married,Primary,Employed,85,Savings,4,122607,9,9,13,0,0.76,0,0,0,0,0
CUST2611,39,Male,Single,University,Employed,72,Savings,2,142065,13,10,7,0,0.69,1,1,0,0,1
CUST0637,38,Male,Married,Primary,Employed,77,Fixed Deposit,2,91428,21,7,5,0,0.89,0,0,0,0,0
CUST2637,28,Male,Married,Secondary,Employed,46,Fixed Deposit,4,260423,9,7,10,0,0.54,1,1,1,1,0
CUST1695,52,Male,Single,Secondary,Employed,40,Savings,2,46013,13,6,11,0,0.5,2,1,0,0,0
CUST2390,27,Female,Married,Primary,Employed,56,Savings,4,19642,25,11,10,1,0.92,1,1,0,1,1
CUST1721,47,Male,Divorced,Secondary,Self-employed,169,Fixed Deposit,2,71548,17,5,9,1,0.54,1,1,0,0,0
CUST2836,51,Male,Single,Secondary,Unemployed,80,Savings,1,14434,18,6,14,0,0.76,1,0,1,0,0
CUST1365,45,Female,Married,Primary,Self-employed,62,Fixed Deposit,2,129359,19,8,8,0,0.63,0,1,0,1,0
CUST2991,19,Female,Married,University,Employed,23,Savings,1,15777,16,7,4,0,0.88,0,1,0,0,1
CUST2652,35,Female,Single,Primary,Self-employed,54,Fixed Deposit,1,175498,21,8,6,0,0.91,0,1,0,0,0
CUST0039,35,Female,Married,Secondary,Self-employed,173,Savings,2,310439,13,11,9,0,0.83,1,0,0,0,0
CUST0433,48,Female,Married,Secondary,Employed,2,Savings,1,49341,12,3,9,1,0.61,0,1,0,0,1
CUST2795,29,Female,Married,Secondary,Employed,121,Savings,2,372562,17,4,12,1,0.61,0,1,0,0,0
CUST1787,38,Male,Married,Primary,Employed,49,Savings,2,298094,13,8,12,1,0.61,0,0,0,0,0
CUST1019,35,Male,Single,Secondary,Employed,138,Current,1,63258,13,4,13,0,0.86,0,1,1,1,0
CUST2741,35,Female,Single,University,Employed,140,Savings,2,126925,24,6,8,1,0.69,0,1,1,1,1
CUST2684,37,Female,Married,Secondary,Employed,112,Savings,2,10934,13,10,5,0,0.76,2,1,0,0,0
CUST2639,36,Female,Single,Primary,Employed,18,Savings,1,55416,12,6,13,0,0.5,1,1,0,0,0
CUST0447,43,Female,Married,Primary,Unemployed,128,Current,3,289102,14,6,7,0,0.63,0,0,1,0,0
CUST0188,30,Male,Divorced,Primary,Employed,175,Savings,2,122734,10,5,11,0,0.63,0,1,1,0,0
CUST1566,55,Male,Divorced,Secondary,Employed,93,Current,2,145985,16,8,6,0,0.69,0,1,0,0,0
CUST2279,47,Male,Married,University,Self-employed,135,Savings,1,17705,15,5,13,1,0.82,2,0,0,1,1
CUST1444,35,Female,Married,University,Employed,105,Savings,2,171465,14,9,10,0,0.89,1,1,0,0,0
CUST2670,25,Female,Single,Secondary,Employed,137,Savings,2,131831,10,10,4,1,0.58,1,1,0,1,0
CUST1227,35,Female,Married,Secondary,Employed,120,Savings,3,52121,17,5,14,2,0.61,1,1,0,0,0
CUST1524,35,Female,Married,Secondary,Employed,78,Savings,2,144601,18,6,6,0,0.95,2,1,0,0,1
CUST1370,40,Female,Married,Secondary,Employed,50,Fixed Deposit,1,270268,16,10,8,0,0.57,1,1,0,0,0
CUST2636,34,Female,Divorced,University,Self-employed,125,Current,3,23457,14,8,10,0,0.6,2,0,0,1,0
CUST0114,22,Female,Single,Secondary,Self-employed,102,Savings,1,280168,17,8,13,0,0.53,1,0,0,0,0
CUST1026,51,Male,Married,Secondary,Employed,86,Savings,1,57273,13,8,10,0,0.87,2,1,0,0,0
CUST1500,28,Male,Married,Secondary,Unemployed,82,Savings,3,375397,15,8,15,0,0.53,0,0,0,0,0
CUST2484,26,Female,Married,Secondary,Employed,57,Savings,2,29027,20,8,4,1,0.62,1,0,0,0,0
CUST0991,18,Male,Married,University,Employed,24,Savings,3,59109,21,8,12,0,0.64,1,1,1,0,0
CUST0383,21,Male,Married,University,Unemployed,115,Savings,3,155552,8,3,3,0,0.74,1,0,0,0,0
CUST2847,23,Female,Divorced,Secondary,Self-employed,73,Current,2,104453,23,10,5,0,0.86,1,1,0,0,0
CUST0633,34,Male,Divorced,Primary,Employed,132,Current,2,116857,17,8,7,0,0.68,1,0,0,0,0
CUST1135,50,Female,Single,University,Employed,177,Current,2,49234,25,5,11,1,0.87,1,1,0,0,0
CUST1974,33,Male,Married,Secondary,Employed,93,Savings,1,54745,12,6,12,0,0.86,0,1,0,0,0
CUST1441,38,Female,Married,None,Self-employed,102,Savings,1,172395,16,6,7,0,0.65,0,1,0,0,0
CUST2641,34,Female,Single,Primary,Employed,153,Savings,3,185931,22,12,14,0,0.6,1,1,0,1,0
CUST0680,53,Male,Single,Primary,Employed,130,Current,2,71629,11,10,10,0,0.63,1,0,1,0,0
CUST2475,37,Female,Single,Primary,Employed,27,Savings,4,66189,10,6,7,0,0.86,1,1,0,0,1
CUST0216,40,Male,Single,Primary,Self-employed,43,Savings,2,64647,12,4,8,0,0.85,2,1,1,0,0
CUST0170,36,Male,Divorced,Secondary,Self-employed,76,Current,1,77499,13,5,6,0,0.95,1,1,0,1,0
CUST1590,25,Male,Married,Primary,Employed,72,Savings,4,244504,20,8,7,1,0.63,1,1,1,0,1
CUST1202,36,Male,Single,Primary,Employed,164,Current,1,216921,15,6,11,0,0.9,2,1,1,0,0
CUST2949,31,Female,Married,Primary,Employed,124,Current,2,32935,11,5,10,1,0.65,2,1,0,0,0
CUST1745,49,Male,Married,University,Employed,113,Current,1,32260,12,5,10,0,0.88,1,0,0,0,0
CUST1432,27,Female,Married,Primary,Self-employed,138,Savings,3,272336,11,12,9,0,0.95,0,1,0,0,0
CUST2332,36,Female,Married,Secondary,Unemployed,157,Fixed Deposit,1,426101,13,12,9,1,0.78,1,0,1,0,1
CUST2877,42,Female,Single,Secondary,Self-employed,56,Savings,1,78855,16,4,10,0,0.54,3,1,1,0,1
CUST1697,38,Female,Divorced,Secondary,Employed,141,Savings,3,57369,8,10,8,0,0.52,0,1,0,0,0
CUST1868,30,Female,Single,Secondary,Employed,86,Savings,1,14402,16,8,9,1,0.79,2,0,1,0,1
CUST0528,31,Female,Single,Secondary,Unemployed,74,Current,2,239093,16,7,7,1,0.69,1,1,0,1,0
CUST2169,47,Female,Single,University,Employed,163,Current,2,55227,12,7,9,0,0.54,0,1,1,0,0
CUST1844,30,Female,Married,Secondary,Self-employed,10,Savings,1,135087,12,8,12,0,0.61,1,0,0,1,1
CUST1508,40,Female,Married,Primary,Self-employed,75,Current,4,33556,13,9,15,1,0.62,1,1,0,0,0
CUST0245,45,Female,Divorced,Secondary,Unemployed,62,Current,3,49522,9,6,7,0,0.84,3,1,0,1,0
CUST2018,38,Female,Married,Primary,Self-employed,160,Savings,1,40485,14,9,9,0,0.69,2,1,0,0,0
CUST0338,19,Male,Single,University,Employed,179,Savings,2,6578,11,9,6,0,0.88,0,0,1,0,0
CUST1214,43,Male,Married,University,Employed,168,Savings,1,79615,21,6,12,0,0.6,0,1,1,0,0
CUST2183,51,Male,Married,None,Self-employed,34,Savings,3,54786,13,8,7,0,0.52,1,1,0,0,0
CUST0625,39,Female,Single,Primary,Employed,79,Savings,2,211547,17,8,7,0,0.74,0,1,1,0,1
CUST1163,37,Female,Single,Secondary,Self-employed,72,Current,1,111961,14,10,7,0,0.84,1,0,0,0,1
CUST2883,40,Male,Married,Primary,Employed,16,Current,3,558291,15,11,8,0,0.95,1,0,0,0,0
CUST0028,23,Male,Married,University,Employed,77,Savings,2,390027,12,16,6,0,0.7,0,1,0,0,0
CUST2739,33,Male,Single,Secondary,Self-employed,96,Savings,1,39481,10,12,6,0,0.94,1,1,0,1,1
CUST2565,30,Female,Single,Primary,Employed,106,Savings,4,471754,19,10,9,0,0.51,1,0,0,0,0
CUST0288,54,Male,Single,Primary,Employed,52,Savings,2,180355,12,4,17,0,0.69,1,1,0,0,0
CUST0657,49,Female,Married,University,Unemployed,100,Savings,4,50008,12,12,9,0,0.61,1,1,0,1,1
CUST2148,44,Female,Married,Secondary,Employed,18,Savings,1,146440,18,11,8,0,0.6,0,0,0,0,1
CUST1290,30,Female,Single,Secondary,Employed,132,Savings,4,56885,14,9,12,0,0.88,1,1,0,0,0
CUST0836,40,Female,Divorced,Primary,Unemployed,154,Current,2,185007,14,10,7,0,0.87,1,1,0,1,0
CUST2389,19,Male,Married,Secondary,Employed,91,Current,2,113593,11,11,11,0,0.61,0,1,0,0,0
CUST0172,45,Male,Married,University,Self-employed,139,Current,1,605112,12,7,10,1,0.98,0,1,0,0,0
CUST1967,41,Male,Married,University,Self-employed,96,Savings,1,65084,19,6,9,0,0.64,1,1,0,1,0
CUST0786,40,Male,Single,Secondary,Employed,139,Current,2,102880,13,10,9,0,0.6,2,1,1,0,0
CUST0677,33,Male,Single,Secondary,Employed,5,Current,3,311408,5,12,8,0,0.53,3,1,0,0,1
CUST2325,45,Female,Married,Secondary,Employed,44,Savings,1,36354,11,9,4,0,0.86,0,1,1,0,0
CUST1995,52,Male,Married,Secondary,Self-employed,137,Fixed Deposit,3,21085,15,7,11,0,0.87,0,1,0,1,0
CUST1751,18,Male,Divorced,Primary,Self-employed,178,Current,1,25937,15,8,5,0,0.77,1,1,0,0,0
CUST0336,38,Male,Married,University,Employed,145,Savings,2,69531,15,6,10,0,0.97,1,0,0,0,0
CUST0636,41,Female,Married,Secondary,Self-employed,36,Current,2,49729,24,10,7,0,0.58,3,1,1,0,0
CUST2358,24,Male,Divorced,Primary,Employed,117,Savings,3,169391,21,4,16,0,0.52,0,1,0,0,0
CUST1415,45,Female,Single,Primary,Employed,99,Savings,1,26074,15,5,12,0,0.96,0,1,0,0,1
CUST2681,51,Female,Married,University,Employed,118,Savings,1,178006,10,7,8,0,0.65,0,1,0,0,0
CUST2012,50,Male,Married,Primary,Employed,124,Savings,1,24977,20,6,7,0,0.7,1,0,0,0,0
CUST0796,39,Female,Married,University,Self-employed,112,Fixed Deposit,1,2436,15,6,10,0,0.83,2,0,1,0,0
CUST0164,52,Female,Single,University,Employed,94,Savings,4,323087,10,4,4,0,0.51,2,1,0,0,0
CUST2933,39,Female,Divorced,Secondary,Employed,13,Savings,4,78648,16,8,7,0,0.99,0,1,1,0,1
CUST1008,32,Female,Single,Primary,Self-employed,164,Fixed Deposit,2,60468,9,13,4,0,0.62,1,1,1,1,0
CUST1962,33,Female,Single,Primary,Employed,51,Savings,2,46227,15,3,6,0,0.59,4,1,0,0,0
CUST0774,42,Female,Married,Primary,Self-employed,86,Savings,4,32480,16,9,14,0,0.76,0,1,0,1,0
CUST0919,46,Female,Married,None,Employed,111,Current,2,17609,9,11,4,1,0.58,0,1,1,0,0
CUST1865,24,Male,Single,Primary,Employed,54,Savings,3,172099,13,5,6,0,0.78,0,0,0,0,0
CUST2750,39,Male,Married,Primary,Unemployed,97,Savings,4,21921,19,10,7,0,0.96,0,1,0,1,0
CUST0367,30,Female,Divorced,University,Employed,117,Savings,2,157003,15,5,13,0,0.99,1,0,0,0,1
CUST1005,38,Male,Single,University,Employed,38,Current,2,423623,13,6,13,0,0.51,0,0,0,0,1
CUST2110,26,Female,Married,Secondary,Employed,35,Savings,2,105619,21,10,8,0,0.74,1,1,0,0,0
CUST1794,27,Male,Married,University,Employed,117,Savings,2,525123,14,9,6,0,0.64,0,1,0,0,0
CUST2638,36,Male,Married,Primary,Unemployed,110,Savings,3,56996,14,14,14,0,0.7,1,1,0,0,0
CUST2729,20,Male,Single,University,Employed,158,Savings,3,136635,13,14,4,1,0.58,0,0,1,0,0
CUST1579,29,Male,Married,Primary,Employed,37,Savings,2,5249,18,7,18,0,0.79,0,1,0,0,1
CUST2547,18,Male,Divorced,University,Self-employed,164,Savings,1,20398,11,7,14,0,0.78,1,1,0,0,0
CUST2461,34,Female,Married,None,Unemployed,144,Savings,4,381001,14,7,9,0,0.62,0,0,0,0,0
CUST0555,54,Male,Married,University,Employed,4,Savings,1,207321,11,10,6,0,0.82,0,1,0,1,0
CUST1167,25,Male,Single,Primary,Employed,102,Savings,1,65380,20,6,13,0,0.9,0,1,0,0,0
CUST2334,36,Male,Married,None,Employed,44,Savings,3,60474,16,9,8,0,0.93,2,1,0,0,1
CUST1792,27,Male,Married,None,Employed,31,Savings,1,108292,15,7,7,0,0.78,1,1,1,1,0
CUST1110,40,Female,Married,Secondary,Employed,162,Current,2,132226,14,5,13,0,0.67,1,1,0,0,0
CUST0999,39,Male,Married,Secondary,Self-employed,99,Savings,2,367853,17,6,6,0,0.84,2,1,0,0,1
CUST1505,39,Female,Married,Secondary,Employed,111,Current,1,50367,16,11,13,0,0.89,0,1,0,0,0
CUST2921,37,Male,Single,Primary,Self-employed,21,Current,3,147347,12,10,10,0,0.7,1,0,1,0,1
CUST2337,44,Male,Married,Secondary,Unemployed,130,Current,1,193093,23,6,11,1,0.58,0,1,0,0,0
CUST2369,19,Female,Married,Secondary,Self-employed,152,Fixed Deposit,4,44473,10,10,9,0,0.57,1,1,1,0,0
CUST1005,32,Male,Married,Secondary,Employed,92,Savings,2,144058,21,5,17,2,0.52,3,1,1,0,1
CUST0297,34,Male,Married,Primary,Employed,57,Current,3,8049,17,11,8,1,0.82,0,1,1,0,1
CUST2758,20,Male,Single,Primary,Employed,110,Savings,4,15123,17,13,11,0,0.72,0,1,0,1,0
CUST1937,37,Female,Single,University,Employed,83,Savings,2,36503,10,5,8,0,0.71,0,1,0,0,0
CUST2021,40,Male,Married,University,Self-employed,144,Savings,1,61075,17,6,8,0,0.99,0,0,0,1,0
CUST0084,32,Female,Single,Primary,Self-employed,158,Savings,3,159597,15,4,11,1,0.72,3,1,0,1,0
CUST0022,31,Female,Married,Secondary,Self-employed,40,Current,2,106166,15,8,10,1,0.95,2,1,1,0,0
CUST2662,52,Male,Single,Secondary,Employed,151,Savings,3,13058,15,9,12,0,0.5,2,0,1,1,0
CUST0509,45,Female,Single,University,Self-employed,17,Current,1,50759,13,8,11,0,0.8,1,0,0,0,0
CUST1780,18,Female,Single,Primary,Employed,174,Current,1,238988,19,12,10,0,0.98,0,0,0,0,0
CUST1023,32,Female,Married,Secondary,Employed,27,Fixed Deposit,1,200376,27,11,11,0,0.8,3,1,1,0,1
CUST0159,32,Female,Divorced,Primary,Employed,15,Savings,2,419706,13,8,12,0,0.6,1,1,0,0,1
CUST2925,37,Female,Married,Secondary,Employed,44,Savings,3,590015,12,3,8,1,0.52,2,0,0,0,0
CUST0607,35,Male,Single,None,Employed,60,Current,2,52205,9,7,10,0,0.93,1,0,0,0,0
CUST0979,38,Male,Married,Primary,Unemployed,166,Current,1,58775,17,4,15,0,0.76,1,0,1,0,0
CUST1204,35,Female,Single,Primary,Employed,105,Savings,2,197963,15,7,14,0,0.95,0,0,0,0,0
CUST0958,44,Male,Single,Secondary,Employed,126,Savings,1,109075,12,9,13,0,0.89,0,0,1,1,1
CUST1874,46,Male,Married,University,Employed,125,Savings,1,64767,12,6,11,0,0.52,0,1,0,0,1
CUST0279,18,Male,Single,Secondary,Unemployed,103,Current,2,545479,21,5,9,0,0.51,2,1,0,0,0
CUST2863,51,Male,Married,Secondary,Self-employed,127,Savings,2,18894,19,4,8,0,0.78,2,1,1,0,0
CUST1267,27,Male,Married,Secondary,Self-employed,28,Current,1,698410,16,8,7,0,0.96,0,1,0,0,0
CUST1196,18,Male,Married,None,Employed,102,Current,2,225543,14,9,21,0,0.59,0,1,0,0,0
CUST1243,48,Male,Married,Secondary,Employed,145,Current,1,85038,21,9,8,0,0.61,1,0,1,1,1
CUST1936,34,Male,Married,Secondary,Employed,86,Fixed Deposit,4,21412,16,13,8,0,0.59,0,1,0,0,0
CUST2228,49,Male,Married,Secondary,Employed,14,Savings,3,176159,17,9,7,0,0.93,1,0,0,1,1
CUST0171,31,Male,Married,Secondary,Employed,111,Savings,3,18895,12,11,9,0,0.78,2,1,1,1,1
CUST2992,45,Male,Married,Secondary,Employed,167,Current,1,197511,17,12,7,1,0.95,1,1,1,0,0
CUST2905,18,Male,Single,None,Employed,179,Fixed Deposit,1,16021,16,1,16,0,0.65,1,1,0,0,0
CUST0491,41,Female,Divorced,Primary,Employed,48,Savings,2,202440,23,9,9,1,0.87,0,1,1,0,1
CUST2337,23,Male,Divorced,Primary,Employed,35,Savings,1,301899,17,7,11,0,0.96,0,0,1,0,0
CUST0295,45,Male,Married,University,Employed,129,Current,3,53046,24,7,4,0,0.75,0,0,0,0,1
CUST2925,33,Male,Married,Secondary,Employed,59,Savings,1,257395,20,7,16,1,0.67,2,0,0,0,1
CUST2833,41,Female,Divorced,University,Self-employed,116,Current,2,92212,11,12,8,1,0.63,0,0,0,1,0
CUST1098,36,Female,Single,None,Unemployed,32,Current,3,191409,11,7,16,0,0.87,0,0,1,1,0
CUST0744,22,Female,Married,Primary,Unemployed,49,Savings,2,60875,11,12,10,0,0.81,0,1,1,0,0
CUST0914,37,Female,Married,Secondary,Employed,65,Savings,2,14644,12,7,5,0,0.6,0,1,0,0,1
CUST1376,37,Female,Married,Primary,Employed,142,Savings,4,489650,19,9,13,1,0.52,1,0,1,0,0
CUST1940,25,Female,Single,Secondary,Self-employed,168,Current,1,100860,10,7,10,0,0.96,2,1,0,1,1
CUST1793,31,Female,Single,University,Employed,110,Savings,2,28260,17,9,12,0,0.8,1,1,0,1,0
CUST0528,36,Male,Married,University,Self-employed,5,Current,2,25145,11,7,9,1,0.69,1,1,0,0,1
CUST0300,63,Male,Single,Secondary,Employed,170,Savings,1,109207,11,6,8,0,0.86,1,1,0,0,0
CUST0470,33,Female,Married,Primary,Employed,26,Savings,1,44506,14,7,9,0,0.7,3,1,0,0,1
CUST1696,18,Male,Single,Secondary,Employed,38,Savings,1,87984,27,5,11,0,0.83,0,1,0,0,0
CUST0147,36,Male,Single,Primary,Employed,118,Savings,1,547304,11,12,14,1,0.77,1,1,1,0,1
CUST1432,33,Female,Single,Primary,Self-employed,124,Savings,1,191379,23,6,11,0,0.7,0,1,0,1,0
CUST0005,30,Female,Married,Secondary,Unemployed,128,Savings,1,137580,11,10,9,0,0.96,0,1,0,0,0
CUST2687,42,Female,Single,University,Self-employed,68,Current,2,254278,21,15,7,0,0.64,0,1,1,0,1
CUST1309,38,Female,Married,Primary,Employed,99,Savings,2,52051,14,3,8,0,0.94,0,0,0,0,0
CUST2131,37,Male,Single,University,Employed,98,Savings,1,195280,19,8,10,0,0.68,0,1,1,1,0
CUST0783,42,Female,Single,Primary,Self-employed,176,Current,2,50819,11,11,9,0,0.53,2,1,1,0,0
CUST2057,30,Female,Married,Secondary,Employed,8,Current,1,112188,15,4,13,2,0.95,2,1,0,0,1
CUST0917,37,Male,Married,Secondary,Unemployed,2,Current,3,255374,15,8,11,0,0.73,1,1,1,0,1
CUST2653,52,Female,Married,Secondary,Employed,45,Savings,2,377014,10,4,9,1,0.81,1,0,0,0,1
CUST0518,40,Female,Married,University,Employed,30,Current,1,423336,16,8,9,0,1,0,0,0,0,0
CUST1153,18,Male,Married,Secondary,Employed,155,Savings,1,108818,21,7,11,0,0.53,0,1,0,0,0
CUST0282,43,Male,Single,None,Employed,150,Savings,2,157082,18,6,12,1,1,3,1,0,0,0
CUST1939,18,Male,Divorced,Primary,Employed,58,Savings,3,151996,14,7,10,0,0.8,0,1,1,1,0
CUST0911,18,Male,Married,University,Employed,75,Savings,1,95144,17,11,13,0,0.84,1,1,1,0,0
CUST0555,30,Female,Single,Primary,Employed,172,Savings,1,174457,16,5,7,0,0.59,2,0,0,1,0
CUST2991,47,Female,Married,University,Unemployed,146,Savings,3,32246,13,6,7,0,0.74,1,0,0,0,1
CUST1459,33,Female,Married,Primary,Self-employed,45,Savings,3,76795,15,3,7,0,0.6,1,1,1,1,0
CUST2420,36,Female,Married,None,Employed,128,Current,1,92124,13,7,14,1,0.89,1,0,0,1,0
CUST1703,29,Male,Divorced,University,Employed,98,Savings,4,330198,13,9,11,0,0.52,0,1,0,0,0
CUST2729,27,Female,Single,Secondary,Employed,158,Savings,2,274909,14,6,7,0,0.54,1,1,1,0,0
CUST1103,48,Female,Married,Secondary,Self-employed,95,Savings,1,84186,15,8,9,0,0.91,1,1,0,0,0
CUST0035,28,Male,Single,University,Employed,172,Savings,1,283782,18,5,9,0,0.77,0,1,0,1,0
CUST2742,33,Female,Married,None,Employed,88,Savings,1,375536,13,5,12,0,0.6,0,0,0,0,1
CUST0142,22,Female,Married,Secondary,Self-employed,38,Current,4,143824,12,5,10,0,0.91,2,1,0,0,0
CUST1876,36,Male,Single,Secondary,Self-employed,133,Savings,1,36365,13,8,15,0,0.89,1,0,1,0,0
CUST2421,33,Male,Single,Secondary,Self-employed,27,Savings,2,284528,17,7,7,0,0.5,1,1,0,0,0
CUST1087,45,Female,Married,Secondary,Employed,116,Fixed Deposit,1,269060,11,9,8,0,0.88,0,0,0,0,0
CUST0461,22,Male,Married,Secondary,Unemployed,95,Savings,2,885,14,13,11,0,0.71,4,1,1,0,0
CUST1419,27,Female,Divorced,Secondary,Unemployed,167,Fixed Deposit,2,131866,23,5,7,0,0.6,0,1,1,0,1
CUST1918,45,Male,Single,Secondary,Self-employed,90,Current,4,64679,13,14,16,0,0.81,3,1,0,1,1
CUST0381,25,Male,Married,Secondary,Employed,117,Current,4,750283,15,8,24,0,0.53,2,1,0,0,0
CUST2700,39,Male,Single,Secondary,Self-employed,95,Current,1,204302,12,6,8,0,0.87,2,1,0,0,1
CUST1420,45,Female,Married,Primary,Employed,70,Savings,1,213494,15,10,7,0,0.98,0,1,0,0,0
CUST1108,43,Male,Divorced,Secondary,Self-employed,9,Current,3,182807,23,7,12,0,0.57,1,1,0,0,1
CUST0373,18,Male,Single,Primary,Employed,58,Current,2,21137,14,4,14,0,0.95,0,1,1,1,1
CUST0028,49,Male,Single,Secondary,Self-employed,156,Savings,2,150826,19,3,14,0,0.58,0,1,0,0,1
CUST2511,21,Male,Married,University,Employed,13,Savings,3,461667,12,7,6,0,0.52,0,1,0,0,0
CUST0198,46,Male,Single,Primary,Employed,115,Savings,4,126801,21,7,15,0,0.63,1,1,0,0,0
CUST1654,45,Female,Married,None,Employed,177,Savings,1,585125,16,8,9,0,0.67,1,1,0,0,1
CUST0243,19,Female,Single,None,Employed,15,Savings,2,168396,17,6,11,0,0.91,3,1,0,1,0
CUST2640,32,Female,Married,Primary,Employed,122,Savings,4,260116,9,7,11,0,0.96,0,1,1,0,1
CUST1965,43,Male,Single,Primary,Employed,101,Savings,2,292894,20,7,16,1,0.57,2,1,0,0,0
CUST2243,19,Female,Married,Primary,Employed,62,Savings,1,172994,13,9,8,0,0.98,1,1,0,1,1
CUST1809,33,Male,Divorced,None,Employed,132,Savings,3,95302,12,11,9,0,0.56,1,1,0,0,0
CUST2113,24,Male,Single,Primary,Self-employed,99,Savings,4,820143,10,4,10,0,1,1,0,0,0,0
CUST0943,54,Male,Married,University,Self-employed,24,Savings,1,85904,22,8,10,0,0.72,1,1,0,0,0
CUST1512,41,Male,Married,Secondary,Self-employed,168,Current,1,2645,18,13,7,0,0.91,1,1,0,0,0
CUST2069,50,Male,Divorced,Secondary,Employed,79,Current,1,28945,20,7,5,0,0.75,2,1,0,0,0
CUST2982,28,Female,Single,Secondary,Employed,101,Current,3,197318,17,5,12,0,0.78,0,0,0,0,0
CUST1425,60,Male,Single,Secondary,Employed,86,Savings,4,30585,15,8,6,0,0.98,0,1,1,0,0
CUST0883,27,Female,Married,University,Unemployed,101,Fixed Deposit,2,636187,19,11,6,0,0.91,3,0,0,0,1
CUST0939,44,Male,Married,None,Employed,153,Savings,3,105802,11,7,8,0,0.79,2,1,1,0,0
CUST1338,29,Male,Single,Secondary,Employed,40,Savings,1,360809,17,11,14,0,0.81,1,1,0,0,0
CUST0849,18,Male,Married,Primary,Unemployed,52,Savings,3,665227,18,7,7,0,0.92,1,1,1,0,0
CUST1074,49,Female,Married,Secondary,Employed,109,Savings,2,6673,18,14,8,0,0.89,0,0,0,0,0
CUST0636,32,Male,Single,Primary,Employed,151,Current,1,174409,17,8,9,1,0.56,0,1,0,0,0
CUST1114,27,Female,Divorced,None,Employed,104,Current,2,411872,8,5,9,0,0.8,2,1,0,0,0
CUST1906,34,Female,Divorced,None,Self-employed,154,Savings,1,64020,18,6,11,0,0.67,3,1,0,0,1
CUST1158,29,Male,Single,Secondary,Employed,95,Current,2,162867,13,6,8,0,0.64,1,0,0,0,0
CUST1267,40,Male,Single,Secondary,Employed,145,Savings,1,125563,17,8,13,1,0.91,3,1,1,1,1
CUST2493,52,Female,Divorced,Secondary,Employed,32,Current,1,143693,17,9,12,0,0.77,0,1,1,1,0
CUST1962,23,Male,Divorced,University,Self-employed,151,Savings,1,202472,16,11,16,0,0.91,0,1,0,1,0
CUST0979,19,Male,Single,Primary,Employed,64,Savings,1,15685,11,8,8,0,0.6,0,1,0,0,0
CUST2131,37,Male,Single,Secondary,Employed,42,Fixed Deposit,3,129782,20,10,10,0,0.94,2,1,0,0,0
CUST2318,40,Male,Single,Secondary,Self-employed,3,Savings,1,137089,20,6,16,0,0.78,2,1,0,1,1
CUST0529,31,Female,Single,University,Employed,14,Savings,1,87860,15,8,9,0,0.92,2,1,1,0,1
CUST0421,27,Male,Single,University,Employed,56,Savings,2,33772,14,9,12,0,0.5,0,1,1,0,1
CUST0631,39,Female,Single,None,Self-employed,18,Savings,1,151363,8,10,9,1,0.85,1,0,1,0,1
CUST2351,43,Male,Divorced,Secondary,Employed,146,Current,4,28404,15,5,7,0,0.82,1,1,0,0,0
CUST0113,28,Female,Divorced,None,Self-employed,134,Current,1,12822,17,9,8,0,0.99,0,1,1,0,0
CUST2296,25,Male,Single,University,Employed,40,Savings,3,331289,13,6,7,0,0.68,2,1,0,0,0
CUST1729,41,Male,Married,Primary,Employed,79,Fixed Deposit,3,398994,12,5,6,0,0.57,1,1,0,0,0
CUST2316,28,Male,Single,Primary,Employed,166,Savings,1,172429,20,7,17,0,0.83,1,0,0,0,0
CUST1774,37,Male,Married,Primary,Employed,67,Fixed Deposit,1,224292,6,7,8,0,0.94,2,1,0,0,1
CUST2385,39,Male,Divorced,Primary,Employed,63,Current,1,574628,24,12,15,0,0.83,2,1,1,1,0
CUST2055,40,Female,Married,Secondary,Employed,11,Savings,2,25708,13,3,15,0,0.75,1,1,0,0,0
CUST0028,30,Female,Divorced,None,Employed,142,Current,2,154275,19,10,8,0,0.91,1,1,1,0,0
CUST1160,34,Male,Single,None,Employed,59,Savings,4,49275,12,8,14,0,0.53,1,1,0,1,1
CUST2858,29,Male,Divorced,Primary,Employed,78,Current,4,213590,17,10,10,0,0.79,0,1,0,0,0
CUST0562,21,Male,Married,Primary,Self-employed,87,Savings,1,500,19,7,8,0,0.5,1,1,0,1,0
CUST2172,29,Male,Married,None,Employed,179,Savings,1,49121,8,12,6,0,0.72,0,1,1,0,0
CUST1246,44,Male,Single,Primary,Employed,98,Current,1,76338,22,4,10,0,0.63,2,1,1,0,1
CUST2585,37,Male,Single,University,Self-employed,129,Savings,1,107628,16,16,12,0,0.62,0,1,0,0,1
CUST1864,32,Male,Single,Secondary,Unemployed,149,Savings,3,8352,18,12,6,0,0.69,0,1,0,0,0
CUST0600,34,Female,Single,Primary,Self-employed,108,Savings,2,184221,15,7,8,0,0.84,2,0,1,0,0
CUST1057,48,Female,Divorced,Secondary,Employed,166,Savings,2,49005,16,13,9,0,0.97,1,1,0,0,0
CUST2083,52,Female,Married,Secondary,Employed,128,Savings,4,6679,17,7,4,0,0.99,1,1,0,0,0
CUST2056,37,Female,Single,University,Self-employed,117,Fixed Deposit,1,294252,14,10,9,0,0.78,2,1,0,0,1
CUST0067,32,Male,Single,University,Employed,173,Fixed Deposit,3,647444,21,9,13,0,0.82,0,1,0,0,0
CUST2646,50,Male,Married,University,Self-employed,172,Current,2,18847,15,6,9,0,0.92,4,1,0,1,0
CUST0031,30,Female,Married,University,Employed,46,Current,4,1176628,13,14,8,0,0.51,0,1,0,0,0
CUST0206,36,Male,Single,Secondary,Employed,22,Savings,2,89830,10,11,7,1,0.76,1,1,0,0,0
CUST2510,28,Male,Single,Secondary,Employed,20,Savings,4,186089,14,5,10,0,0.6,1,1,0,0,0
CUST2279,25,Female,Married,University,Employed,129,Savings,2,87756,15,7,13,0,0.94,2,1,0,0,0
CUST0564,24,Male,Divorced,Primary,Employed,118,Savings,1,149075,11,5,7,0,0.57,1,0,0,0,1
CUST0820,42,Male,Single,Secondary,Employed,126,Savings,2,169274,14,6,14,0,0.71,0,0,0,1,1
CUST2013,40,Male,Married,University,Self-employed,150,Savings,2,76798,11,6,6,0,0.72,1,1,0,1,0
CUST0004,27,Male,Single,University,Employed,37,Savings,3,318806,19,10,19,0,0.77,1,1,1,0,0
CUST0064,28,Male,Single,Secondary,Employed,145,Savings,1,171702,13,5,13,1,0.81,4,1,0,1,0
CUST1953,41,Male,Married,Secondary,Employed,10,Current,1,202203,12,5,8,1,0.51,1,1,0,0,0
CUST2853,32,Female,Married,Secondary,Employed,75,Savings,3,219288,11,4,8,0,0.55,0,0,0,0,1
CUST2318,32,Female,Single,University,Self-employed,156,Fixed Deposit,3,541128,19,5,4,0,0.77,2,0,0,0,0
CUST0632,42,Female,Married,Secondary,Employed,164,Savings,3,80207,14,7,11,0,0.84,0,1,0,0,0
CUST1571,36,Female,Single,University,Employed,37,Savings,2,56215,12,10,12,0,0.99,2,1,0,0,0
CUST2709,41,Male,Married,None,Employed,104,Current,1,104478,10,10,7,0,0.78,1,0,1,0,0
CUST2482,21,Female,Divorced,Secondary,Employed,10,Fixed Deposit,1,324077,22,8,13,1,0.95,2,1,1,1,1
CUST1429,38,Female,Single,Secondary,Self-employed,74,Fixed Deposit,2,263298,18,7,14,0,0.79,2,0,0,0,1
CUST1240,39,Female,Single,None,Employed,178,Savings,1,30484,20,7,13,0,0.69,1,0,0,1,0
CUST0956,41,Female,Divorced,Secondary,Employed,13,Savings,2,44403,19,8,12,0,0.92,2,0,0,0,1
CUST2194,32,Female,Single,Secondary,Employed,131,Savings,1,20212,12,12,10,1,0.97,1,0,0,0,0
CUST2845,54,Male,Married,University,Employed,129,Current,1,70358,16,10,14,1,0.66,1,1,1,1,0
CUST0871,50,Female,Single,University,Self-employed,2,Savings,4,89933,15,7,11,0,0.96,0,0,1,1,1
CUST2507,31,Male,Married,Secondary,Employed,134,Savings,1,228959,26,7,6,0,0.92,2,1,0,1,0
CUST2242,29,Female,Single,Primary,Employed,62,Savings,2,185590,14,5,15,0,0.56,1,0,0,0,0
CUST1998,46,Male,Married,Secondary,Employed,33,Current,1,169279,13,14,12,0,0.67,4,0,0,0,1
CUST1678,31,Female,Married,None,Employed,78,Current,1,177343,7,8,7,0,0.72,1,0,1,0,1
CUST1612,38,Male,Married,Primary,Employed,65,Savings,1,127165,9,9,10,0,0.88,3,1,0,0,0
CUST1028,29,Female,Married,None,Employed,97,Savings,1,18407,10,4,11,0,0.82,0,1,1,0,0
CUST0264,33,Male,Divorced,University,Employed,84,Current,1,116449,17,7,10,0,0.82,1,1,0,0,0
CUST1693,32,Male,Single,Secondary,Employed,101,Savings,1,22894,15,9,10,0,0.59,1,1,0,0,0
CUST2983,46,Female,Married,Primary,Employed,146,Savings,1,175404,8,5,10,0,0.93,2,1,0,1,0
CUST0316,19,Female,Single,Secondary,Self-employed,134,Current,2,161066,15,7,7,0,0.7,0,1,0,0,0
CUST0979,23,Male,Married,Secondary,Employed,3,Fixed Deposit,1,21124,15,11,11,0,0.95,4,1,0,0,1
CUST0218,38,Female,Single,Primary,Self-employed,96,Fixed Deposit,2,192531,13,10,8,1,0.77,1,1,0,1,0
CUST0780,44,Male,Single,Primary,Employed,121,Fixed Deposit,3,8640,9,8,7,0,0.72,0,1,0,0,0
CUST0912,35,Male,Single,Secondary,Self-employed,50,Fixed Deposit,1,109356,17,6,10,0,0.82,0,1,0,0,0
CUST0390,38,Female,Single,Primary,Employed,86,Current,3,28058,9,5,8,0,0.9,3,1,1,0,0
CUST1397,52,Female,Single,Primary,Self-employed,108,Savings,2,293975,15,6,12,0,0.85,2,0,0,0,0
CUST0353,38,Male,Single,Primary,Self-employed,96,Savings,3,58222,13,9,7,0,0.85,1,1,1,0,1
CUST1413,49,Female,Divorced,Secondary,Employed,140,Savings,2,531242,11,3,13,0,0.53,1,1,0,0,0
CUST2200,26,Male,Single,None,Self-employed,110,Savings,2,85977,21,12,11,1,0.88,1,1,0,0,0
CUST2634,41,Male,Married,University,Employed,160,Savings,2,208594,11,13,7,1,0.57,1,1,0,0,0
CUST0088,24,Male,Single,University,Employed,114,Fixed Deposit,1,61729,14,9,10,0,0.78,0,1,0,0,0
CUST2787,37,Female,Married,Primary,Employed,105,Current,3,404690,12,4,13,0,0.87,0,1,1,0,0
CUST0255,32,Male,Married,Secondary,Unemployed,102,Savings,4,78255,18,10,9,1,0.94,1,1,0,0,0
CUST0741,31,Male,Single,None,Employed,77,Savings,1,24622,9,2,9,0,0.88,0,1,0,1,0
CUST0028,45,Male,Married,Secondary,Unemployed,140,Savings,2,604080,14,6,10,0,0.62,1,1,0,0,0
CUST1031,35,Female,Married,University,Employed,71,Savings,2,128240,20,14,9,0,0.86,2,1,0,0,0
CUST0061,29,Male,Married,None,Self-employed,159,Current,1,30649,14,11,4,0,0.75,0,1,1,0,0
CUST2410,55,Female,Married,Primary,Employed,121,Current,1,239018,22,4,7,0,0.73,0,0,1,0,0
CUST1998,56,Male,Single,None,Employed,39,Current,1,91794,9,8,9,0,0.57,1,1,0,0,0
CUST1589,26,Male,Single,Secondary,Self-employed,60,Savings,2,21284,18,5,5,0,0.76,1,1,1,0,0
CUST2292,45,Female,Single,Primary,Employed,61,Fixed Deposit,1,70486,19,9,9,0,0.88,1,0,0,1,0
CUST2353,43,Male,Married,Primary,Self-employed,3,Savings,2,307613,15,12,8,0,0.94,2,0,0,0,0
CUST0306,38,Female,Single,Primary,Self-employed,62,Savings,1,82709,15,12,12,0,0.51,0,1,0,0,0
CUST1007,39,Male,Divorced,University,Employed,134,Savings,2,2600,11,8,11,0,0.51,0,1,0,0,1
CUST2231,47,Female,Single,Secondary,Employed,112,Current,2,73326,12,5,7,2,0.71,0,1,0,0,0
CUST2931,50,Female,Single,Primary,Employed,15,Savings,2,77072,16,5,9,0,0.93,0,0,0,0,1
CUST0276,21,Female,Single,None,Unemployed,80,Savings,1,75641,24,8,11,0,0.53,1,1,0,0,0
CUST0997,34,Female,Married,Primary,Self-employed,153,Savings,3,34399,16,5,11,0,0.58,0,1,0,0,0
CUST2553,35,Male,Single,Primary,Employed,17,Fixed Deposit,1,92688,13,7,3,0,0.85,2,1,1,0,0
CUST0272,54,Female,Married,Primary,Employed,131,Current,1,104540,18,11,12,0,0.8,0,1,0,0,0
CUST1952,42,Female,Single,University,Employed,99,Savings,2,26399,19,6,8,0,0.98,1,0,0,0,0
CUST0538,25,Male,Single,None,Employed,69,Savings,3,47878,26,5,11,1,0.51,2,1,0,0,0
CUST2524,41,Male,Divorced,Primary,Employed,15,Current,4,389009,13,7,6,0,0.95,0,0,1,0,1
CUST0645,18,Female,Single,Secondary,Employed,154,Fixed Deposit,1,14824,11,6,6,0,0.68,1,1,0,0,0
CUST1492,41,Male,Divorced,University,Employed,134,Savings,1,97286,17,5,19,0,0.81,0,0,0,0,0
CUST0563,41,Male,Married,Primary,Self-employed,22,Savings,2,267380,14,9,10,0,0.93,2,0,0,0,1
CUST1362,53,Male,Married,University,Employed,112,Savings,3,75578,14,9,5,0,0.94,2,0,0,0,0
CUST0162,35,Female,Divorced,University,Employed,127,Current,4,642505,13,7,11,0,0.84,0,1,1,0,1
CUST0930,41,Male,Single,Secondary,Employed,121,Fixed Deposit,1,21302,16,10,15,0,0.66,0,0,0,0,0
CUST1170,38,Male,Married,Secondary,Employed,137,Current,2,72541,10,9,8,0,0.71,1,0,0,0,0
CUST0923,28,Female,Married,Secondary,Self-employed,164,Savings,1,201528,22,7,12,1,0.72,2,1,1,0,0
CUST0367,30,Male,Married,University,Self-employed,162,Current,4,87032,24,10,10,0,0.94,1,0,0,0,0
CUST1823,24,Female,Single,None,Employed,63,Savings,4,297581,11,4,12,0,0.6,0,1,0,0,0
CUST1067,41,Male,Single,University,Unemployed,28,Savings,1,48762,17,11,13,0,0.52,0,0,0,0,0
CUST0933,38,Male,Married,University,Employed,89,Savings,1,110135,17,9,8,1,0.71,0,1,1,0,0
CUST2051,27,Female,Married,None,Self-employed,44,Current,1,194065,19,7,6,0,0.6,1,0,0,0,0
CUST1245,24,Male,Divorced,University,Employed,99,Savings,2,113099,18,9,10,0,0.92,0,0,1,0,0
CUST2357,26,Male,Single,University,Self-employed,113,Current,2,294663,16,2,12,0,0.66,2,0,0,0,0
CUST2503,31,Female,Married,University,Employed,129,Current,1,49027,23,7,10,0,0.56,1,1,1,0,1
CUST1152,18,Female,Married,Secondary,Self-employed,164,Savings,4,5773,22,8,9,0,0.65,1,1,0,0,0
CUST2838,35,Female,Divorced,University,Self-employed,86,Current,1,177135,15,14,9,0,0.66,2,1,0,1,0
CUST1235,44,Male,Married,Primary,Employed,9,Savings,2,61297,15,9,8,0,0.88,0,0,1,0,1
CUST1790,35,Female,Married,University,Self-employed,165,Current,2,69025,12,5,9,0,0.61,1,0,1,0,0
CUST2329,46,Male,Married,None,Unemployed,91,Savings,1,224679,18,7,8,0,0.63,3,1,0,0,0
CUST1209,32,Female,Married,Secondary,Self-employed,50,Savings,1,154369,11,12,8,0,0.66,1,0,1,0,1
CUST1809,36,Female,Single,None,Employed,128,Savings,2,238480,19,8,7,0,0.55,2,1,0,0,0
CUST1331,29,Male,Married,Primary,Unemployed,55,Current,2,306591,16,5,10,0,0.53,3,1,0,0,1
CUST0007,18,Female,Single,University,Employed,153,Savings,2,25614,14,4,9,0,0.54,0,1,0,0,0
CUST2521,38,Female,Single,Primary,Self-employed,141,Fixed Deposit,2,202283,15,8,18,0,0.87,0,0,1,0,0
CUST1792,40,Female,Single,None,Employed,125,Current,3,105239,17,11,5,0,0.83,1,0,1,0,0
CUST2650,39,Male,Single,Primary,Self-employed,47,Savings,2,313475,17,9,13,0,0.54,1,0,1,0,0
CUST2355,21,Male,Married,Primary,Employed,61,Savings,2,141030,17,6,10,0,0.82,0,0,0,0,0
CUST2478,29,Female,Married,Secondary,Employed,79,Savings,1,205407,18,8,11,0,0.71,1,0,0,0,1
CUST1869,25,Male,Married,Secondary,Self-employed,109,Current,2,520585,17,6,7,0,0.78,1,0,1,1,0
CUST0964,27,Male,Married,Primary,Employed,82,Savings,1,58954,11,13,6,0,0.94,0,1,0,0,1
CUST0210,33,Male,Married,Primary,Self-employed,88,Savings,1,298697,13,5,8,0,0.85,0,0,0,0,0
CUST2138,28,Female,Single,Secondary,Employed,172,Current,2,74296,20,10,9,0,0.78,0,1,0,0,1
CUST1211,43,Female,Married,None,Self-employed,176,Current,1,205416,10,7,9,0,0.58,1,1,0,0,0
CUST2753,32,Female,Married,University,Self-employed,4,Current,1,112439,11,7,7,0,0.97,0,1,1,0,1
CUST0052,28,Female,Divorced,Secondary,Self-employed,129,Fixed Deposit,1,119875,13,6,15,0,0.81,1,0,0,0,0
CUST1314,28,Male,Single,Primary,Self-employed,24,Fixed Deposit,2,342500,14,4,10,0,0.72,1,0,0,0,0
CUST1577,43,Female,Single,University,Self-employed,54,Current,3,106364,18,10,7,0,0.91,2,1,1,1,1
CUST2919,28,Female,Married,Secondary,Employed,81,Savings,1,138087,14,9,8,0,0.7,2,0,1,0,0
CUST1177,36,Female,Married,Primary,Self-employed,72,Current,1,344717,8,12,9,1,0.78,1,1,0,1,0
CUST0155,38,Female,Married,University,Unemployed,143,Savings,2,44185,12,5,5,0,0.73,1,1,0,0,0
CUST0634,25,Female,Single,Primary,Employed,151,Fixed Deposit,3,1380,16,11,3,0,0.59,0,1,1,0,0
CUST2609,48,Female,Single,Primary,Employed,69,Fixed Deposit,1,345462,14,10,7,0,0.51,2,0,0,0,1
CUST1545,30,Female,Married,Primary,Unemployed,147,Current,2,106738,18,6,9,0,0.82,1,1,0,1,0
CUST2930,41,Male,Single,Secondary,Employed,150,Savings,4,133801,14,8,11,1,0.52,1,1,0,0,0
CUST1973,18,Male,Single,Primary,Self-employed,74,Savings,1,150410,13,10,5,0,0.75,0,1,1,0,1
CUST0053,27,Female,Married,None,Employed,174,Savings,1,310870,13,9,7,0,0.55,4,0,0,1,0
CUST1918,49,Female,Married,Secondary,Employed,3,Current,1,7071,9,12,7,0,0.78,0,1,0,1,0
CUST1756,26,Male,Married,University,Unemployed,160,Savings,1,22178,18,7,9,1,0.77,2,1,0,0,0
CUST0701,49,Female,Married,Secondary,Employed,106,Savings,1,225957,9,9,9,2,0.51,2,1,1,0,1
CUST2293,37,Male,Divorced,Primary,Employed,9,Savings,1,7606,18,8,11,0,0.69,1,0,0,0,1
CUST0072,30,Female,Single,Secondary,Self-employed,139,Savings,3,3940,14,13,9,0,0.92,0,1,0,0,1
CUST0695,35,Female,Single,Primary,Employed,22,Savings,1,428102,15,8,13,0,0.94,0,1,0,0,1
CUST1101,24,Male,Single,Secondary,Employed,149,Fixed Deposit,1,78158,12,9,10,0,0.54,2,0,1,0,0
CUST1440,30,Female,Divorced,Primary,Unemployed,170,Current,1,3228,18,9,9,0,0.73,0,1,0,0,0
CUST0719,45,Female,Married,None,Self-employed,43,Savings,1,15861,17,8,9,0,0.55,2,0,0,0,0
CUST1979,24,Female,Single,University,Self-employed,78,Savings,3,77519,16,3,18,0,0.63,2,1,0,1,0
CUST0644,40,Female,Single,Primary,Employed,118,Savings,2,432024,18,8,5,0,0.69,1,1,0,0,0
CUST0097,30,Female,Divorced,Primary,Self-employed,159,Savings,2,139565,10,8,10,0,0.59,1,0,0,0,0
CUST1640,35,Female,Single,None,Unemployed,102,Savings,3,45245,15,6,10,1,0.76,1,1,0,0,0
CUST0308,26,Male,Single,Secondary,Self-employed,38,Fixed Deposit,2,129609,14,10,9,0,0.52,0,0,0,1,0
CUST1766,43,Male,Married,Secondary,Employed,144,Fixed Deposit,1,18547,12,4,10,1,0.62,0,1,0,0,0
CUST0506,45,Male,Married,Primary,Employed,46,Savings,1,37457,20,7,11,0,0.68,0,1,1,0,0
CUST1075,36,Female,Single,Primary,Self-employed,123,Fixed Deposit,1,38748,16,4,12,0,0.69,0,0,0,0,0
CUST2087,38,Male,Single,Primary,Employed,28,Savings,1,29744,11,12,8,0,0.79,1,1,1,0,0
CUST2831,23,Female,Married,Secondary,Employed,47,Current,4,147453,19,13,11,0,0.79,0,1,0,0,1
CUST0474,50,Female,Married,Primary,Employed,123,Savings,1,66106,13,9,10,1,0.84,0,1,1,0,0
CUST0966,36,Male,Single,Primary,Self-employed,92,Savings,2,7547,15,3,10,0,0.55,1,1,0,0,0
CUST1238,45,Male,Married,Primary,Employed,152,Savings,2,51303,15,12,9,1,0.72,2,1,1,1,0
CUST0884,53,Female,Divorced,University,Self-employed,10,Savings,2,120383,16,11,11,1,0.97,0,0,0,0,1
CUST2634,23,Female,Single,Secondary,Employed,83,Savings,1,3718,12,6,9,0,0.93,2,0,1,0,0
CUST1555,24,Female,Married,Secondary,Unemployed,97,Current,2,479325,13,9,12,0,0.87,1,0,0,0,0
CUST2289,43,Male,Married,University,Self-employed,100,Current,2,412274,16,6,13,0,0.87,0,0,0,0,0
CUST0727,44,Male,Married,Primary,Employed,136,Savings,1,248735,13,8,7,0,0.99,0,1,0,0,0
CUST2868,23,Male,Single,Primary,Employed,42,Savings,2,61138,12,10,12,0,0.71,0,1,1,0,0
CUST0789,34,Male,Single,University,Employed,79,Savings,1,327667,14,10,14,0,0.69,1,1,0,0,1
CUST0380,42,Male,Single,Primary,Employed,67,Savings,1,43520,17,9,14,0,0.83,0,0,1,0,0
CUST0467,39,Female,Single,Secondary,Employed,27,Current,2,201481,17,4,10,0,0.84,0,1,1,1,0
CUST0015,31,Male,Married,Secondary,Self-employed,151,Current,2,294535,11,12,5,1,0.6,1,0,0,0,1
CUST1075,25,Female,Married,Primary,Self-employed,33,Current,2,18642,17,7,23,0,0.78,1,0,0,0,1
CUST0792,53,Male,Single,Secondary,Employed,146,Savings,2,81355,15,4,6,0,0.98,0,1,0,0,1
CUST0708,18,Female,Single,Secondary,Employed,108,Fixed Deposit,2,107267,19,7,9,1,0.52,0,1,0,0,1
CUST2908,23,Male,Married,Primary,Employed,101,Savings,3,38866,11,7,11,0,0.86,1,1,0,0,1
CUST1296,42,Male,Married,Secondary,Employed,67,Savings,4,136854,10,8,13,0,0.7,0,1,1,1,0
CUST2353,49,Female,Single,Secondary,Self-employed,56,Fixed Deposit,3,57935,13,11,11,0,0.71,0,1,0,0,1
CUST0940,42,Female,Married,Secondary,Self-employed,143,Savings,2,4437,13,10,6,3,0.69,2,0,1,0,0
CUST0829,42,Male,Married,University,Employed,111,Current,2,179041,14,5,16,0,0.55,1,1,0,0,1
CUST1403,31,Female,Married,University,Employed,66,Savings,1,39363,15,5,14,1,0.67,0,0,0,0,0
CUST2100,36,Female,Married,University,Self-employed,84,Current,2,34781,12,11,9,0,0.53,3,0,0,1,1
CUST2346,53,Male,Single,None,Employed,61,Savings,4,113879,21,7,14,0,0.53,0,1,0,0,1
CUST2706,49,Male,Married,University,Self-employed,119,Savings,1,32168,16,11,10,1,0.9,0,1,0,0,0
CUST2419,47,Male,Married,University,Employed,29,Savings,2,117194,14,9,9,0,0.87,0,1,0,0,0
CUST1054,31,Female,Divorced,Secondary,Employed,157,Current,2,129175,17,10,6,0,0.93,0,1,0,0,0
CUST1494,18,Male,Married,Primary,Self-employed,33,Fixed Deposit,2,17433,10,7,18,1,0.56,0,0,0,0,0
CUST2544,20,Female,Married,Primary,Employed,82,Fixed Deposit,3,114108,14,7,7,0,0.56,1,1,0,0,0
CUST2247,55,Male,Divorced,Primary,Unemployed,5,Current,3,67499,19,6,15,1,0.63,1,1,1,0,0
CUST2366,31,Female,Married,University,Employed,123,Savings,3,17005,17,12,9,2,0.72,2,1,0,0,0
CUST2491,33,Female,Single,Primary,Employed,89,Current,2,28511,17,10,9,1,0.62,1,0,0,0,1
CUST1099,36,Female,Married,Primary,Employed,69,Savings,1,225525,19,8,4,0,0.59,0,0,0,0,0
CUST0695,23,Male,Married,Secondary,Self-employed,105,Savings,2,70220,19,10,7,0,0.9,1,1,1,0,1
CUST0371,34,Male,Married,Secondary,Employed,168,Current,1,4068,14,13,10,0,0.78,0,0,1,0,0
CUST1775,31,Male,Married,None,Employed,64,Savings,3,4267,19,8,14,0,0.86,1,0,0,0,0
CUST2080,43,Male,Single,Primary,Employed,81,Savings,2,119823,13,4,9,0,0.6,1,1,1,0,0
CUST0560,35,Male,Divorced,University,Self-employed,140,Savings,3,120498,16,5,10,2,0.6,0,1,1,1,0
CUST0103,23,Male,Single,Primary,Self-employed,42,Savings,3,91588,13,12,13,0,0.82,1,0,0,0,0
CUST1565,31,Female,Married,Secondary,Self-employed,69,Fixed Deposit,2,44095,13,14,17,1,0.95,0,1,0,0,0
CUST2474,24,Male,Single,Secondary,Employed,84,Fixed Deposit,3,172955,14,9,15,0,0.97,0,1,0,0,0
CUST0221,44,Female,Single,Primary,Self-employed,156,Savings,1,2887,19,3,11,0,0.9,3,1,0,0,0
CUST2606,34,Female,Single,University,Self-employed,165,Fixed Deposit,4,98507,11,12,6,0,0.54,0,1,0,1,0
CUST2593,44,Male,Married,University,Employed,72,Current,1,55487,18,11,15,1,0.95,0,1,0,0,0
CUST0685,37,Male,Divorced,University,Employed,2,Current,1,142696,15,9,6,0,0.68,1,1,0,0,1
CUST0512,32,Male,Married,Primary,Self-employed,59,Savings,1,28999,26,10,10,0,0.62,3,1,0,0,0
CUST2576,18,Male,Married,Secondary,Employed,1,Savings,3,32555,11,10,9,1,0.84,2,1,0,0,1
CUST0201,42,Female,Divorced,University,Self-employed,121,Savings,4,309294,17,5,13,1,0.74,1,1,1,1,0
CUST0832,35,Male,Single,University,Employed,121,Savings,1,314907,30,9,6,0,0.85,1,0,0,1,0
CUST0083,33,Male,Divorced,University,Employed,121,Current,1,139027,13,6,14,0,0.54,0,0,0,0,0
CUST0894,32,Male,Divorced,University,Employed,178,Savings,3,180994,16,3,5,0,0.74,0,1,1,0,0
CUST2675,36,Female,Married,University,Unemployed,149,Savings,1,91721,16,7,7,0,0.77,0,0,0,0,0
CUST2553,43,Male,Single,University,Employed,61,Savings,1,116685,17,6,12,0,0.63,1,0,0,0,0
CUST1786,38,Male,Divorced,University,Employed,163,Fixed Deposit,2,599928,20,8,13,1,0.58,0,0,1,0,0
CUST2100,21,Female,Single,University,Employed,12,Current,2,100667,8,9,16,0,0.67,2,1,1,0,0
CUST1608,39,Female,Single,Secondary,Self-employed,28,Savings,1,21029,15,6,9,0,0.85,1,0,0,0,0
CUST1009,43,Female,Single,Secondary,Employed,29,Savings,3,330341,14,10,15,0,0.94,1,0,0,0,1
CUST2656,40,Male,Married,Primary,Employed,57,Savings,2,134782,12,10,10,0,0.82,1,1,0,0,1
CUST2963,44,Female,Divorced,Primary,Self-employed,76,Savings,1,38002,12,7,8,0,0.68,2,1,0,0,0
CUST2743,18,Male,Married,Secondary,Unemployed,90,Current,1,29909,12,13,13,0,0.5,2,1,1,0,1
CUST0583,34,Female,Single,Secondary,Employed,14,Savings,3,65498,18,7,12,0,0.73,1,1,0,0,1
CUST0982,42,Male,Married,Primary,Self-employed,40,Savings,3,691441,17,8,15,0,0.72,0,1,1,0,1
CUST1185,36,Female,Divorced,Primary,Employed,11,Current,2,50113,22,8,12,0,0.81,0,1,0,1,0
CUST2044,37,Male,Married,Primary,Employed,177,Current,3,21474,16,6,11,1,0.99,2,0,0,1,0
CUST1836,41,Female,Single,Secondary,Employed,148,Savings,1,15557,15,6,14,0,0.93,2,0,1,0,0
CUST1051,44,Female,Married,Primary,Self-employed,155,Current,3,66853,14,13,8,0,0.93,1,1,1,0,0
CUST1968,26,Female,Single,University,Unemployed,175,Savings,4,41586,11,10,12,0,0.99,1,0,1,0,0
CUST0403,28,Female,Married,Primary,Self-employed,51,Fixed Deposit,2,93749,16,9,5,0,0.69,0,1,0,0,0
CUST2544,29,Female,Married,Secondary,Employed,16,Savings,3,172830,13,8,10,0,0.95,2,0,0,0,1
CUST0892,42,Male,Married,University,Self-employed,42,Current,1,277958,13,16,14,0,0.91,0,1,1,0,0
CUST1228,34,Male,Single,Secondary,Unemployed,30,Current,1,697710,12,6,11,1,0.71,1,1,0,0,0
CUST2038,42,Male,Divorced,Secondary,Employed,13,Fixed Deposit,1,78983,15,5,11,0,0.73,0,1,1,0,0
CUST2315,33,Male,Married,University,Self-employed,33,Savings,2,24197,12,8,14,1,0.83,0,1,0,0,0
CUST0265,27,Male,Married,University,Self-employed,118,Savings,1,305480,16,13,6,0,0.69,4,1,0,0,0
CUST1569,52,Male,Single,Secondary,Employed,95,Savings,2,39699,18,7,6,0,0.7,0,0,0,0,0
CUST0421,55,Female,Married,Secondary,Employed,127,Current,3,230454,17,4,4,0,0.62,1,0,0,1,0
CUST1146,35,Female,Single,Primary,Self-employed,115,Savings,3,103236,24,5,9,0,0.91,0,0,0,1,0
CUST0522,22,Male,Married,Secondary,Self-employed,36,Savings,1,147724,19,14,14,0,0.79,0,0,0,0,0
CUST0821,51,Male,Married,Primary,Employed,155,Savings,1,80223,15,12,8,0,0.73,1,0,0,0,0
CUST1506,34,Female,Single,Secondary,Employed,13,Savings,2,111347,20,6,8,0,0.8,2,1,0,1,0
CUST0927,40,Female,Married,Primary,Employed,87,Savings,4,48945,15,10,7,0,0.89,0,1,0,0,0
CUST1350,20,Male,Married,Secondary,Employed,84,Savings,4,15402,9,8,7,0,0.94,3,1,0,0,0
CUST1270,52,Female,Married,University,Employed,97,Savings,2,8173,11,4,11,0,0.8,4,1,0,0,0
CUST0460,52,Female,Married,University,Employed,1,Current,3,176697,6,9,12,0,0.75,1,1,0,0,0
CUST2506,37,Female,Married,Secondary,Employed,35,Savings,2,43574,15,4,7,0,0.77,1,1,0,0,1
CUST0237,29,Male,Married,Secondary,Employed,120,Savings,4,55741,17,16,12,0,0.97,0,1,0,0,0
CUST0371,18,Male,Divorced,University,Employed,68,Current,2,28214,9,7,11,0,0.72,2,1,0,0,0
CUST1070,31,Female,Single,Primary,Employed,114,Savings,3,86976,20,8,12,0,0.71,4,1,0,0,1
CUST0718,42,Male,Married,Secondary,Employed,177,Current,4,159980,15,9,9,0,0.91,3,1,1,0,0
CUST2273,43,Female,Married,Secondary,Self-employed,29,Savings,3,225337,18,8,11,0,0.99,0,1,0,0,0
CUST1414,29,Male,Divorced,None,Self-employed,86,Savings,2,36944,15,8,12,0,0.8,2,1,0,0,0
CUST2939,51,Male,Single,University,Employed,73,Savings,2,204584,12,5,13,0,0.85,0,0,1,0,0
CUST2391,41,Female,Married,University,Self-employed,81,Current,2,125280,11,5,11,0,0.99,0,1,0,0,0
CUST0139,35,Female,Married,Primary,Employed,165,Savings,1,107807,22,4,12,0,0.54,3,1,0,0,0
CUST2482,33,Female,Married,University,Self-employed,103,Savings,1,365486,12,6,7,0,0.6,0,0,0,0,0
CUST1946,29,Male,Married,None,Employed,109,Savings,4,21513,9,6,14,0,0.72,1,0,0,0,0
CUST0847,31,Male,Single,University,Self-employed,132,Savings,2,126184,14,7,16,0,0.95,1,0,1,0,1
CUST0608,37,Female,Single,Secondary,Employed,171,Current,1,50851,10,7,8,1,0.65,0,0,0,0,0
CUST2695,34,Female,Married,Primary,Employed,33,Current,1,9865,18,7,13,0,0.54,1,0,0,0,0
CUST2305,50,Female,Single,Primary,Employed,34,Savings,4,125666,9,9,14,0,0.76,0,0,0,0,0
CUST2224,35,Female,Married,Secondary,Self-employed,31,Current,1,130715,7,7,11,0,0.9,1,1,0,0,1
CUST0432,28,Female,Single,Secondary,Employed,49,Savings,2,150785,10,10,9,0,0.82,2,1,0,0,1
CUST2398,18,Male,Single,Primary,Employed,146,Current,4,626385,15,8,5,0,0.83,1,1,0,0,0
CUST0058,47,Female,Single,Primary,Self-employed,91,Savings,1,92213,17,8,15,1,0.52,3,1,0,0,1
CUST1149,32,Male,Single,Primary,Employed,2,Fixed Deposit,1,31911,20,7,11,0,0.88,0,1,0,0,0
CUST0652,21,Female,Single,Secondary,Employed,162,Savings,2,815198,17,11,12,0,0.97,0,1,0,1,0
CUST0623,26,Female,Single,Primary,Employed,101,Current,2,55732,12,4,9,0,0.99,1,1,0,0,0
CUST2872,60,Female,Married,Secondary,Employed,131,Savings,1,216083,12,4,10,0,0.64,1,1,0,1,0
CUST0891,22,Male,Divorced,University,Employed,53,Savings,1,227982,14,3,10,1,0.64,0,1,1,0,1
CUST2070,38,Female,Married,Secondary,Employed,107,Savings,3,65217,17,5,7,0,0.64,1,1,1,0,0
CUST0659,18,Male,Divorced,University,Self-employed,123,Current,2,198646,5,8,13,0,0.92,0,1,0,0,0
CUST1042,33,Male,Married,Primary,Employed,56,Savings,2,66615,11,10,8,0,0.5,1,0,0,0,1
CUST0986,38,Female,Married,Primary,Employed,119,Current,1,70869,17,9,10,0,0.61,1,1,1,0,0
CUST1497,33,Female,Married,Secondary,Unemployed,112,Savings,1,1400,21,13,12,0,0.92,1,0,1,0,0
CUST0330,35,Female,Married,University,Employed,57,Savings,1,17278,16,8,10,0,0.97,2,0,0,0,1
CUST0362,33,Female,Married,University,Employed,98,Savings,2,337950,19,11,9,0,0.91,2,1,0,0,1
CUST0986,44,Female,Married,Primary,Employed,172,Current,2,316316,21,8,10,0,0.87,1,1,0,0,0
CUST0351,34,Male,Married,Primary,Employed,20,Current,4,3459,21,11,8,0,0.69,2,1,0,0,1
CUST2577,51,Female,Married,Secondary,Unemployed,152,Current,1,200058,16,4,12,0,0.73,1,1,0,0,0
CUST2528,42,Female,Divorced,Primary,Self-employed,168,Current,2,206786,14,10,8,0,0.7,2,1,0,0,0
CUST1758,34,Male,Single,Secondary,Self-employed,108,Savings,1,400603,20,9,15,0,0.88,0,1,0,0,0
CUST2928,46,Female,Married,Secondary,Self-employed,74,Current,2,75193,16,7,5,0,0.78,1,1,0,0,0
CUST0173,35,Female,Divorced,Primary,Employed,51,Savings,2,4047,15,6,14,0,0.54,1,1,1,0,0
CUST0505,38,Male,Married,Primary,Self-employed,130,Current,1,69460,16,8,11,0,0.82,0,1,1,0,0
CUST0568,32,Female,Single,Primary,Employed,96,Fixed Deposit,2,201276,16,8,15,0,0.51,0,1,0,0,0
CUST2825,18,Male,Married,University,Unemployed,169,Current,1,33701,16,3,12,2,0.53,1,0,0,0,1
CUST0151,30,Female,Single,Secondary,Self-employed,118,Fixed Deposit,2,290994,17,9,13,0,0.8,2,1,0,1,0
CUST0250,20,Female,Married,Secondary,Employed,92,Savings,2,208062,19,4,6,0,0.72,0,1,0,1,1
CUST2401,35,Female,Married,Primary,Self-employed,50,Savings,4,314416,14,10,10,0,0.88,1,1,0,0,0
CUST0324,36,Female,Married,University,Employed,46,Savings,2,65189,15,9,4,0,0.62,0,1,0,0,0
CUST0279,39,Female,Married,Primary,Employed,61,Current,1,56288,16,10,5,0,0.81,0,1,0,1,0
CUST2933,38,Female,Single,Secondary,Employed,64,Savings,1,368601,17,6,6,1,0.65,2,1,0,0,1
CUST0144,57,Female,Divorced,Primary,Employed,1,Savings,3,80938,14,9,10,0,0.74,0,1,1,0,0
CUST1462,35,Male,Single,University,Employed,75,Savings,1,841,14,5,5,2,0.98,1,0,1,0,0
CUST2872,42,Male,Single,Primary,Employed,29,Fixed Deposit,1,161244,13,5,14,0,0.79,2,1,0,0,0
CUST2517,36,Female,Single,None,Employed,140,Savings,2,159823,16,14,5,0,0.51,1,0,0,0,0
CUST0600,53,Male,Single,Primary,Self-employed,52,Savings,2,62861,20,9,6,0,0.72,1,1,0,0,0
CUST1703,42,Male,Married,Primary,Self-employed,145,Savings,2,364909,22,8,8,0,0.68,1,1,0,1,0
CUST1514,46,Male,Single,Secondary,Employed,55,Current,1,88110,20,4,10,0,0.55,1,1,1,0,1
CUST2014,18,Female,Married,Primary,Employed,68,Current,1,9862,12,12,5,0,0.57,1,0,0,0,1
CUST1648,40,Male,Single,Secondary,Employed,46,Savings,1,149796,12,6,10,1,0.78,0,1,0,0,1
CUST2706,27,Female,Single,None,Employed,57,Savings,2,86322,10,7,9,0,0.61,1,1,1,0,0
CUST2590,44,Female,Married,Secondary,Employed,35,Current,2,164202,20,15,10,0,0.85,0,1,1,0,0
CUST1941,34,Male,Single,Secondary,Employed,56,Current,3,183603,15,4,3,1,0.53,0,1,1,0,0
CUST1021,42,Male,Single,University,Employed,142,Savings,1,103610,12,10,17,1,0.67,0,1,0,1,1
CUST0017,39,Female,Married,Secondary,Self-employed,17,Current,3,152501,16,6,10,0,0.8,0,1,1,0,1
CUST0870,18,Male,Married,University,Unemployed,56,Fixed Deposit,3,81151,9,5,12,0,0.73,1,0,0,0,1
CUST2496,26,Female,Married,None,Employed,11,Savings,1,100386,18,13,14,0,0.77,3,0,0,0,0
CUST2612,30,Male,Married,University,Self-employed,123,Current,2,88372,11,4,7,0,0.61,0,1,0,0,1
CUST2147,43,Male,Married,Secondary,Employed,131,Fixed Deposit,1,300721,16,7,12,1,0.76,3,0,1,1,0
CUST0188,31,Female,Single,Primary,Unemployed,124,Savings,3,30807,16,10,13,0,0.54,0,0,1,0,0
CUST0184,33,Female,Single,Secondary,Self-employed,84,Savings,1,304520,18,9,7,0,0.87,1,0,1,0,0
CUST0277,38,Male,Married,Primary,Employed,178,Fixed Deposit,3,88338,19,9,6,0,0.95,0,1,1,1,0
CUST1841,34,Female,Married,Primary,Unemployed,171,Savings,2,11960,25,7,16,1,0.99,0,1,0,0,0
CUST2597,24,Female,Single,Primary,Employed,2,Savings,1,217507,21,5,9,0,0.84,0,0,0,1,0
CUST1288,53,Male,Single,Secondary,Employed,8,Savings,4,93785,17,5,17,0,0.54,4,0,0,0,0
CUST1789,28,Male,Single,Secondary,Self-employed,164,Savings,1,391376,11,7,8,0,0.94,1,1,0,0,0
CUST2396,34,Male,Married,University,Self-employed,124,Savings,4,115047,17,3,9,0,0.92,0,1,0,0,0
CUST1415,30,Male,Married,Secondary,Employed,37,Savings,1,44223,12,11,7,1,0.87,1,1,0,1,1
CUST0343,28,Male,Single,University,Self-employed,168,Savings,2,63294,20,6,15,0,0.57,1,0,1,0,0
CUST0984,29,Male,Single,University,Self-employed,98,Current,2,30891,15,4,7,0,0.96,0,1,0,1,0
CUST1098,33,Male,Married,Primary,Self-employed,27,Current,4,915,14,14,11,0,0.59,1,0,0,0,1
CUST2483,23,Female,Married,Secondary,Employed,54,Savings,3,26622,17,7,8,1,0.68,0,1,0,0,1
CUST2859,54,Female,Married,Secondary,Employed,116,Current,1,290724,20,7,11,0,0.51,1,0,0,1,0
CUST0688,32,Female,Single,Primary,Employed,54,Savings,1,72636,17,9,7,0,0.67,0,1,0,1,0
CUST0605,21,Male,Married,Primary,Employed,84,Savings,1,1486,14,8,13,0,0.61,1,1,0,1,1
CUST2584,45,Female,Married,Secondary,Employed,71,Current,2,220426,14,3,13,0,0.74,1,1,1,0,1
CUST2722,34,Male,Single,Secondary,Self-employed,132,Savings,3,30757,13,7,12,0,0.81,0,0,0,0,0
CUST1412,29,Female,Married,Primary,Employed,65,Fixed Deposit,2,61917,15,6,8,0,0.98,3,1,1,0,0
CUST0007,29,Male,Married,Secondary,Self-employed,5,Fixed Deposit,1,69658,9,7,14,0,0.74,1,1,1,0,1
CUST2472,34,Female,Married,Secondary,Employed,107,Savings,2,17884,14,9,4,0,0.64,0,1,1,0,1
CUST1876,18,Male,Married,University,Employed,171,Savings,1,226851,18,10,7,0,0.93,0,0,0,0,0
CUST1513,34,Male,Divorced,University,Employed,66,Savings,1,123355,15,6,9,0,0.57,1,1,1,0,0
CUST0597,54,Female,Single,Secondary,Employed,67,Savings,1,178437,19,8,8,0,0.69,2,0,0,0,0
CUST2931,18,Female,Married,Secondary,Employed,16,Savings,1,188253,18,6,14,0,0.78,0,0,1,0,1
CUST1904,42,Female,Married,Primary,Employed,110,Savings,1,177320,14,12,10,0,0.89,0,1,1,0,0
CUST2389,38,Male,Married,Primary,Unemployed,61,Fixed Deposit,1,266938,8,7,17,1,0.73,1,1,1,0,1
CUST2460,61,Female,Married,University,Employed,175,Savings,2,305156,10,8,16,0,0.72,1,0,1,0,0
CUST2375,29,Male,Married,Secondary,Self-employed,107,Savings,2,72357,13,5,6,0,0.58,1,1,0,0,1
CUST2341,30,Male,Single,Secondary,Employed,134,Current,1,358284,13,5,14,0,0.8,1,0,0,0,0
CUST0051,33,Female,Single,Secondary,Self-employed,51,Savings,1,73308,8,8,16,0,0.56,1,1,0,0,0
CUST1775,34,Female,Single,Secondary,Employed,16,Savings,3,74055,22,5,5,0,0.77,3,1,1,0,0
CUST1245,27,Male,Married,Primary,Employed,156,Savings,2,72040,12,7,15,0,0.8,1,1,0,0,0
CUST2880,36,Female,Married,University,Unemployed,64,Savings,1,173019,15,8,10,0,0.87,0,1,1,1,0
CUST2920,55,Male,Married,Secondary,Employed,57,Savings,3,138098,12,10,11,0,0.61,2,1,1,0,0
CUST1707,38,Female,Single,Secondary,Unemployed,96,Savings,1,146152,19,5,12,0,0.76,1,1,0,0,0
CUST2830,44,Female,Single,Secondary,Employed,138,Savings,3,100753,7,9,7,0,0.51,3,0,1,0,1
CUST1271,35,Female,Single,University,Self-employed,19,Current,2,16982,12,10,11,0,0.7,3,1,0,1,0
CUST1542,48,Male,Married,Primary,Self-employed,169,Current,3,343967,11,9,19,0,0.97,1,1,0,0,0
CUST0652,33,Female,Single,None,Employed,159,Current,3,350267,17,6,9,0,0.68,1,1,1,0,1
CUST1979,35,Female,Single,Primary,Employed,110,Current,3,36253,14,5,8,0,0.62,2,1,0,0,0
CUST0884,26,Female,Married,Secondary,Self-employed,14,Savings,1,15996,19,10,14,0,0.87,1,1,0,0,0
CUST0916,34,Male,Married,Secondary,Self-employed,142,Current,1,35519,18,6,10,0,0.73,0,1,1,0,1
CUST0940,31,Female,Married,Secondary,Employed,19,Current,1,3535,19,7,13,1,0.53,3,0,1,1,1
CUST2718,37,Female,Single,University,Self-employed,32,Savings,4,307288,13,9,10,0,0.55,1,0,0,1,0
CUST1773,41,Female,Single,University,Employed,85,Fixed Deposit,3,315347,17,4,16,0,0.62,1,1,0,0,0
CUST2650,45,Male,Married,Primary,Self-employed,180,Savings,3,41963,14,4,11,0,0.59,0,1,0,1,0
CUST0553,37,Male,Married,University,Employed,29,Fixed Deposit,2,121161,16,8,13,0,0.76,1,1,0,0,0
CUST1246,54,Female,Married,Secondary,Unemployed,176,Current,2,90829,22,6,8,0,0.86,0,1,0,0,0
CUST0586,36,Female,Married,Primary,Self-employed,67,Savings,2,264100,14,7,10,0,0.64,1,0,1,0,0
CUST2926,32,Male,Married,Secondary,Self-employed,93,Savings,3,151597,15,7,7,0,0.89,0,1,1,0,0
CUST1481,42,Male,Single,University,Employed,165,Fixed Deposit,4,55564,17,10,12,0,0.86,1,0,0,1,0
CUST2116,29,Male,Single,Secondary,Employed,50,Current,1,8411,17,5,9,1,0.52,0,0,0,0,1
CUST1643,37,Female,Married,Primary,Employed,162,Savings,4,24809,14,5,15,1,0.99,0,1,0,0,0
CUST1560,32,Female,Divorced,Secondary,Employed,89,Savings,2,27849,14,8,14,0,0.5,2,1,0,1,0
CUST1799,23,Male,Single,Primary,Employed,116,Savings,3,64434,23,11,13,0,0.58,2,1,0,0,0
CUST1102,39,Female,Married,Secondary,Employed,10,Current,1,140432,16,4,9,0,0.69,0,0,0,0,0
CUST1474,30,Male,Married,Primary,Employed,24,Current,2,117574,10,15,12,0,0.94,0,1,1,0,0
CUST1162,31,Male,Single,Secondary,Unemployed,91,Savings,4,45165,12,12,6,0,0.84,1,1,0,0,0
CUST2998,30,Male,Married,Primary,Employed,169,Savings,1,211835,13,10,13,0,0.97,1,0,0,0,0
CUST0424,37,Female,Single,Secondary,Self-employed,69,Fixed Deposit,2,45096,18,4,6,1,0.73,2,1,0,0,1
CUST2241,18,Male,Married,None,Employed,76,Fixed Deposit,1,29469,14,11,15,1,0.66,0,1,0,1,0
CUST0343,18,Female,Married,Secondary,Self-employed,55,Savings,1,13272,24,5,14,0,0.65,0,0,0,1,0
CUST1251,43,Male,Divorced,Primary,Employed,20,Savings,1,313460,18,8,7,0,0.51,0,1,0,0,0
CUST2610,49,Female,Married,Primary,Employed,36,Savings,3,381234,19,9,12,0,0.65,0,1,1,0,0
CUST1998,39,Female,Married,Secondary,Self-employed,71,Fixed Deposit,2,195593,14,8,10,1,0.71,1,1,1,0,0
CUST2534,38,Female,Married,Primary,Employed,65,Savings,4,76819,25,6,11,0,0.94,1,1,0,0,1
CUST2591,44,Male,Single,University,Employed,110,Savings,3,94273,15,6,12,0,0.89,0,1,0,1,0
CUST0825,25,Male,Single,Secondary,Employed,83,Savings,1,349043,24,8,12,0,0.61,0,1,1,1,0
CUST0361,26,Male,Divorced,Primary,Employed,140,Savings,2,173046,16,7,8,0,0.85,2,0,0,0,1
CUST0208,34,Male,Single,Secondary,Employed,124,Savings,2,54501,9,11,12,0,0.5,2,1,0,0,1
CUST1447,52,Female,Married,Secondary,Self-employed,117,Savings,1,410525,20,9,12,0,0.51,1,0,0,0,0
CUST0437,40,Male,Divorced,Secondary,Employed,94,Fixed Deposit,3,112194,11,10,11,0,0.84,1,1,0,1,0
CUST1021,44,Female,Single,Secondary,Self-employed,9,Current,4,2407,9,9,8,0,0.92,1,1,0,0,0
CUST2510,58,Male,Divorced,Secondary,Employed,132,Savings,3,251782,11,7,11,0,0.58,2,1,1,1,1
CUST0639,22,Female,Single,University,Employed,7,Fixed Deposit,1,602090,11,7,8,0,0.86,2,1,0,0,1
CUST0919,34,Male,Married,Primary,Self-employed,2,Savings,2,4948,20,13,5,0,0.76,1,1,1,0,0
CUST1684,18,Female,Single,Secondary,Self-employed,87,Savings,2,10457,11,8,14,1,0.77,1,0,0,0,1
CUST0871,29,Male,Single,Secondary,Self-employed,46,Savings,1,187284,13,4,12,1,0.75,1,1,1,0,0
CUST0003,26,Male,Divorced,University,Self-employed,24,Savings,2,86271,16,10,11,0,0.63,1,0,1,0,0
CUST1726,43,Male,Married,University,Self-employed,167,Savings,2,14687,13,6,14,1,0.58,3,0,1,0,1
CUST2050,29,Female,Divorced,Secondary,Employed,154,Fixed Deposit,4,157790,10,4,4,1,0.91,0,1,0,0,0
CUST2329,31,Male,Divorced,University,Employed,34,Savings,2,309919,18,7,13,1,0.8,0,0,0,0,1
CUST0810,34,Female,Divorced,Secondary,Employed,165,Savings,1,435759,9,7,15,1,0.74,2,0,1,0,0
CUST0375,45,Male,Single,Primary,Employed,143,Savings,3,116573,15,6,8,0,0.9,0,1,1,1,1
CUST1971,52,Female,Married,Secondary,Employed,75,Savings,4,481900,11,7,8,0,0.82,1,1,0,0,0
CUST2748,31,Male,Divorced,University,Self-employed,127,Current,1,19923,14,5,10,0,0.78,0,1,1,0,0
CUST2990,40,Male,Married,Secondary,Employed,53,Current,2,217797,13,8,6,0,0.7,2,1,0,0,0
CUST2358,23,Female,Married,University,Employed,40,Fixed Deposit,1,99564,14,6,6,0,0.77,2,0,1,0,1
CUST2952,20,Female,Married,Secondary,Employed,140,Fixed Deposit,4,180206,15,12,9,1,0.78,2,1,0,0,0
CUST1470,41,Male,Married,Primary,Self-employed,159,Savings,3,154927,11,13,6,0,0.99,1,1,0,0,1
CUST0866,18,Male,Single,Primary,Employed,109,Savings,1,46497,15,12,17,0,0.83,0,0,1,0,1
CUST0641,42,Male,Single,Primary,Employed,16,Savings,3,107646,13,4,12,1,0.66,1,1,0,0,1
CUST2852,41,Male,Single,University,Employed,12,Fixed Deposit,4,279775,19,5,12,0,0.53,1,0,1,0,0
CUST1239,38,Male,Divorced,Primary,Unemployed,62,Savings,3,43548,20,4,17,0,0.57,3,0,1,0,1
CUST0548,34,Male,Married,University,Self-employed,63,Savings,2,57199,15,6,10,0,0.53,0,1,0,0,1
CUST1050,37,Male,Single,Secondary,Employed,157,Current,1,126011,22,9,7,0,0.85,3,1,0,0,0
CUST0055,27,Male,Single,Primary,Employed,176,Current,1,266470,18,6,9,1,0.74,3,0,0,0,0
CUST1748,25,Female,Divorced,Primary,Employed,36,Savings,2,164927,11,10,14,2,0.7,0,1,0,0,1
CUST0578,42,Female,Married,University,Employed,27,Current,1,461005,15,7,7,1,0.73,1,0,0,0,1
CUST0588,35,Male,Married,Secondary,Unemployed,28,Savings,1,313157,8,7,11,1,0.83,1,1,1,1,0
CUST1138,18,Male,Single,Secondary,Employed,52,Savings,1,48109,12,8,10,0,0.54,1,0,0,0,0
CUST1285,19,Male,Married,Secondary,Employed,60,Savings,2,53505,18,14,12,0,0.56,1,1,0,0,1
CUST0628,44,Male,Married,Secondary,Self-employed,53,Savings,1,66226,12,9,11,1,0.52,1,1,0,0,0
CUST2067,35,Female,Married,Primary,Self-employed,154,Fixed Deposit,1,178926,18,5,12,0,0.91,0,1,1,0,0
CUST2980,51,Female,Single,Primary,Employed,167,Current,4,37400,17,5,7,0,0.79,1,1,1,0,0
CUST0970,29,Male,Single,Secondary,Employed,63,Savings,2,131531,14,6,8,0,0.93,0,0,0,0,0
CUST2521,52,Male,Married,Secondary,Employed,117,Savings,3,214503,12,7,10,0,0.84,2,1,0,0,0
CUST0690,34,Female,Married,None,Unemployed,111,Savings,2,130366,10,7,19,0,0.84,0,1,1,0,0
CUST1429,21,Female,Divorced,Primary,Employed,31,Savings,1,103719,16,10,11,0,0.6,0,1,1,0,1
CUST1516,31,Female,Married,Secondary,Self-employed,79,Current,1,432733,17,5,6,0,0.97,2,0,1,0,1
CUST0816,29,Female,Single,University,Employed,151,Savings,2,155322,19,8,11,0,0.66,2,1,0,0,0
CUST1497,18,Male,Single,Primary,Employed,120,Current,1,6429,18,6,6,0,0.72,1,0,0,0,0
CUST0405,34,Male,Single,Secondary,Employed,165,Savings,1,3812,8,6,11,0,0.53,0,1,0,0,0
CUST2983,50,Female,Married,Primary,Employed,63,Fixed Deposit,1,78003,14,5,13,0,0.69,0,1,1,1,0
CUST0372,39,Female,Married,Secondary,Self-employed,40,Savings,2,310054,24,12,4,0,1,0,0,0,0,1
CUST1142,32,Male,Single,University,Unemployed,66,Savings,1,135195,19,5,12,0,0.98,0,0,0,0,1
CUST2479,31,Female,Divorced,University,Employed,115,Current,2,69251,18,6,7,1,0.56,1,0,0,0,0
CUST0683,47,Male,Divorced,Secondary,Self-employed,84,Fixed Deposit,1,72208,13,6,14,1,0.69,0,1,1,0,0
CUST2365,41,Male,Single,University,Self-employed,61,Savings,4,118195,10,9,14,0,0.58,0,1,1,0,0
CUST2767,27,Female,Single,Primary,Unemployed,86,Current,2,205779,17,8,9,0,0.83,1,0,1,0,1
CUST1608,42,Female,Married,None,Employed,158,Current,1,82725,25,10,8,1,0.81,1,0,0,0,0
CUST2980,42,Female,Single,Secondary,Employed,126,Savings,3,259636,20,8,14,0,0.89,1,1,0,0,0
CUST0631,28,Male,Married,None,Employed,88,Savings,4,42643,10,9,12,0,0.79,2,1,0,0,0
CUST2157,33,Female,Divorced,Secondary,Employed,130,Savings,3,67083,23,11,8,0,0.58,0,0,0,0,1
CUST2627,42,Female,Married,Primary,Employed,82,Savings,2,306151,15,12,4,0,0.84,3,1,1,0,0
CUST2374,19,Male,Married,Secondary,Employed,55,Current,1,124772,13,6,15,1,0.85,1,1,0,1,0
CUST2724,37,Male,Divorced,Secondary,Employed,92,Current,2,309429,15,4,12,1,0.97,3,0,0,0,0
CUST2492,23,Male,Divorced,Primary,Employed,43,Savings,1,117504,14,10,13,0,0.79,2,1,0,1,0
CUST0479,23,Male,Married,Primary,Employed,129,Current,2,508753,13,15,11,0,0.68,1,1,1,0,0
CUST1562,42,Male,Single,None,Employed,149,Fixed Deposit,3,61269,19,14,9,0,0.94,0,0,0,1,0
CUST2521,31,Male,Single,Secondary,Employed,34,Current,1,133116,16,6,10,0,0.62,0,1,0,0,1
CUST0147,39,Female,Married,Primary,Unemployed,168,Savings,1,5875,14,11,7,0,0.93,1,0,0,1,1
CUST2962,45,Female,Single,Primary,Employed,107,Savings,2,212355,13,7,10,0,0.96,0,1,0,0,0
CUST1652,47,Male,Married,Primary,Unemployed,104,Current,3,86337,11,8,3,0,0.55,1,1,1,0,1
CUST1195,21,Male,Single,Primary,Self-employed,111,Savings,2,158334,14,15,7,0,0.58,3,1,0,1,0
CUST0810,28,Male,Single,Secondary,Unemployed,19,Savings,1,5128,17,9,8,0,0.56,1,1,1,0,1
CUST0860,27,Male,Single,Primary,Employed,129,Fixed Deposit,1,376503,9,9,7,0,0.73,2,1,0,0,0
CUST1512,32,Male,Single,Primary,Unemployed,174,Fixed Deposit,2,17425,30,14,15,0,0.82,3,1,0,0,0
CUST2032,49,Male,Married,Secondary,Employed,175,Savings,4,78618,14,7,15,1,0.66,1,0,1,0,1
CUST2449,34,Male,Divorced,Secondary,Employed,78,Savings,1,88026,13,9,12,0,0.71,1,1,0,0,1
CUST1964,18,Male,Married,Secondary,Employed,37,Savings,3,345288,11,7,9,0,0.9,2,1,1,1,1
CUST0008,27,Female,Divorced,Secondary,Self-employed,172,Savings,1,134640,17,9,11,0,0.91,0,0,0,0,0
CUST1698,40,Female,Single,Secondary,Unemployed,119,Savings,2,54306,10,13,17,0,0.97,2,1,0,0,0
CUST0609,24,Male,Single,Secondary,Self-employed,156,Savings,1,94795,17,8,10,0,0.96,2,1,0,1,0
CUST1427,27,Female,Married,None,Unemployed,175,Savings,1,219214,19,13,6,0,0.72,1,1,1,0,1
CUST1942,50,Female,Single,Secondary,Employed,145,Savings,3,651024,20,8,10,0,0.8,0,0,0,0,0
CUST0553,25,Female,Married,Secondary,Employed,106,Savings,4,109802,14,3,13,1,0.7,0,1,0,1,1
CUST2810,27,Female,Married,None,Self-employed,67,Savings,1,27967,13,5,6,0,0.66,1,1,1,0,1
CUST1820,39,Female,Single,Secondary,Employed,138,Savings,3,299190,7,8,7,0,0.55,3,0,1,0,0
CUST2594,45,Male,Divorced,University,Self-employed,40,Savings,3,15498,7,9,12,0,0.52,1,0,0,1,1
CUST2718,33,Male,Single,Primary,Self-employed,112,Savings,3,317222,17,8,9,0,0.86,0,1,0,1,0
CUST2115,35,Male,Single,University,Unemployed,18,Savings,1,61261,21,10,12,0,0.59,0,1,1,0,0
CUST2008,48,Female,Single,Primary,Unemployed,130,Savings,1,18097,15,8,12,0,0.97,1,1,0,0,0
CUST1729,30,Female,Single,Secondary,Self-employed,145,Current,1,188404,16,12,11,0,0.58,2,1,0,0,0
CUST0039,29,Male,Single,Secondary,Employed,172,Current,1,106685,15,7,8,1,0.84,1,1,0,0,0
CUST1961,38,Female,Married,Primary,Self-employed,163,Savings,2,7740,13,6,9,0,0.82,0,0,0,0,0
CUST2522,49,Female,Married,None,Self-employed,28,Current,4,62185,15,5,14,0,0.79,1,1,1,0,0
CUST2059,26,Male,Single,University,Employed,134,Savings,3,59366,18,10,12,0,0.93,0,1,0,0,0
CUST1699,48,Female,Married,Secondary,Employed,137,Current,1,32362,23,8,7,0,0.56,2,0,0,0,0
CUST1002,33,Female,Divorced,Secondary,Self-employed,162,Savings,1,141088,19,9,6,1,0.88,1,0,0,0,0
CUST2257,32,Male,Married,Primary,Unemployed,126,Savings,2,102651,18,10,9,2,0.78,1,1,0,0,1
CUST0429,46,Male,Single,University,Self-employed,143,Current,2,589559,20,4,10,1,0.89,1,0,0,0,0
CUST0298,48,Male,Single,Primary,Unemployed,171,Savings,3,77993,16,6,9,0,0.75,0,0,0,0,0
CUST1406,26,Male,Divorced,Secondary,Employed,169,Current,2,142637,19,4,10,0,0.98,0,0,0,0,0
CUST2573,27,Female,Divorced,University,Self-employed,136,Current,2,149391,10,7,9,0,0.89,0,1,0,1,0
CUST0334,32,Female,Married,Primary,Employed,153,Fixed Deposit,3,176051,14,12,10,1,0.69,1,1,0,0,0
CUST2516,25,Male,Married,Primary,Employed,79,Current,1,76149,16,7,10,0,0.81,0,1,0,0,0
CUST0774,24,Male,Married,Secondary,Employed,139,Savings,3,47652,15,11,13,0,0.93,0,1,1,0,0
CUST1935,41,Male,Divorced,None,Employed,121,Current,1,11409,14,10,14,0,0.8,1,1,1,1,0
CUST2783,38,Male,Single,University,Unemployed,18,Current,1,59977,14,14,9,0,0.89,0,1,0,1,0
CUST2455,36,Female,Single,Secondary,Employed,2,Current,3,247351,17,12,10,0,0.53,0,1,0,1,1
CUST2751,36,Female,Married,Primary,Self-employed,178,Savings,3,163150,9,7,12,0,0.87,0,1,0,0,0
CUST1754,48,Male,Married,Secondary,Employed,122,Savings,3,57855,14,6,12,0,0.79,4,0,0,1,0
CUST0165,36,Female,Divorced,University,Employed,108,Savings,3,104267,13,5,12,0,0.82,0,0,0,0,0
CUST2298,42,Male,Divorced,Secondary,Self-employed,154,Savings,1,73687,20,14,3,0,0.69,2,1,0,0,0
CUST2477,37,Male,Single,Secondary,Employed,67,Fixed Deposit,1,126183,17,9,8,0,0.59,2,1,0,0,0
CUST2369,30,Male,Single,Secondary,Employed,136,Current,2,160139,17,7,10,0,0.61,5,1,0,1,1
CUST2445,39,Male,Single,Primary,Employed,140,Savings,2,23415,18,7,13,0,0.72,1,1,0,1,0
CUST0145,48,Female,Married,Primary,Employed,77,Savings,1,382696,16,6,8,0,0.51,0,0,1,0,0
CUST0643,29,Female,Married,Primary,Employed,180,Current,1,354298,11,5,9,0,0.65,0,0,1,0,0
CUST0720,42,Male,Single,University,Employed,122,Savings,1,139189,12,6,12,0,0.83,2,1,0,0,0
CUST2112,26,Male,Divorced,Primary,Employed,126,Savings,2,16963,18,9,2,1,0.52,0,1,0,0,0
CUST2578,28,Male,Married,Secondary,Unemployed,140,Savings,3,379808,12,6,8,0,0.52,2,1,1,0,0
CUST1297,37,Male,Single,Secondary,Employed,86,Fixed Deposit,4,591352,14,8,8,1,0.76,1,0,0,0,1
CUST1495,40,Male,Single,Secondary,Self-employed,4,Savings,2,36693,10,7,12,0,0.6,1,1,0,0,0
CUST0004,54,Female,Married,Secondary,Self-employed,37,Fixed Deposit,2,27207,14,9,10,0,0.91,0,1,0,0,1
CUST0010,31,Male,Married,Primary,Employed,100,Fixed Deposit,1,7000,14,9,9,0,0.95,0,1,0,1,0
CUST1892,22,Female,Single,Primary,Employed,4,Savings,1,287403,14,12,13,0,0.88,0,0,0,1,0
CUST0656,41,Female,Married,University,Employed,61,Current,1,273034,20,8,4,1,0.55,0,0,0,1,1
CUST1735,21,Male,Married,University,Employed,9,Current,3,147523,13,7,12,1,0.57,2,1,1,1,0
CUST1663,32,Female,Single,Primary,Self-employed,117,Current,2,103762,14,9,10,0,0.68,3,1,0,0,1
CUST1581,41,Male,Married,University,Employed,148,Savings,2,56039,18,7,5,1,0.58,3,1,0,0,1
CUST1532,28,Male,Married,University,Employed,117,Current,4,60058,19,12,11,0,0.66,1,1,0,0,1
CUST0896,46,Female,Married,Secondary,Employed,20,Savings,2,66238,15,6,4,0,0.71,2,1,0,0,0
CUST2815,18,Female,Married,Primary,Self-employed,62,Fixed Deposit,3,201683,13,2,12,0,0.81,2,0,0,0,1
CUST1520,18,Male,Divorced,None,Employed,18,Savings,1,118204,13,12,4,1,0.82,2,0,1,0,1
CUST1855,53,Male,Divorced,Secondary,Employed,157,Savings,4,179081,19,9,8,0,0.78,1,1,0,0,0
CUST0386,42,Male,Married,Secondary,Self-employed,174,Savings,3,110182,15,11,12,0,0.64,1,1,0,0,0
CUST1640,53,Male,Married,Secondary,Employed,29,Current,2,285216,16,12,9,0,0.77,1,1,0,0,0
CUST2648,39,Male,Single,None,Employed,164,Current,3,51087,16,10,9,0,0.64,0,0,0,1,0
CUST1140,35,Male,Divorced,None,Self-employed,15,Fixed Deposit,2,142074,15,7,7,0,0.73,0,0,0,0,1
CUST2035,39,Male,Divorced,Primary,Self-employed,99,Savings,1,91127,17,12,7,0,0.71,0,1,0,0,0
CUST1507,28,Male,Married,University,Employed,102,Current,1,146889,11,10,9,0,0.8,0,0,0,0,0
CUST0936,49,Female,Single,Secondary,Employed,99,Savings,1,395566,22,6,9,0,0.79,1,1,0,0,0
CUST1024,30,Male,Single,Secondary,Employed,150,Fixed Deposit,1,121898,17,7,5,0,0.98,2,1,1,0,1
CUST2536,32,Male,Single,University,Employed,172,Current,4,76671,13,9,11,0,0.92,1,1,0,0,0
CUST0077,27,Male,Single,University,Unemployed,4,Savings,1,142019,23,7,11,0,0.75,1,1,0,0,0
CUST0055,39,Male,Married,Secondary,Employed,94,Savings,4,28068,13,9,10,0,0.79,2,1,0,1,0
CUST1095,23,Male,Married,Secondary,Self-employed,49,Savings,1,29372,14,12,13,0,0.8,0,1,1,0,0
CUST0821,33,Male,Married,University,Employed,45,Savings,1,559723,25,7,10,0,0.81,0,1,1,1,0
CUST1980,18,Male,Married,Secondary,Employed,2,Savings,2,392707,16,3,16,1,0.94,1,1,1,0,0
CUST2509,37,Female,Married,None,Employed,5,Fixed Deposit,1,920,26,11,10,0,0.65,1,0,0,0,1
CUST1626,40,Male,Single,Secondary,Self-employed,123,Current,1,62411,17,11,14,0,0.92,0,1,1,0,1
CUST0500,46,Male,Married,Secondary,Employed,149,Savings,1,13182,19,7,12,0,0.77,0,0,1,0,1
CUST0883,28,Female,Married,University,Employed,37,Savings,1,20774,21,10,8,0,0.93,3,1,1,1,0
CUST1890,19,Female,Married,Secondary,Self-employed,105,Savings,2,162170,13,5,7,0,0.92,2,0,0,0,0
CUST2849,52,Male,Single,Secondary,Self-employed,44,Savings,2,205722,10,8,12,1,0.74,0,1,1,0,0
CUST0793,18,Female,Single,Secondary,Employed,48,Savings,2,10246,17,10,7,0,0.6,1,1,1,0,0
CUST2915,51,Male,Married,University,Employed,152,Savings,2,176603,11,12,9,0,0.65,0,0,0,0,0
CUST1857,24,Male,Married,None,Employed,15,Savings,4,129832,17,5,8,0,0.61,0,1,1,0,0
CUST0993,40,Male,Single,None,Self-employed,97,Savings,2,85600,14,5,10,0,0.52,1,1,0,1,0
CUST0717,36,Female,Single,Primary,Employed,69,Savings,3,26748,20,12,18,0,0.79,4,1,0,0,0
CUST2326,34,Female,Married,Secondary,Employed,46,Savings,4,58723,22,6,13,0,0.54,1,0,0,0,0
CUST0014,26,Female,Married,Primary,Employed,76,Current,2,11425,12,12,10,0,0.94,0,1,1,1,1
CUST0220,28,Female,Single,None,Self-employed,65,Savings,1,121002,22,6,11,0,0.55,0,1,0,1,1
CUST2768,28,Female,Married,Primary,Self-employed,145,Current,3,138484,14,12,12,0,0.74,1,0,0,0,0
CUST0408,41,Female,Single,Secondary,Employed,26,Fixed Deposit,2,172314,15,8,7,0,0.57,0,1,1,1,0
CUST1762,40,Female,Married,Secondary,Employed,147,Current,4,584378,8,4,8,1,0.94,2,1,0,0,0
CUST0480,31,Male,Single,Primary,Unemployed,22,Current,4,34713,15,11,13,0,0.87,1,1,0,1,0
CUST2647,38,Female,Married,Primary,Employed,122,Savings,4,65721,15,11,13,0,0.57,2,1,0,0,0
CUST1971,39,Female,Single,Secondary,Employed,91,Savings,2,19417,22,5,8,1,0.92,2,1,0,1,0
CUST2631,32,Female,Married,University,Employed,148,Current,1,180009,17,12,4,0,0.97,0,0,0,0,0
CUST0121,31,Male,Married,Primary,Self-employed,49,Fixed Deposit,3,571594,12,14,16,0,0.53,3,1,0,1,1
CUST2620,49,Female,Married,Secondary,Self-employed,164,Current,1,178924,15,9,5,0,0.67,1,1,0,1,0
CUST2790,18,Male,Married,Primary,Self-employed,155,Savings,3,12748,14,8,10,0,0.7,0,1,0,0,0
CUST1593,37,Female,Single,None,Self-employed,12,Fixed Deposit,1,144663,10,15,9,0,0.84,1,1,0,0,1
CUST2615,52,Male,Married,Primary,Employed,19,Savings,3,164163,13,9,7,0,0.92,0,1,1,1,1
CUST1414,29,Male,Divorced,Secondary,Employed,50,Savings,1,14284,14,9,7,0,0.6,1,1,1,0,0
CUST2589,27,Female,Single,Secondary,Employed,171,Current,3,29445,17,7,7,0,0.96,0,0,0,0,0
CUST1275,42,Male,Married,Secondary,Employed,55,Savings,2,592217,22,11,12,1,0.75,1,0,0,0,0
CUST2900,46,Male,Single,Primary,Employed,163,Fixed Deposit,4,86136,6,8,5,0,0.56,1,1,0,1,1
CUST2014,28,Female,Divorced,Primary,Employed,161,Current,3,928128,17,6,8,0,0.84,1,1,0,0,0
CUST2235,46,Female,Single,Secondary,Employed,143,Savings,1,139803,21,6,8,0,0.73,2,1,1,0,0
CUST0680,25,Female,Single,University,Employed,16,Savings,4,100245,20,5,10,1,0.91,0,1,0,0,1
CUST1992,29,Male,Married,Secondary,Employed,51,Savings,3,96150,11,9,11,0,0.82,0,1,0,1,0
CUST2606,42,Male,Married,Primary,Employed,157,Savings,1,277642,18,8,9,0,0.61,1,1,0,1,1
CUST2017,42,Female,Married,Secondary,Employed,157,Savings,1,33121,10,8,9,0,0.87,0,1,0,1,0
CUST1708,40,Male,Single,University,Unemployed,93,Current,2,96538,12,11,14,0,0.78,0,1,0,1,0
CUST0686,25,Male,Married,Primary,Unemployed,86,Current,2,215738,13,11,12,0,0.52,1,1,1,0,1
CUST2320,45,Male,Married,Secondary,Employed,118,Savings,4,1295,17,9,7,0,0.71,5,0,0,0,0
CUST2203,39,Female,Married,Primary,Employed,163,Current,1,284738,15,3,11,0,0.7,0,0,0,0,0
CUST2972,52,Male,Divorced,University,Employed,82,Savings,2,54310,21,3,12,0,0.91,1,1,0,0,1
CUST0574,29,Male,Single,Secondary,Employed,69,Current,2,60638,12,3,11,0,0.92,0,1,0,0,0
CUST2010,54,Male,Single,None,Employed,87,Savings,1,187241,8,8,13,0,0.96,1,1,0,0,0
CUST2293,36,Male,Married,None,Self-employed,144,Current,1,8210,12,8,5,1,0.59,1,1,0,0,0
CUST2733,56,Female,Married,Primary,Employed,54,Current,1,423536,11,4,10,0,0.52,1,1,0,0,0
CUST1404,26,Male,Married,University,Employed,135,Savings,1,76280,18,11,11,0,0.54,1,0,0,1,0
CUST2082,28,Female,Single,Secondary,Employed,89,Savings,1,237995,12,10,10,0,0.85,0,1,1,1,0
CUST1962,36,Male,Married,Primary,Employed,94,Savings,2,6683,14,10,8,0,0.56,1,0,1,0,0
CUST1958,31,Male,Single,Secondary,Employed,22,Savings,2,476666,13,11,10,1,0.52,1,1,0,0,0
CUST2235,30,Male,Single,Secondary,Employed,45,Savings,4,188075,18,8,16,0,0.66,1,0,1,1,1
CUST1650,50,Female,Married,Secondary,Employed,73,Savings,2,2954,19,8,14,1,0.72,4,1,0,0,0
CUST0352,26,Female,Married,Primary,Employed,169,Savings,1,562964,13,10,6,0,0.62,2,1,1,0,1
CUST0673,52,Female,Single,None,Unemployed,139,Current,2,145748,16,10,13,0,0.66,0,1,1,0,0
CUST2040,36,Male,Married,Secondary,Employed,175,Savings,1,78616,18,6,10,1,0.79,3,0,0,0,0
CUST2331,34,Male,Divorced,Secondary,Self-employed,62,Savings,1,175647,17,7,12,0,0.92,0,1,0,0,0
CUST0359,23,Female,Single,Secondary,Self-employed,109,Fixed Deposit,1,214569,13,11,6,0,0.68,0,0,0,0,0
CUST0256,36,Female,Married,Secondary,Employed,21,Savings,2,344433,15,3,9,0,0.8,2,1,1,0,0
CUST1445,27,Female,Single,Secondary,Employed,87,Savings,2,33639,20,8,11,0,0.53,2,1,1,1,1
CUST2525,59,Male,Married,Primary,Unemployed,128,Fixed Deposit,2,167382,14,10,7,0,0.98,0,1,0,1,0
CUST1867,29,Male,Married,Primary,Employed,65,Savings,1,871964,16,7,17,0,0.99,1,0,0,0,0
CUST1189,38,Female,Single,Secondary,Employed,86,Current,2,52678,10,7,10,0,0.56,1,1,1,0,0
CUST1333,36,Male,Married,Primary,Employed,145,Savings,1,114336,19,7,10,0,0.53,0,1,0,1,1
CUST0578,40,Female,Single,University,Employed,150,Current,2,3910,10,10,8,0,0.98,1,1,0,0,0
CUST2706,24,Female,Single,Primary,Employed,174,Current,3,659181,12,6,10,0,0.64,1,0,0,0,0
CUST2271,19,Female,Married,University,Employed,90,Savings,2,15441,17,8,4,0,0.57,1,1,0,0,0
CUST0534,46,Female,Single,Secondary,Employed,146,Savings,1,338212,21,8,12,0,0.75,2,1,1,0,0
CUST2327,41,Female,Married,None,Employed,173,Savings,1,120888,11,5,5,2,0.74,1,1,0,0,0
CUST0489,52,Male,Single,None,Self-employed,66,Current,3,212626,23,10,11,0,0.68,0,0,0,0,0
CUST2689,41,Male,Single,Primary,Employed,127,Current,3,33828,9,8,14,0,0.84,0,1,0,1,0
CUST1871,44,Male,Married,None,Employed,132,Savings,4,12242,17,5,8,0,0.63,2,1,0,0,1
CUST2967,51,Male,Married,Primary,Employed,128,Savings,2,77821,14,9,9,0,0.76,3,1,1,0,0
CUST2616,43,Female,Married,Secondary,Employed,87,Savings,2,170919,10,6,23,0,0.99,0,1,1,0,1
CUST2987,40,Male,Married,University,Employed,41,Savings,1,126156,16,5,10,0,0.52,1,0,0,0,1
CUST1321,26,Male,Married,Primary,Employed,82,Savings,2,186850,10,11,4,0,0.73,0,1,1,0,0
CUST2341,36,Male,Married,Primary,Employed,71,Savings,1,389990,13,9,11,0,0.86,0,1,1,0,0
CUST2587,41,Female,Single,Primary,Employed,131,Savings,4,338326,18,6,8,0,0.97,1,1,1,0,0
CUST2532,40,Male,Married,Primary,Employed,173,Savings,2,122585,17,11,4,0,0.56,0,0,0,0,0
CUST2316,28,Male,Married,Primary,Self-employed,8,Savings,2,256598,15,7,13,0,0.65,0,0,0,1,0
CUST0578,24,Male,Married,Secondary,Self-employed,175,Savings,3,14109,9,10,4,1,0.55,1,1,0,0,0
CUST0870,42,Female,Married,None,Employed,125,Current,4,77677,12,9,14,0,0.81,3,1,0,0,0
CUST1754,34,Female,Single,Primary,Employed,84,Fixed Deposit,1,138442,17,7,10,0,0.72,1,1,0,1,1
CUST0016,36,Female,Divorced,Secondary,Employed,112,Fixed Deposit,2,84434,9,6,8,0,0.81,1,0,0,0,0
CUST1549,42,Female,Divorced,Primary,Self-employed,7,Savings,2,14496,12,11,15,0,0.53,0,1,0,0,0
CUST0658,32,Male,Single,Secondary,Employed,176,Savings,2,175092,9,3,10,0,0.78,0,1,0,0,0
CUST2374,46,Female,Single,Secondary,Employed,163,Savings,3,274136,14,8,17,0,0.68,0,1,1,1,1
CUST0877,29,Female,Single,Primary,Self-employed,63,Current,4,67047,15,13,11,0,0.71,1,1,0,1,0
CUST1557,33,Male,Married,None,Employed,178,Savings,3,192234,18,4,11,0,0.72,1,0,0,1,0
CUST0748,52,Male,Married,None,Employed,156,Current,4,70617,15,10,14,0,0.54,1,1,1,1,0
CUST1648,38,Male,Single,University,Self-employed,150,Current,2,197471,19,10,9,0,0.94,1,1,0,0,0
CUST0340,35,Male,Single,Primary,Employed,173,Savings,4,96580,22,5,12,0,0.58,1,1,0,0,0
CUST0404,28,Female,Married,Primary,Employed,29,Savings,3,699049,9,3,19,0,0.69,0,1,0,0,0
CUST2025,23,Female,Divorced,Secondary,Self-employed,89,Savings,1,365461,16,10,3,0,0.7,2,1,0,0,0
CUST0825,37,Female,Single,None,Employed,20,Savings,1,79264,19,3,8,0,0.98,0,0,0,0,0
CUST0242,37,Male,Single,University,Employed,78,Savings,1,99789,25,9,7,0,0.89,0,1,0,1,0
CUST0196,50,Male,Single,Primary,Employed,150,Current,1,130515,15,5,9,0,0.7,0,1,0,1,0
CUST2016,31,Female,Married,Primary,Employed,96,Savings,1,790262,10,8,9,0,0.84,1,1,1,0,1
CUST1041,38,Male,Divorced,University,Self-employed,165,Fixed Deposit,1,54318,21,8,9,1,0.68,0,1,0,0,0
CUST2901,34,Male,Single,Primary,Self-employed,117,Savings,4,43193,11,11,7,0,0.91,0,1,0,0,0
CUST0143,49,Female,Single,Secondary,Self-employed,163,Savings,1,361790,17,3,13,0,0.56,1,1,0,1,0
CUST1444,30,Male,Married,Primary,Employed,18,Savings,2,11545,12,6,9,0,0.54,1,0,0,0,1
CUST2607,39,Male,Married,Secondary,Employed,158,Savings,1,115618,16,3,13,0,0.58,1,1,0,0,0
CUST2925,49,Female,Married,None,Employed,48,Savings,1,249920,18,11,7,0,0.95,2,1,1,0,0
CUST0016,43,Male,Single,University,Self-employed,110,Savings,1,56205,12,12,7,0,0.74,2,0,1,0,1
CUST1010,43,Female,Married,Secondary,Employed,157,Savings,1,94232,10,6,12,0,0.58,1,0,0,0,0
CUST1443,31,Female,Married,Secondary,Employed,149,Savings,1,195307,17,8,13,0,0.6,2,1,0,1,0
CUST0521,40,Female,Married,None,Employed,86,Current,1,132189,16,4,12,0,0.99,0,1,1,1,0
CUST0343,24,Male,Married,Secondary,Unemployed,74,Savings,3,21064,20,6,11,0,0.91,1,1,0,0,1
CUST1389,40,Male,Married,Primary,Self-employed,105,Savings,3,210526,17,9,6,0,0.51,0,0,0,0,1
CUST2820,39,Male,Married,University,Employed,155,Savings,3,19657,20,11,11,0,0.52,0,1,0,0,0
CUST2304,41,Male,Married,Secondary,Employed,162,Savings,4,33421,11,7,11,0,0.79,2,0,0,0,0
CUST1223,44,Male,Married,Secondary,Unemployed,73,Savings,3,146807,15,11,6,0,0.56,2,1,0,0,0
CUST1065,44,Male,Single,University,Self-employed,79,Savings,1,96528,12,11,13,0,0.83,0,1,1,0,0
CUST2404,47,Female,Single,Secondary,Self-employed,119,Current,2,158226,15,10,3,0,0.97,0,0,0,0,1
CUST0014,29,Male,Single,Secondary,Self-employed,147,Current,1,37587,14,13,11,0,0.95,2,1,0,0,1
CUST1840,30,Male,Married,Primary,Self-employed,61,Savings,2,114525,12,7,8,0,0.76,1,1,0,0,0
CUST1424,41,Female,Married,University,Employed,158,Savings,1,111818,17,12,14,0,0.8,2,0,0,0,0
CUST2662,44,Male,Single,Primary,Unemployed,114,Current,1,126811,5,7,12,0,0.88,0,1,1,0,1
CUST2996,24,Female,Married,Primary,Unemployed,49,Savings,2,39173,9,7,5,0,0.56,0,0,0,0,0
CUST2312,34,Male,Married,Secondary,Self-employed,14,Savings,1,76678,17,9,12,0,0.65,0,1,1,0,0
CUST2112,22,Male,Divorced,University,Employed,118,Current,4,48637,14,7,6,0,0.54,2,1,1,0,0
CUST0414,34,Female,Married,Secondary,Employed,80,Savings,3,463966,14,3,14,1,0.88,0,1,0,0,0
CUST0296,46,Female,Married,None,Employed,62,Savings,1,17161,12,8,3,0,0.91,0,1,0,0,1
CUST1798,35,Female,Single,Primary,Employed,149,Fixed Deposit,1,21212,19,5,9,0,0.71,4,0,0,0,0
CUST0621,24,Male,Married,None,Unemployed,171,Current,4,65664,10,8,7,1,0.74,1,0,0,0,1
CUST0740,19,Male,Divorced,Secondary,Self-employed,163,Savings,2,14999,15,17,16,0,0.62,1,1,0,0,0
CUST1170,55,Male,Married,Primary,Self-employed,123,Current,3,78299,17,12,12,0,0.73,0,0,0,1,0
CUST1921,18,Male,Married,Primary,Employed,8,Current,1,44589,14,8,5,0,0.95,0,0,1,1,1
CUST1615,28,Male,Married,Secondary,Employed,60,Current,3,76147,13,10,8,1,0.93,2,0,0,0,0
CUST0047,29,Male,Single,Secondary,Self-employed,54,Current,1,74702,14,9,10,0,0.87,0,0,1,0,0
CUST1413,32,Male,Married,None,Self-employed,170,Current,1,299410,15,11,9,0,0.96,3,1,0,1,0
CUST0560,35,Male,Married,University,Employed,68,Fixed Deposit,3,83832,12,3,5,0,0.86,1,0,0,0,1
CUST2095,30,Female,Married,Primary,Unemployed,113,Current,3,237901,18,8,8,0,0.99,0,1,0,0,0
CUST1479,43,Female,Married,Primary,Employed,37,Savings,1,161133,19,6,9,1,0.66,4,1,1,1,1
CUST1107,48,Male,Married,Primary,Self-employed,67,Savings,1,6015,10,15,10,0,0.63,2,1,1,0,0
CUST1499,28,Male,Single,Secondary,Employed,7,Savings,2,25717,19,11,12,0,0.76,1,1,0,0,0
CUST1909,42,Female,Single,University,Self-employed,157,Current,1,79461,23,9,14,0,0.87,1,1,0,0,0
CUST0016,34,Female,Single,Secondary,Employed,86,Current,3,132632,21,8,9,0,0.53,0,0,0,0,1
CUST0183,23,Male,Single,Secondary,Employed,175,Savings,2,259134,17,2,7,0,0.92,0,1,0,1,0
CUST1583,20,Female,Married,Primary,Employed,65,Fixed Deposit,1,44689,17,7,9,0,0.68,0,0,0,1,1
CUST0969,25,Male,Divorced,Secondary,Self-employed,59,Savings,2,260514,10,4,10,0,0.73,4,1,1,0,1
CUST2587,26,Female,Married,Secondary,Employed,76,Savings,1,175581,10,9,10,0,0.62,0,0,1,0,0
CUST2250,53,Male,Married,University,Employed,112,Savings,1,39342,20,10,14,0,0.95,0,1,0,0,0
CUST2477,27,Female,Married,University,Employed,107,Fixed Deposit,2,29210,20,5,10,0,0.68,1,1,0,0,1
CUST1532,29,Male,Married,Secondary,Self-employed,127,Current,1,2063,17,6,9,0,0.68,0,1,1,0,0
CUST1249,51,Female,Divorced,Primary,Employed,104,Savings,2,94184,21,11,9,0,0.92,2,1,0,1,0
CUST2294,24,Male,Divorced,Secondary,Employed,109,Savings,2,294949,20,12,11,1,0.89,0,1,1,0,1
CUST0707,37,Male,Single,University,Self-employed,78,Fixed Deposit,2,104421,14,8,14,0,0.78,2,0,0,0,1
CUST0725,19,Female,Married,Primary,Employed,55,Current,2,90430,18,8,11,0,0.65,1,0,1,0,0
CUST0417,20,Male,Single,Secondary,Employed,111,Current,1,388192,13,10,14,0,0.95,1,1,1,0,0
CUST1778,18,Male,Married,University,Employed,76,Current,1,182423,10,7,6,0,0.5,0,1,0,0,1
CUST0134,36,Female,Married,Secondary,Employed,101,Fixed Deposit,4,96906,11,7,11,0,0.8,0,1,0,0,0
CUST0318,31,Male,Married,University,Self-employed,77,Savings,2,87384,16,5,13,0,0.98,1,0,0,0,0
CUST2366,36,Male,Married,Primary,Employed,6,Current,2,27476,14,6,11,0,0.65,0,1,0,0,1
CUST1133,37,Female,Divorced,Primary,Employed,121,Savings,2,36163,17,9,8,0,0.99,0,1,0,0,0
CUST2522,42,Female,Divorced,Secondary,Employed,58,Savings,4,442500,10,8,13,0,0.7,0,1,0,0,1
CUST0628,30,Male,Married,Primary,Employed,167,Savings,3,158269,14,9,9,0,0.91,1,1,0,1,1
CUST0863,56,Male,Married,None,Employed,155,Savings,2,88980,16,6,10,0,0.75,2,0,1,0,0
CUST0728,50,Female,Single,Secondary,Employed,162,Fixed Deposit,2,68201,21,9,15,0,0.99,1,1,0,0,1
CUST2325,29,Female,Married,Secondary,Employed,53,Fixed Deposit,3,12368,6,6,9,0,0.85,2,0,1,1,1
CUST2098,29,Male,Married,University,Employed,127,Savings,1,19676,10,6,13,0,0.9,1,1,0,0,1
CUST0225,29,Male,Single,Primary,Self-employed,3,Savings,4,952402,16,8,8,0,0.91,0,1,0,1,0
CUST0132,61,Female,Single,Secondary,Employed,87,Current,1,64324,18,11,7,0,0.6,1,1,0,0,1
CUST1393,18,Male,Married,Secondary,Employed,110,Savings,4,197625,16,11,10,0,0.97,1,0,0,0,1
CUST0134,38,Male,Married,Primary,Unemployed,134,Savings,1,258046,13,11,11,0,0.67,1,1,0,0,0
CUST0159,22,Male,Single,None,Self-employed,26,Savings,1,361613,15,8,6,1,0.9,1,1,0,0,1
CUST0220,25,Female,Single,Primary,Employed,123,Savings,2,93806,15,10,8,0,0.69,0,1,0,0,1
CUST0747,43,Male,Married,Secondary,Employed,175,Current,1,62941,8,8,7,0,0.52,0,1,0,0,0
CUST2097,45,Female,Married,Secondary,Employed,106,Savings,3,57619,20,10,11,0,0.71,1,1,1,1,0
CUST1233,32,Male,Married,Secondary,Employed,21,Savings,1,125938,10,9,10,0,0.53,1,1,0,0,0
CUST0439,38,Female,Married,Primary,Employed,73,Fixed Deposit,3,28448,17,4,13,0,0.55,0,1,0,0,0
CUST0428,31,Male,Single,Primary,Employed,99,Savings,1,8139,13,7,5,1,0.71,3,1,0,0,1
CUST2960,26,Female,Divorced,Secondary,Employed,139,Savings,2,55080,19,5,11,0,0.58,0,0,0,1,0
CUST1276,38,Male,Married,None,Employed,3,Savings,4,510453,18,8,5,0,0.75,2,1,1,0,1
CUST2141,25,Male,Married,University,Self-employed,158,Savings,2,436570,16,18,9,1,0.91,1,0,1,0,0
CUST0592,38,Female,Married,Secondary,Employed,23,Current,2,61914,11,13,11,0,0.62,2,1,0,1,0
CUST2417,40,Male,Divorced,University,Employed,113,Current,1,21157,17,10,10,0,0.62,3,1,0,0,0
CUST0277,40,Female,Married,Primary,Unemployed,111,Fixed Deposit,1,45847,15,14,11,0,0.87,1,1,0,0,0
CUST2184,54,Male,Married,Primary,Employed,161,Fixed Deposit,2,407191,19,7,12,0,0.58,2,1,1,0,0
CUST1388,30,Female,Single,University,Employed,87,Savings,1,2072,11,11,4,0,0.75,0,1,0,0,0
CUST2944,37,Male,Single,Secondary,Employed,48,Savings,1,30213,8,5,10,0,0.67,0,1,0,0,0
CUST1625,29,Male,Married,Primary,Employed,74,Savings,2,7308,18,9,6,0,0.93,0,1,1,0,0
CUST1910,39,Female,Divorced,Secondary,Employed,48,Savings,1,108492,15,2,10,0,0.73,0,1,0,0,0
CUST2057,35,Female,Single,University,Employed,102,Savings,3,263841,14,6,11,0,0.59,1,0,0,0,1
CUST1897,32,Female,Married,Secondary,Employed,136,Savings,1,50697,15,6,9,1,0.55,0,0,0,0,1
CUST1645,54,Male,Married,Secondary,Employed,103,Savings,2,30773,12,5,19,0,0.83,1,1,0,0,0
CUST2017,22,Male,Married,Secondary,Self-employed,152,Current,2,85764,11,7,14,1,0.87,0,1,1,0,0
CUST0002,27,Female,Married,None,Self-employed,102,Savings,3,83647,15,9,12,0,0.91,0,0,1,0,1
CUST0216,25,Male,Single,Primary,Employed,77,Current,1,30072,10,10,11,1,0.85,0,1,0,0,1
CUST0157,56,Male,Single,University,Employed,178,Savings,1,210647,12,4,13,0,0.85,3,0,0,0,1
CUST2389,38,Male,Divorced,Primary,Employed,14,Fixed Deposit,1,15092,16,7,10,0,0.86,0,1,0,0,0
CUST2367,43,Female,Married,Secondary,Self-employed,118,Current,1,5112,23,8,13,0,0.71,0,1,0,1,0
CUST1615,44,Male,Married,Secondary,Self-employed,12,Savings,1,21789,19,10,6,0,0.91,0,0,0,0,0
CUST2033,32,Female,Single,Primary,Unemployed,176,Current,1,133268,12,6,16,0,0.56,0,1,1,0,0
CUST2374,30,Female,Single,University,Self-employed,17,Savings,2,50053,13,9,14,0,0.56,1,0,0,0,0
CUST1774,39,Female,Single,Primary,Employed,78,Savings,2,3780,11,10,9,1,0.96,1,0,0,0,1
CUST1558,48,Male,Married,University,Employed,73,Current,3,55229,9,11,7,0,0.53,1,0,0,0,0
CUST0528,18,Female,Single,Primary,Self-employed,9,Fixed Deposit,4,104426,13,9,9,0,0.88,0,1,1,0,0
CUST0568,47,Male,Married,Secondary,Employed,34,Savings,2,120653,11,16,7,0,0.66,1,1,1,0,0
CUST2852,30,Male,Married,Primary,Employed,52,Current,2,217550,16,2,12,0,0.75,3,0,0,1,1
CUST2230,29,Male,Single,University,Employed,19,Savings,3,83778,14,4,10,0,0.82,0,0,0,0,0
CUST0375,40,Male,Single,Primary,Employed,141,Fixed Deposit,3,216976,15,16,7,0,0.8,3,0,0,0,0
CUST2435,42,Male,Married,Secondary,Employed,40,Fixed Deposit,1,93292,18,5,10,0,0.74,1,1,0,0,1
CUST0248,48,Male,Married,Primary,Employed,137,Savings,2,431912,16,9,11,0,0.86,1,1,1,0,0
CUST2541,41,Female,Married,None,Employed,133,Current,4,45279,12,7,11,1,0.74,1,1,0,1,0
CUST2522,48,Male,Married,Primary,Self-employed,3,Current,2,9434,19,6,8,0,0.97,0,1,1,0,0
CUST0731,38,Female,Single,University,Self-employed,14,Savings,1,3884,21,11,8,0,0.57,1,0,0,0,0
CUST2817,41,Female,Married,Primary,Employed,100,Savings,2,94798,17,3,12,0,0.66,1,1,0,0,0
CUST2525,39,Male,Married,Primary,Employed,167,Current,2,73514,14,11,11,0,0.77,1,0,0,1,0
CUST2274,26,Male,Married,None,Employed,84,Savings,2,45037,21,9,10,0,0.52,0,0,1,0,0
CUST0186,29,Female,Single,Primary,Self-employed,125,Current,1,417937,12,4,6,0,0.72,1,1,1,0,0
CUST0565,37,Female,Married,None,Unemployed,25,Savings,1,101523,12,6,12,0,0.91,3,0,0,0,1
CUST1194,23,Female,Married,Secondary,Self-employed,74,Current,1,78922,16,8,9,1,0.82,0,1,0,0,0
CUST0786,40,Male,Divorced,University,Employed,134,Savings,3,147525,18,8,10,0,0.89,2,1,0,0,0
CUST2907,41,Female,Married,Primary,Employed,69,Fixed Deposit,3,13921,12,10,12,0,0.69,0,0,1,0,0
CUST1477,38,Female,Single,Secondary,Employed,143,Savings,4,250925,20,8,11,0,0.92,1,1,0,1,0
CUST2917,41,Male,Single,Primary,Employed,35,Savings,1,542443,15,12,6,0,0.69,0,0,1,0,1
CUST0100,41,Female,Divorced,Primary,Employed,55,Savings,1,80689,18,6,14,1,0.9,0,0,0,0,0
CUST2725,23,Female,Single,Secondary,Employed,166,Savings,1,54831,18,13,7,0,0.97,0,0,1,0,1
CUST0569,35,Female,Single,Secondary,Unemployed,62,Savings,2,11025,15,5,5,0,0.88,1,1,1,0,1
CUST2187,42,Male,Single,Secondary,Self-employed,134,Savings,1,159191,16,7,5,0,0.91,0,1,0,0,0
CUST2610,32,Female,Single,Secondary,Employed,56,Savings,4,144119,18,9,19,0,0.92,1,1,1,0,0
CUST2866,42,Male,Married,Primary,Employed,125,Savings,3,109451,10,7,11,1,0.67,2,1,1,0,0
CUST0657,39,Male,Single,Secondary,Employed,93,Savings,1,278215,14,7,11,0,0.64,1,0,1,0,0
CUST1274,19,Male,Married,Secondary,Self-employed,117,Savings,4,16279,18,5,11,1,0.8,2,1,0,0,0
CUST0611,39,Male,Divorced,University,Employed,12,Current,3,172298,18,3,16,1,0.66,1,1,1,0,0
CUST1114,42,Female,Single,Secondary,Self-employed,177,Current,1,69094,19,9,8,0,0.59,1,1,0,0,1
CUST0467,48,Female,Single,University,Employed,12,Current,2,36020,20,8,13,1,0.79,3,1,1,0,1
CUST2264,27,Male,Married,Secondary,Self-employed,62,Savings,1,26155,15,10,13,1,0.68,2,1,0,1,1
CUST0681,35,Female,Married,Secondary,Employed,29,Savings,4,12407,15,7,14,0,0.96,2,1,0,0,0
CUST1677,22,Male,Married,Secondary,Employed,41,Current,1,123477,5,7,4,0,0.83,0,1,1,0,0
CUST1382,40,Male,Married,None,Employed,58,Savings,1,74539,24,9,5,0,0.88,1,0,0,0,1
CUST0915,38,Female,Single,None,Employed,145,Savings,3,40247,17,8,9,0,0.81,0,1,0,0,1
CUST1465,30,Female,Married,Secondary,Self-employed,53,Savings,1,552410,14,11,12,0,0.74,0,0,0,1,0
CUST0832,25,Female,Single,None,Employed,153,Savings,3,117075,15,5,6,1,0.93,1,1,1,1,0
CUST1349,32,Male,Single,None,Self-employed,53,Savings,1,55133,18,6,14,0,0.97,1,0,0,0,0
CUST0478,39,Male,Married,Secondary,Employed,142,Savings,1,146768,15,9,13,0,0.71,1,0,0,0,0
CUST0527,18,Male,Married,Secondary,Self-employed,51,Current,2,22116,14,9,13,0,0.66,0,1,0,0,1
CUST1857,45,Female,Married,University,Employed,160,Savings,4,227079,13,9,15,0,0.79,1,1,0,0,0
CUST0008,38,Female,Married,None,Employed,20,Fixed Deposit,3,79319,11,9,11,1,0.74,2,1,1,1,1
CUST1837,33,Female,Single,Primary,Employed,121,Savings,1,81736,12,9,10,0,0.65,1,1,0,0,0
CUST1670,36,Female,Married,Primary,Employed,4,Savings,3,144279,8,11,3,0,0.99,0,1,0,0,1
CUST1189,61,Female,Married,Secondary,Employed,51,Current,2,47468,8,16,11,0,0.57,1,1,0,0,1
CUST1674,30,Female,Single,Secondary,Employed,121,Savings,1,55163,15,6,11,0,0.86,1,1,1,1,0
CUST2883,18,Female,Married,Secondary,Employed,163,Savings,1,126884,10,11,15,0,0.86,1,0,1,0,0
CUST0809,21,Female,Single,Secondary,Employed,31,Current,3,5770,14,6,7,0,0.54,0,1,0,0,1
CUST1311,35,Male,Single,Secondary,Self-employed,23,Savings,2,48852,14,5,8,0,0.92,1,0,0,0,1
CUST1088,36,Male,Married,Secondary,Employed,127,Savings,2,34217,21,9,6,1,0.86,1,0,0,0,0
CUST0573,25,Male,Divorced,University,Employed,54,Current,3,19340,8,7,9,0,0.8,1,1,0,1,1
CUST1715,41,Female,Divorced,Secondary,Self-employed,58,Current,4,4992,16,6,16,0,0.73,2,1,1,1,0
CUST0259,29,Female,Married,Primary,Self-employed,62,Current,2,61444,18,5,15,0,0.64,0,1,0,0,0
CUST0937,34,Female,Divorced,None,Employed,165,Fixed Deposit,1,358023,13,8,18,1,0.98,1,1,0,0,0
CUST2587,41,Male,Divorced,University,Employed,129,Savings,1,24287,16,10,15,0,0.88,0,1,0,0,0
CUST1209,37,Male,Single,Secondary,Employed,5,Savings,1,192003,13,7,12,0,0.73,0,1,1,0,1
CUST1064,29,Male,Single,Primary,Employed,105,Savings,1,208905,18,7,11,0,0.59,2,0,0,0,0
CUST1616,29,Male,Married,Secondary,Unemployed,3,Current,3,99286,14,13,12,0,0.79,1,1,1,0,0
CUST1220,52,Male,Married,Secondary,Employed,113,Savings,1,500,21,6,9,0,0.66,2,0,1,0,1
CUST2328,30,Female,Married,Secondary,Self-employed,58,Current,4,522844,14,7,11,0,0.82,1,0,1,0,0
CUST2745,54,Male,Married,University,Employed,13,Savings,3,71949,15,10,5,0,0.92,1,1,0,1,0
CUST2922,36,Male,Married,University,Self-employed,159,Current,1,149754,14,7,12,0,0.85,0,1,0,0,1
CUST2635,39,Male,Single,Secondary,Unemployed,40,Current,1,263565,15,5,12,0,0.64,2,1,0,0,0
CUST2291,43,Male,Married,University,Self-employed,141,Savings,2,172621,11,12,9,0,0.87,3,1,0,0,0
CUST0258,36,Female,Married,University,Self-employed,129,Savings,3,16112,17,7,8,0,0.78,2,1,1,0,1
CUST2719,32,Male,Married,None,Self-employed,124,Savings,3,18590,15,9,12,0,0.87,0,0,1,0,0
CUST2377,47,Male,Single,Secondary,Self-employed,135,Savings,2,330607,15,10,15,1,0.99,0,0,0,0,0
CUST1304,22,Male,Single,Primary,Employed,45,Savings,1,21598,12,5,9,0,0.7,1,0,0,0,0
CUST2177,52,Male,Single,Primary,Unemployed,150,Current,2,192523,19,8,10,0,0.59,1,0,0,0,0
CUST1129,48,Female,Single,Secondary,Employed,20,Current,1,211393,16,5,9,0,0.98,1,1,0,0,0
CUST1844,47,Male,Single,Secondary,Self-employed,168,Current,1,110593,13,11,9,0,0.64,3,1,1,0,0
CUST0506,46,Male,Single,Secondary,Self-employed,6,Fixed Deposit,2,116051,17,9,7,0,0.75,3,1,0,0,0
CUST0858,66,Male,Married,Secondary,Unemployed,101,Current,4,71135,15,6,8,0,0.77,2,1,1,0,0
CUST0752,28,Female,Married,Primary,Self-employed,149,Savings,2,58574,18,9,10,0,0.63,1,1,0,0,0
CUST2752,51,Female,Single,Secondary,Employed,156,Savings,4,68080,18,5,11,0,0.79,1,1,0,0,1
CUST0924,37,Male,Single,Secondary,Employed,113,Savings,1,57510,19,9,7,1,0.72,1,1,0,0,0
CUST2729,26,Male,Married,Secondary,Employed,103,Savings,4,366186,12,6,8,0,0.98,0,1,0,1,0
CUST0056,29,Male,Married,University,Self-employed,115,Fixed Deposit,2,27253,12,6,14,1,0.77,1,1,1,0,0
CUST0534,18,Female,Married,Secondary,Employed,101,Savings,2,52486,12,4,9,0,0.55,2,1,0,0,0
CUST0259,46,Male,Married,Secondary,Employed,30,Current,3,431752,15,7,10,0,0.8,1,1,0,0,1
CUST2141,48,Female,Married,University,Employed,6,Current,1,192022,15,6,13,0,0.78,2,1,1,0,1
CUST2743,46,Female,Married,Primary,Employed,99,Current,1,5640,21,12,10,0,0.99,2,1,0,0,0
CUST2929,55,Male,Single,Primary,Employed,133,Savings,3,484340,21,6,5,0,0.8,1,0,0,0,0
CUST0399,34,Female,Single,University,Self-employed,117,Current,3,69257,11,5,9,0,0.51,1,0,0,1,0
CUST2407,43,Male,Single,Secondary,Self-employed,103,Current,1,63576,18,13,6,0,0.94,1,1,0,0,0
CUST1501,35,Male,Single,Secondary,Employed,53,Savings,3,14973,16,8,8,0,0.51,1,1,0,0,0
CUST1762,32,Male,Married,None,Employed,178,Current,1,33087,18,10,11,0,0.9,2,1,1,0,0
CUST1235,30,Male,Married,University,Employed,112,Current,2,76727,10,8,9,0,0.77,2,1,1,1,0
CUST1689,23,Male,Single,Secondary,Unemployed,28,Savings,3,102240,14,7,6,0,0.56,2,0,0,0,0
CUST0931,39,Male,Single,Secondary,Self-employed,29,Savings,1,229519,15,7,9,0,0.81,1,1,1,0,0
CUST0947,24,Male,Married,Secondary,Employed,5,Savings,3,90473,12,4,9,0,0.96,0,0,1,0,1
CUST0659,40,Female,Single,Secondary,Self-employed,165,Current,1,187842,25,9,13,0,0.64,1,1,0,0,0
CUST2742,34,Male,Divorced,Primary,Employed,124,Fixed Deposit,2,96417,10,11,10,0,0.71,0,0,0,0,0
CUST0680,47,Female,Married,Secondary,Employed,11,Savings,1,482684,8,5,11,0,0.79,1,0,0,0,1
CUST0794,39,Male,Single,None,Employed,84,Savings,2,5334,15,3,15,0,0.79,1,1,0,0,0
CUST1891,24,Female,Married,Secondary,Employed,43,Current,1,345493,15,8,10,0,0.54,1,1,1,0,1
CUST1570,36,Male,Single,Secondary,Employed,173,Fixed Deposit,4,185591,17,10,7,0,0.91,1,0,0,0,0
CUST0572,18,Female,Married,University,Employed,13,Current,2,144315,22,8,12,0,0.95,1,0,1,1,1
CUST1677,22,Male,Divorced,Primary,Employed,142,Savings,1,407718,15,5,7,0,0.88,0,1,0,1,0
CUST0788,44,Male,Single,University,Unemployed,34,Savings,1,58648,13,9,9,0,0.78,3,0,0,0,0
CUST1060,48,Female,Single,Primary,Employed,133,Current,2,4438,17,8,9,0,0.58,1,1,0,0,0
CUST0046,31,Male,Married,University,Employed,99,Current,2,146238,18,6,11,0,0.67,1,1,0,0,0
CUST2866,31,Female,Single,Primary,Employed,173,Savings,1,246356,14,11,10,0,0.68,2,1,0,0,0
CUST0012,30,Male,Single,Primary,Self-employed,160,Savings,3,91559,21,7,8,0,0.8,3,1,0,0,1
CUST0506,38,Female,Married,None,Employed,8,Current,3,7416,18,8,6,0,0.56,1,1,1,0,0
CUST1427,52,Male,Married,Secondary,Employed,142,Savings,2,22025,15,10,11,0,0.85,1,1,1,1,0
CUST0409,25,Male,Married,Secondary,Employed,165,Savings,3,3925,20,9,7,0,0.84,2,1,0,0,0
CUST2027,55,Female,Married,Secondary,Self-employed,163,Current,3,82568,19,5,5,1,0.54,0,1,1,1,0
CUST1950,45,Male,Single,University,Employed,6,Savings,2,264656,13,10,1,0,0.92,0,1,0,1,0
CUST1192,32,Male,Married,Primary,Employed,75,Savings,1,10967,12,10,7,0,0.82,2,1,0,0,0
CUST2543,19,Female,Married,Secondary,Employed,32,Current,4,79059,10,2,11,0,0.53,0,1,0,1,0
CUST0978,39,Female,Single,Secondary,Employed,176,Fixed Deposit,1,148207,15,12,17,0,0.87,0,1,0,0,0
CUST1506,47,Female,Single,Secondary,Self-employed,115,Savings,1,109963,14,8,5,1,0.76,0,1,0,0,0
CUST1201,42,Female,Single,Primary,Employed,56,Savings,1,144171,22,13,7,0,0.99,0,1,1,0,0
CUST1132,43,Female,Single,None,Self-employed,127,Savings,3,107872,15,8,10,0,0.55,1,1,0,1,0
CUST0693,26,Male,Married,Secondary,Employed,132,Current,4,184894,12,8,13,0,0.65,1,0,0,0,0
CUST2496,25,Male,Single,Secondary,Employed,105,Savings,1,168489,15,10,6,0,0.89,0,1,0,0,0
CUST0153,48,Male,Married,Secondary,Self-employed,164,Savings,2,71673,16,7,10,1,0.52,2,1,0,0,0
CUST1259,37,Female,Single,Secondary,Self-employed,129,Savings,4,135781,15,8,8,0,0.6,1,0,1,0,0
CUST2814,23,Male,Married,University,Unemployed,98,Current,3,4023,15,11,11,0,0.8,0,1,0,0,0
CUST0157,46,Male,Married,Primary,Unemployed,143,Current,1,41492,14,7,6,2,0.81,1,1,1,0,0
CUST2365,19,Female,Single,Secondary,Employed,143,Savings,3,35154,22,6,7,0,0.97,0,1,1,0,0
CUST0031,43,Female,Married,None,Self-employed,16,Current,1,9518,14,6,6,0,0.86,0,1,0,0,0
CUST0052,18,Male,Married,Secondary,Self-employed,106,Current,2,119147,17,6,7,0,0.58,3,0,0,0,0
CUST2103,33,Male,Married,Secondary,Self-employed,6,Savings,2,192503,21,10,8,0,0.81,0,1,0,1,1
CUST0637,20,Female,Married,University,Employed,140,Savings,1,145316,12,10,8,0,0.71,0,0,0,0,0
CUST2576,36,Female,Married,Secondary,Unemployed,136,Current,2,106024,14,12,10,0,0.75,1,1,0,0,0
CUST2738,32,Female,Married,Secondary,Employed,70,Savings,1,127175,16,14,8,0,0.79,0,1,1,0,1
CUST2755,20,Male,Single,Secondary,Employed,134,Savings,3,407257,22,5,7,0,0.6,1,1,0,0,0
CUST1237,41,Female,Divorced,Secondary,Employed,97,Savings,2,50282,24,6,11,0,0.79,3,1,0,1,1
CUST2938,54,Female,Married,University,Unemployed,46,Fixed Deposit,1,81915,10,6,8,0,0.99,1,1,0,0,0
CUST0074,18,Female,Married,Secondary,Employed,143,Savings,3,5817,14,11,8,0,0.81,3,1,0,0,0
CUST1901,29,Female,Divorced,Secondary,Unemployed,174,Current,1,281685,21,4,14,1,0.51,1,1,0,0,0
CUST2012,27,Male,Married,Secondary,Employed,102,Current,1,81754,13,6,15,0,0.9,2,0,0,0,0
CUST1683,45,Female,Single,Secondary,Self-employed,13,Savings,2,86610,10,14,18,0,0.98,1,1,0,1,0
CUST0340,30,Female,Married,Primary,Self-employed,90,Savings,1,77243,17,6,9,0,0.5,1,1,1,0,1
CUST2474,19,Male,Married,Secondary,Employed,3,Current,2,24982,15,6,5,0,0.81,1,0,0,1,1
CUST1614,30,Female,Married,Primary,Self-employed,137,Savings,2,530364,21,15,10,0,0.73,2,0,1,0,0
CUST1036,21,Female,Married,Secondary,Employed,66,Current,3,154569,21,10,8,0,0.92,2,1,1,1,0
CUST2312,30,Male,Married,University,Employed,71,Savings,1,26399,10,4,3,0,0.53,4,1,1,1,1
CUST1955,26,Male,Single,Secondary,Self-employed,16,Savings,2,694935,16,9,5,1,0.52,2,0,0,1,1
CUST0975,28,Female,Married,University,Employed,37,Savings,4,60347,14,11,13,2,0.74,0,0,0,1,1
CUST0258,31,Female,Married,Secondary,Self-employed,82,Current,2,101883,9,14,11,2,0.71,0,1,0,0,0
CUST1144,27,Male,Divorced,Secondary,Employed,70,Savings,1,485965,23,4,12,0,0.5,1,1,0,0,0
CUST1855,23,Female,Single,Secondary,Employed,67,Savings,2,2717,9,4,5,0,0.7,3,1,0,0,1
CUST2854,32,Male,Single,University,Unemployed,27,Current,1,26454,10,10,14,0,0.53,1,1,0,0,0
CUST1300,29,Female,Married,Secondary,Employed,82,Savings,3,33065,20,2,16,0,0.6,0,1,1,1,0
CUST2673,40,Male,Single,University,Self-employed,170,Savings,4,493138,12,7,5,0,0.84,0,1,1,1,0
CUST2562,30,Female,Married,Primary,Employed,16,Savings,1,52954,15,3,17,3,0.78,6,1,1,0,1
CUST1197,38,Male,Married,Secondary,Employed,80,Savings,1,135885,12,10,8,0,0.82,1,1,1,1,0
CUST0461,31,Female,Single,Secondary,Employed,176,Current,1,216468,18,7,8,0,0.54,1,1,1,0,0
CUST1672,32,Male,Married,Secondary,Employed,15,Fixed Deposit,4,12223,17,5,9,0,0.64,1,0,0,0,0
CUST1462,44,Female,Married,Primary,Employed,25,Savings,2,11538,19,5,6,0,0.62,2,0,0,0,0
CUST0968,44,Male,Single,University,Employed,135,Savings,2,30963,14,14,2,0,0.71,1,1,1,0,0
CUST0026,48,Female,Married,University,Employed,14,Savings,1,139977,17,7,12,0,0.74,1,1,0,0,1
CUST1985,26,Male,Married,Secondary,Unemployed,91,Current,3,20977,22,6,8,1,0.9,0,1,1,0,0
CUST0699,32,Female,Single,Secondary,Employed,103,Savings,1,22926,17,10,7,0,0.58,1,1,0,0,0
CUST1552,37,Male,Divorced,Secondary,Employed,124,Current,2,99580,16,10,14,0,0.51,3,1,0,0,0
CUST2269,33,Female,Married,Primary,Employed,86,Savings,1,96083,17,12,13,0,0.89,1,1,0,0,0
CUST1803,32,Male,Single,University,Employed,61,Savings,2,127192,16,6,9,0,0.66,1,1,1,0,0
CUST1455,39,Female,Married,Primary,Self-employed,37,Savings,4,45134,12,7,8,0,0.99,0,1,0,0,1
CUST1525,47,Male,Single,Secondary,Self-employed,69,Savings,1,67386,9,5,13,1,0.94,1,1,0,0,0
CUST1874,49,Female,Single,None,Employed,115,Savings,1,14354,17,6,7,1,0.69,0,1,0,1,1
CUST2017,23,Male,Single,None,Self-employed,24,Savings,3,74117,14,5,14,1,0.81,2,1,0,1,1
CUST2543,48,Male,Married,Secondary,Self-employed,1,Savings,2,213741,11,9,11,0,0.66,0,1,0,0,0
CUST1711,44,Male,Married,Secondary,Unemployed,8,Current,3,4882,10,4,9,0,0.99,1,1,1,0,0
CUST1011,47,Female,Single,Secondary,Self-employed,171,Savings,2,102800,17,9,10,0,0.53,2,1,1,0,0
CUST0926,39,Female,Single,Primary,Employed,14,Savings,3,143177,11,11,8,1,0.6,0,0,0,0,0
CUST1979,18,Male,Married,Primary,Self-employed,133,Savings,4,278964,16,8,10,0,0.69,1,1,0,0,0
CUST1859,20,Female,Married,University,Unemployed,177,Savings,1,206458,17,6,8,0,0.59,1,1,0,0,0
CUST1814,45,Female,Married,Secondary,Self-employed,100,Savings,3,137532,9,12,8,0,0.97,1,1,1,0,0
CUST2445,30,Female,Married,University,Employed,94,Current,2,27140,8,2,11,2,0.68,1,1,1,0,0
CUST2751,48,Female,Single,Primary,Self-employed,3,Savings,1,20480,13,11,7,1,0.51,2,1,0,0,0
CUST2017,35,Female,Married,University,Employed,2,Savings,1,72842,10,8,11,0,0.71,2,1,0,0,0
CUST0237,23,Female,Married,Secondary,Employed,104,Savings,2,20172,12,9,11,1,0.6,2,0,0,0,1
CUST1774,34,Female,Single,Secondary,Employed,154,Current,2,280926,12,10,5,0,0.81,3,1,1,0,0
CUST0624,27,Male,Single,Primary,Employed,112,Savings,3,30446,14,10,14,0,0.67,2,0,0,0,0
CUST0638,37,Female,Married,Secondary,Self-employed,118,Current,1,45895,11,6,10,0,0.76,1,1,1,1,0
CUST2200,22,Male,Single,Primary,Employed,131,Savings,4,219989,22,8,12,0,0.79,1,1,0,0,1
CUST1054,40,Male,Married,Secondary,Employed,79,Fixed Deposit,2,959788,21,5,10,0,0.93,1,1,1,0,0
CUST1901,34,Male,Married,Secondary,Employed,67,Current,3,74936,11,9,11,1,0.68,1,1,0,0,0
CUST0284,44,Female,Single,Secondary,Unemployed,45,Savings,3,102674,19,6,10,0,0.65,2,1,0,0,0
CUST0595,57,Female,Married,None,Employed,88,Fixed Deposit,1,24743,18,7,10,0,0.63,2,0,1,0,0
CUST2355,32,Female,Single,None,Self-employed,23,Current,1,119682,13,9,9,0,0.91,2,1,0,0,0
CUST2803,43,Male,Divorced,Primary,Self-employed,89,Savings,1,448314,18,8,7,0,0.8,1,1,0,0,0
CUST0992,40,Female,Married,Secondary,Employed,133,Current,4,16457,17,9,12,0,0.56,1,1,1,0,1
CUST0047,18,Female,Divorced,University,Employed,59,Fixed Deposit,1,41398,11,4,13,0,0.78,3,1,0,0,0
CUST0159,20,Female,Married,Secondary,Employed,99,Savings,3,29106,19,8,12,1,0.6,2,0,1,0,0
CUST2343,29,Male,Divorced,None,Employed,2,Savings,1,184307,17,13,10,0,0.53,0,1,1,1,0
CUST1976,32,Female,Married,Secondary,Unemployed,16,Savings,3,80764,18,11,9,0,0.65,0,0,0,0,0
CUST2708,39,Female,Divorced,Primary,Self-employed,24,Savings,2,6752,23,7,11,0,0.82,2,0,0,0,1
CUST0873,36,Male,Single,Primary,Self-employed,35,Current,2,13335,16,7,9,0,0.85,1,1,1,1,0
CUST2008,34,Female,Single,Secondary,Self-employed,45,Savings,2,7574,12,9,9,0,0.82,1,0,1,0,0
CUST2988,42,Female,Married,Secondary,Employed,67,Savings,1,133863,8,6,13,0,0.7,2,1,0,1,1
CUST1195,42,Female,Married,Secondary,Employed,47,Current,4,76010,13,9,16,0,0.64,3,1,0,0,0
CUST1962,29,Male,Married,Secondary,Employed,166,Savings,1,7049,20,10,11,0,0.78,1,1,1,0,0
CUST2508,25,Male,Married,Secondary,Self-employed,74,Savings,3,16451,21,8,12,0,0.98,3,0,0,0,0
CUST1501,32,Female,Married,Secondary,Employed,57,Savings,2,222255,9,9,8,2,0.85,1,1,1,0,1
CUST2187,28,Male,Single,Primary,Self-employed,76,Current,3,133503,18,6,11,1,0.7,1,0,0,0,1
CUST1136,25,Female,Married,University,Employed,104,Savings,2,47432,18,7,11,0,0.8,1,0,1,0,0
CUST2347,33,Female,Married,Primary,Employed,144,Savings,1,369621,17,3,7,0,0.93,2,0,0,0,0
CUST0886,32,Female,Married,Secondary,Employed,147,Savings,4,6830,18,7,16,0,0.82,2,1,1,0,1
CUST1557,37,Male,Married,University,Employed,49,Current,3,213738,18,11,12,0,0.61,0,0,1,0,0
CUST0775,39,Male,Single,Primary,Self-employed,56,Savings,3,103154,19,5,11,0,0.68,2,1,0,0,0
CUST0220,53,Male,Married,Secondary,Self-employed,6,Savings,3,89885,14,6,6,0,0.61,2,1,0,0,1
CUST2198,54,Male,Single,Primary,Self-employed,171,Fixed Deposit,4,156378,16,5,9,0,0.99,1,1,0,0,0
CUST2746,43,Female,Married,Secondary,Employed,57,Current,1,292428,20,9,9,0,0.9,0,1,0,0,0
CUST2906,47,Male,Single,None,Employed,35,Savings,4,196298,16,9,10,0,0.73,1,1,1,0,0
CUST0069,27,Female,Single,Secondary,Employed,88,Savings,4,390567,17,14,10,0,0.71,1,1,1,0,0
CUST2586,18,Male,Married,University,Unemployed,81,Current,3,104370,16,9,11,0,0.59,0,1,0,0,0
CUST2492,48,Female,Married,Secondary,Employed,11,Savings,2,1767,17,9,9,1,0.9,0,1,0,0,1
CUST1668,28,Female,Single,Secondary,Self-employed,129,Savings,2,226409,18,4,14,1,1,1,1,0,0,0
CUST1942,34,Male,Married,Primary,Self-employed,71,Current,1,231283,14,12,10,0,0.81,0,1,0,0,0
CUST1143,26,Male,Single,University,Employed,69,Savings,4,252632,13,9,10,0,0.86,2,0,1,1,1
CUST2006,41,Male,Married,Secondary,Self-employed,6,Fixed Deposit,3,7579,19,5,7,1,0.51,0,1,1,1,1
CUST2975,32,Female,Single,University,Employed,156,Fixed Deposit,1,32995,10,2,7,0,0.82,0,1,0,0,0
CUST1852,35,Female,Married,Secondary,Self-employed,100,Current,1,35130,13,6,5,0,0.82,1,1,0,0,0
CUST2483,33,Female,Single,Secondary,Employed,145,Savings,3,498352,10,6,15,0,0.89,1,1,0,0,0
CUST2591,22,Female,Single,Primary,Employed,178,Savings,4,91419,14,12,6,0,0.69,1,0,0,0,0
CUST0489,29,Male,Married,Secondary,Unemployed,10,Savings,1,276516,21,4,9,1,0.69,2,0,1,0,1
CUST0719,60,Female,Married,None,Unemployed,11,Savings,4,45740,15,8,9,0,0.78,0,0,0,0,0
CUST0751,37,Female,Married,University,Employed,7,Fixed Deposit,2,460720,14,4,13,0,0.62,2,1,1,0,1
CUST1287,28,Male,Single,Secondary,Self-employed,33,Savings,2,86064,19,9,7,0,0.83,0,1,0,0,0
CUST2710,32,Male,Single,University,Employed,160,Current,4,34255,17,4,12,1,0.68,1,1,0,1,0
CUST0595,37,Male,Married,Primary,Employed,123,Current,3,176408,12,5,10,0,0.61,0,1,0,1,0
CUST2392,38,Male,Married,Secondary,Employed,29,Savings,1,386680,14,7,14,0,0.99,0,0,0,0,0
CUST2541,43,Female,Married,Secondary,Employed,146,Savings,4,140761,7,8,9,0,0.52,0,0,0,1,0
CUST1599,22,Male,Single,Primary,Employed,67,Savings,1,191835,16,7,9,0,0.98,0,1,0,0,0
CUST2984,44,Male,Married,Secondary,Unemployed,137,Savings,3,12445,22,10,10,0,0.74,0,1,1,0,0
CUST0588,32,Female,Divorced,Secondary,Employed,8,Savings,1,46382,15,8,11,0,0.85,0,1,0,1,0
CUST0781,34,Female,Married,University,Employed,23,Savings,2,52247,17,8,9,0,0.65,2,0,0,0,0
CUST1737,33,Male,Married,Primary,Self-employed,129,Current,1,85191,15,4,11,1,0.69,2,1,0,0,1
CUST0656,31,Male,Married,Primary,Self-employed,24,Savings,4,572350,15,6,9,0,0.72,3,1,0,0,1
CUST2965,40,Male,Single,Primary,Employed,94,Current,2,3277,19,11,11,0,0.66,5,1,1,1,0
CUST1700,33,Female,Married,University,Employed,161,Current,2,234167,14,6,14,0,0.72,1,1,0,0,0
CUST1186,45,Male,Married,Primary,Employed,79,Savings,2,83716,10,9,11,0,0.74,1,0,1,0,0
CUST0386,30,Female,Single,University,Self-employed,119,Savings,4,171814,15,14,12,0,0.55,2,0,0,0,0
CUST2169,36,Female,Single,None,Employed,158,Savings,1,195010,12,8,9,1,0.69,2,0,0,0,0
CUST1846,35,Male,Married,None,Employed,51,Current,2,31987,16,8,10,0,0.87,1,1,0,1,0
CUST1530,39,Female,Married,University,Employed,24,Savings,3,158636,11,8,10,0,0.84,0,1,0,0,0
CUST2500,38,Female,Married,None,Employed,64,Current,3,93998,16,7,8,0,0.64,1,0,1,0,0
CUST1966,41,Female,Single,None,Self-employed,56,Savings,2,95768,21,11,6,0,0.96,0,1,0,0,0
CUST1711,41,Female,Married,Secondary,Employed,61,Fixed Deposit,4,11274,23,7,16,0,0.71,1,0,0,1,0
CUST1882,33,Female,Single,Primary,Self-employed,51,Savings,2,91659,18,9,14,0,0.85,1,1,1,0,1
CUST0421,18,Male,Married,Secondary,Self-employed,102,Current,1,211972,17,7,10,1,0.5,3,0,0,0,0
CUST2041,38,Female,Married,Secondary,Employed,22,Fixed Deposit,1,1230074,9,10,6,0,0.85,0,0,0,0,0
CUST1006,43,Female,Married,Secondary,Employed,133,Savings,3,116927,12,9,11,0,0.68,1,0,1,0,0
CUST2208,45,Male,Single,University,Self-employed,11,Savings,2,190942,12,6,7,0,0.67,1,0,0,0,0
CUST2420,39,Male,Single,Secondary,Self-employed,141,Current,1,16532,21,9,11,0,0.85,2,0,1,0,0
CUST2678,34,Male,Married,Secondary,Employed,96,Savings,2,28691,16,4,13,0,0.53,2,1,0,0,1
CUST1698,35,Male,Married,Secondary,Employed,8,Savings,3,22655,14,10,8,0,0.87,0,0,0,0,1
CUST2463,30,Female,Married,Secondary,Employed,100,Savings,1,333361,18,8,18,0,0.97,2,1,0,1,0
CUST0051,18,Male,Single,University,Self-employed,78,Savings,1,2622,13,5,6,0,0.68,0,1,0,0,0
CUST2209,22,Female,Single,Secondary,Employed,21,Current,1,76605,20,8,12,0,0.91,1,1,0,0,0
CUST0193,39,Female,Divorced,Primary,Employed,145,Savings,2,36466,19,13,8,2,0.69,1,1,0,0,0
CUST0925,36,Female,Divorced,University,Self-employed,15,Current,2,11416,14,8,9,2,0.82,3,0,1,0,1
CUST0812,44,Male,Married,Primary,Employed,25,Current,2,75050,20,7,17,0,0.71,2,1,0,0,0
CUST1977,32,Female,Married,University,Employed,52,Current,1,15806,12,14,10,0,0.78,1,1,0,0,1
CUST1868,36,Male,Married,Primary,Employed,7,Savings,1,316505,23,4,7,0,0.78,1,1,1,0,1
CUST2367,30,Female,Married,Secondary,Employed,28,Fixed Deposit,1,967963,17,7,9,0,0.8,1,1,1,1,0
CUST2622,22,Female,Single,Secondary,Self-employed,31,Savings,4,339042,16,8,7,0,0.54,1,1,0,0,1
CUST2160,54,Male,Married,Primary,Employed,83,Current,1,265164,19,4,6,0,0.72,1,1,0,0,0
CUST2017,31,Male,Married,University,Employed,97,Current,2,184195,14,10,12,0,0.91,2,1,1,1,0
CUST1386,38,Female,Married,Secondary,Employed,109,Fixed Deposit,2,87619,20,4,9,0,0.98,0,0,0,0,0
CUST0860,39,Female,Divorced,Secondary,Self-employed,116,Savings,2,294104,6,7,7,0,0.68,0,1,0,1,0
CUST2678,48,Male,Single,Primary,Self-employed,29,Savings,2,496902,17,6,11,0,0.57,1,0,0,0,0
CUST1051,31,Male,Married,None,Self-employed,50,Savings,2,4727,15,12,7,1,0.89,2,0,1,0,1
CUST2879,33,Male,Single,University,Self-employed,169,Savings,2,83579,10,12,11,0,0.66,2,1,1,0,1
CUST0489,32,Male,Single,None,Employed,67,Current,2,8023,16,7,11,0,0.66,1,0,1,0,1
CUST1683,44,Female,Married,Primary,Employed,111,Current,2,9272,9,12,10,0,0.87,1,0,1,0,1
CUST2605,29,Female,Single,Secondary,Employed,6,Savings,1,98059,9,4,10,0,0.87,1,0,0,0,1
CUST0168,26,Male,Divorced,Primary,Employed,85,Fixed Deposit,1,372482,18,9,3,1,0.51,2,1,1,0,0
CUST2476,31,Female,Divorced,Secondary,Employed,64,Savings,1,202840,16,12,14,0,0.78,3,1,0,1,0
CUST1722,40,Male,Single,University,Employed,174,Current,1,74911,15,15,4,2,0.93,0,0,0,0,1
CUST2844,36,Female,Single,Primary,Employed,79,Fixed Deposit,1,240983,14,8,9,0,0.89,1,1,0,0,0
CUST0693,45,Female,Single,Primary,Self-employed,127,Savings,2,3356,16,8,9,0,0.83,0,0,1,0,1
CUST0597,36,Female,Married,University,Employed,155,Savings,1,255523,11,4,8,0,0.7,1,1,0,0,1
CUST1241,26,Male,Married,Secondary,Employed,104,Current,1,90432,14,11,7,0,0.96,0,1,0,0,0
CUST2446,46,Female,Married,Secondary,Self-employed,170,Savings,3,49197,18,11,11,0,0.99,1,1,0,0,0
CUST2377,44,Male,Married,Secondary,Self-employed,120,Savings,3,9819,16,5,6,0,0.64,0,1,1,1,0
CUST2496,23,Female,Married,Primary,Employed,105,Savings,1,133028,11,9,12,0,0.77,0,0,1,1,0
CUST0597,38,Female,Married,Secondary,Employed,100,Savings,2,279791,16,5,7,1,0.98,2,1,0,0,0
CUST0062,31,Female,Divorced,Primary,Unemployed,93,Current,2,470604,17,12,18,1,0.77,1,1,0,0,1
CUST0760,61,Female,Single,Secondary,Self-employed,41,Current,1,14388,13,11,9,0,0.74,1,1,0,0,0
CUST2272,23,Male,Married,Primary,Self-employed,83,Savings,1,69724,15,8,13,0,0.7,0,0,0,0,0
CUST1144,18,Female,Married,Secondary,Unemployed,171,Savings,3,369668,20,13,7,0,0.84,1,1,1,0,0
CUST1575,37,Female,Single,Secondary,Employed,80,Savings,2,44947,15,8,17,1,0.58,0,1,0,0,1
CUST2466,38,Male,Married,Secondary,Employed,111,Savings,2,183144,16,8,9,0,0.52,0,1,1,0,1
CUST0944,38,Female,Single,Primary,Employed,6,Savings,3,363761,18,6,7,0,0.59,1,1,0,0,0
CUST0886,23,Female,Married,University,Self-employed,84,Savings,1,124927,16,6,11,1,0.51,0,1,0,0,0
CUST1480,29,Male,Divorced,Primary,Employed,66,Current,1,258568,13,4,12,0,0.99,0,1,0,1,0
CUST2204,36,Male,Married,University,Unemployed,24,Current,3,96790,10,8,12,0,0.58,5,0,1,0,0
CUST1035,27,Male,Married,None,Unemployed,74,Fixed Deposit,2,179794,18,9,9,0,0.7,1,1,0,0,1
CUST1789,36,Male,Married,Secondary,Employed,159,Savings,2,611679,21,8,5,0,0.71,1,1,1,0,0
CUST2486,26,Female,Married,Primary,Unemployed,113,Savings,3,21091,21,6,15,1,0.51,0,0,1,0,1
CUST0966,34,Female,Single,Secondary,Self-employed,4,Current,1,384195,16,9,10,0,0.75,1,1,0,0,1
CUST2204,35,Male,Married,Primary,Employed,154,Savings,4,17174,23,1,6,0,0.72,2,1,0,1,0
CUST1513,26,Female,Married,University,Unemployed,2,Savings,2,231614,16,9,13,0,0.96,0,1,1,0,1
CUST2785,40,Female,Single,None,Employed,11,Fixed Deposit,3,98000,13,9,15,1,0.93,3,1,0,0,0
CUST2270,24,Female,Married,Secondary,Unemployed,53,Savings,1,54822,15,10,8,0,0.98,2,1,0,1,0
CUST0321,49,Female,Single,University,Employed,138,Fixed Deposit,2,168881,13,7,8,0,0.89,1,1,1,0,0
CUST1794,59,Female,Single,University,Employed,38,Current,1,146207,12,7,5,0,0.8,6,0,1,0,0
CUST1616,51,Female,Single,Primary,Self-employed,156,Current,3,344101,17,9,14,1,0.8,0,0,0,0,0
CUST1491,50,Male,Married,Primary,Employed,30,Savings,2,182289,16,2,8,0,0.7,0,0,0,0,1
CUST1673,26,Female,Married,University,Employed,62,Fixed Deposit,1,94700,12,9,11,0,0.69,0,1,0,0,0
CUST2173,33,Male,Single,Secondary,Employed,64,Savings,1,31467,16,8,8,1,0.65,0,1,0,0,0
CUST2783,18,Female,Single,Secondary,Employed,157,Savings,2,28155,23,8,7,0,0.61,1,1,1,0,0
CUST1752,42,Male,Married,Secondary,Self-employed,18,Savings,1,118571,14,10,5,0,0.59,0,1,0,0,0
CUST0568,24,Male,Married,Secondary,Self-employed,162,Savings,1,110403,13,9,11,0,0.58,1,0,0,0,0
CUST0379,35,Female,Married,Secondary,Self-employed,85,Current,2,420161,14,5,10,1,0.9,1,1,0,0,0
CUST0903,36,Male,Married,Primary,Employed,40,Savings,2,3838,16,6,8,0,0.72,0,1,1,0,1
CUST1265,46,Male,Married,Secondary,Employed,36,Savings,2,452849,5,10,13,0,0.53,0,0,0,0,1
CUST2109,55,Female,Single,None,Employed,51,Savings,4,17238,11,10,10,0,0.51,0,0,0,0,0
CUST2058,43,Male,Married,None,Self-employed,95,Current,2,554062,21,14,11,0,0.64,0,1,0,0,0
CUST1628,37,Male,Married,Secondary,Self-employed,71,Fixed Deposit,1,670218,18,8,8,0,0.72,1,1,0,0,0
CUST2118,30,Female,Divorced,University,Unemployed,131,Current,2,16527,18,6,8,0,0.6,0,1,0,0,0
CUST0731,35,Female,Divorced,Secondary,Unemployed,6,Current,2,4694,18,10,15,0,0.71,0,1,1,0,1
CUST2151,58,Male,Married,University,Employed,79,Savings,3,169223,15,8,12,1,0.57,0,1,1,0,0
CUST2595,28,Male,Married,University,Unemployed,49,Savings,2,170567,23,9,8,0,0.69,0,0,1,1,0
CUST2607,35,Female,Married,University,Employed,111,Current,4,74962,14,6,9,0,0.73,1,1,0,0,0
CUST1654,31,Female,Married,Primary,Employed,172,Savings,2,278378,16,8,10,0,0.99,0,0,1,0,0
CUST0455,21,Female,Single,Secondary,Employed,162,Savings,1,199324,11,5,9,0,0.93,0,1,1,0,0
CUST1909,61,Female,Married,Primary,Employed,96,Current,3,19124,18,6,7,0,0.76,0,1,0,0,0
CUST0672,22,Female,Married,Primary,Employed,130,Current,3,54098,19,9,8,1,0.72,3,1,0,0,1
CUST1307,45,Female,Single,Primary,Employed,79,Fixed Deposit,1,156246,20,14,3,0,0.62,0,0,0,0,0
CUST1748,37,Male,Divorced,Secondary,Unemployed,115,Current,1,17510,11,6,12,0,0.97,2,0,1,1,1
CUST0235,30,Male,Single,None,Employed,169,Current,3,7408,15,9,10,0,0.97,2,1,0,0,0
CUST0775,34,Male,Married,Secondary,Self-employed,122,Savings,2,195508,12,8,14,0,0.55,1,1,0,0,0
CUST2700,31,Male,Married,Primary,Self-employed,88,Current,1,66545,11,10,13,1,0.75,1,0,0,0,0
CUST1673,42,Female,Single,University,Employed,130,Current,1,70207,19,11,9,2,0.51,1,1,1,0,0
CUST1415,36,Female,Married,Secondary,Employed,65,Savings,1,177966,16,16,12,0,0.88,1,0,0,0,1
CUST2259,22,Female,Single,Primary,Employed,55,Savings,1,38799,10,9,7,1,0.74,2,1,0,0,0
CUST1825,31,Female,Married,Secondary,Self-employed,139,Current,3,60124,15,5,11,1,0.91,0,1,0,0,0
CUST1512,33,Female,Married,Secondary,Employed,136,Fixed Deposit,3,121546,16,6,5,0,0.7,1,1,1,1,0
CUST1404,40,Female,Single,University,Unemployed,19,Current,3,109603,19,15,9,0,0.89,0,0,0,1,0
CUST0145,41,Male,Married,Primary,Employed,121,Savings,1,289331,18,5,12,1,0.8,1,1,1,0,0
CUST1811,49,Male,Married,Primary,Employed,51,Savings,3,183830,13,7,9,0,0.82,0,0,0,0,1
CUST1628,34,Male,Single,Secondary,Employed,170,Savings,2,246757,12,4,6,1,0.79,1,1,0,0,0
CUST2331,27,Male,Married,Secondary,Self-employed,148,Savings,1,303162,19,10,10,0,0.59,0,0,0,0,0
CUST0739,40,Male,Single,Primary,Employed,18,Savings,1,27329,14,10,12,0,0.85,3,1,1,0,0
CUST0277,29,Female,Single,University,Employed,134,Savings,1,277531,15,11,7,0,0.68,0,0,0,1,0
CUST1733,56,Male,Single,University,Employed,88,Savings,1,24649,15,6,5,0,0.83,1,1,0,1,0
CUST0244,18,Male,Married,Primary,Self-employed,104,Savings,1,243266,17,5,14,0,0.86,0,0,1,0,0
CUST2561,31,Female,Married,Secondary,Employed,58,Current,3,91032,19,7,4,1,0.82,0,1,0,0,0
CUST2061,25,Female,Single,Secondary,Employed,123,Savings,1,47494,14,7,11,1,0.74,0,0,0,0,0
CUST0635,40,Female,Married,University,Employed,124,Current,3,253599,12,10,8,1,0.76,1,1,0,1,0
CUST0395,18,Male,Married,University,Employed,84,Savings,1,82267,16,8,11,0,0.82,2,0,0,0,0
CUST2612,34,Female,Divorced,Secondary,Employed,51,Savings,4,202013,18,7,7,0,0.77,1,1,0,0,1
CUST0323,33,Male,Single,None,Employed,173,Savings,4,559971,21,5,8,0,0.99,0,0,0,0,0
CUST2667,23,Male,Married,Primary,Employed,101,Current,1,501684,16,5,15,2,0.6,2,1,0,1,0
CUST2342,29,Female,Married,University,Self-employed,47,Current,2,441580,12,7,9,0,0.92,0,1,0,0,1
CUST2759,45,Male,Married,Secondary,Employed,75,Savings,2,99972,16,8,9,0,0.72,1,1,0,0,0
CUST0823,31,Male,Married,Primary,Unemployed,108,Savings,3,75945,14,9,8,0,0.84,0,1,0,0,0
CUST0312,34,Male,Married,Primary,Employed,27,Savings,1,409977,16,7,6,0,0.54,0,0,0,0,0
CUST2226,36,Female,Married,Secondary,Self-employed,171,Savings,2,16136,15,7,10,0,0.72,0,1,0,0,0
CUST0714,23,Female,Single,University,Employed,19,Savings,3,217787,18,7,13,0,0.99,2,1,0,0,0
CUST0964,40,Male,Married,Primary,Employed,98,Current,1,568391,11,11,6,1,0.8,3,1,0,0,1
CUST0789,32,Male,Single,Secondary,Employed,2,Savings,1,154468,21,17,7,0,0.55,3,1,0,0,0
CUST2081,55,Female,Single,Secondary,Employed,94,Current,2,16716,7,6,18,0,0.81,0,1,0,0,0
CUST2570,32,Female,Married,University,Employed,136,Current,3,23913,12,8,8,0,0.91,2,1,0,0,1
CUST2509,50,Female,Married,None,Employed,157,Savings,2,169866,14,5,5,0,0.54,2,1,0,0,0
CUST2320,43,Male,Married,Secondary,Self-employed,123,Current,4,6570,18,9,5,0,0.91,1,1,0,0,0
CUST0924,35,Female,Married,University,Employed,104,Savings,2,233886,19,9,12,0,0.95,1,1,0,0,0
CUST1737,26,Male,Divorced,Secondary,Employed,10,Savings,1,177244,16,7,6,0,0.78,0,0,0,0,0
CUST0030,50,Male,Single,University,Employed,17,Savings,3,126696,15,12,6,0,0.67,0,0,0,0,1
CUST2183,26,Female,Single,University,Employed,124,Savings,1,174682,14,5,7,0,0.59,0,1,0,0,0
CUST0754,48,Male,Married,Primary,Unemployed,172,Fixed Deposit,1,476414,21,12,10,0,0.64,1,1,1,0,0
CUST1141,35,Male,Single,Primary,Employed,52,Savings,3,51581,16,11,19,2,0.83,2,1,0,0,0
CUST0541,21,Female,Single,Primary,Employed,64,Savings,1,79809,21,7,4,0,0.89,1,1,0,1,0
CUST1515,34,Female,Divorced,University,Self-employed,20,Savings,1,43019,15,9,11,0,0.88,1,1,0,1,0
CUST2910,61,Male,Single,None,Self-employed,144,Savings,4,393962,19,7,6,0,0.95,1,0,1,0,0
CUST0298,59,Male,Single,Secondary,Employed,15,Savings,3,94072,9,4,11,0,0.94,1,1,0,0,1
CUST0324,45,Male,Married,Primary,Self-employed,162,Savings,1,23308,17,12,9,0,0.64,1,1,0,0,1
CUST2044,33,Male,Single,Secondary,Unemployed,36,Savings,1,25737,14,7,7,0,0.65,2,1,0,1,0
CUST2885,31,Male,Married,University,Self-employed,12,Savings,1,241111,16,12,10,0,0.84,0,0,0,0,0
CUST1127,26,Female,Married,University,Employed,53,Savings,2,66468,13,9,10,0,0.87,1,1,0,0,0
CUST1214,31,Female,Married,Secondary,Employed,15,Savings,1,85127,18,9,10,0,0.84,1,1,0,0,1
CUST1045,42,Male,Single,Secondary,Employed,27,Savings,1,26584,19,9,8,0,0.81,1,1,0,0,1
CUST1172,37,Female,Single,Primary,Self-employed,140,Savings,3,171667,9,5,13,0,0.88,1,1,0,0,0
CUST1083,18,Female,Married,Secondary,Self-employed,17,Current,1,18459,15,6,9,0,0.99,2,1,0,0,0
CUST2072,54,Female,Married,Primary,Employed,33,Savings,2,56412,14,6,5,1,0.54,1,1,1,0,0
CUST0645,31,Female,Married,Secondary,Self-employed,150,Savings,2,75678,18,8,13,0,0.89,3,1,0,1,1
CUST2567,47,Male,Married,Secondary,Self-employed,36,Fixed Deposit,1,201673,8,6,4,0,0.87,1,0,1,0,1
CUST1339,38,Male,Married,Secondary,Unemployed,42,Current,2,43055,16,5,9,0,0.59,0,1,1,1,0
CUST2352,29,Female,Single,Secondary,Self-employed,137,Savings,1,147810,17,9,10,0,0.7,1,1,1,0,1
CUST0944,32,Male,Married,University,Self-employed,113,Fixed Deposit,1,178683,12,4,7,0,1,0,1,1,1,0
CUST1704,53,Male,Married,Primary,Employed,87,Current,3,32307,14,7,12,1,0.95,1,1,0,0,0
CUST2515,36,Female,Single,Secondary,Employed,163,Current,4,102270,11,8,10,0,0.71,0,1,1,0,0
CUST2421,46,Male,Divorced,Secondary,Employed,118,Savings,1,56193,9,12,4,0,0.79,2,0,1,1,0
CUST2531,43,Male,Single,University,Self-employed,145,Current,3,376964,18,7,12,0,0.82,0,0,0,1,0
CUST0260,24,Male,Single,Primary,Employed,42,Savings,1,64026,18,7,11,0,0.63,2,1,0,0,1
CUST0751,29,Male,Married,Secondary,Employed,38,Savings,1,73724,12,2,14,1,0.57,2,1,0,1,1
CUST0134,33,Male,Married,Primary,Employed,39,Savings,1,438471,18,6,14,0,0.94,1,1,1,0,0
CUST1836,24,Female,Single,Primary,Employed,63,Fixed Deposit,2,76589,14,8,9,0,0.69,0,1,0,1,0
CUST2550,27,Female,Single,Primary,Self-employed,19,Savings,2,113604,19,6,6,0,0.81,2,1,1,0,0
CUST1210,52,Female,Single,Secondary,Self-employed,98,Savings,2,84901,8,8,13,1,0.89,2,1,1,1,0
CUST1778,39,Female,Married,University,Self-employed,56,Current,2,203505,9,1,15,0,0.75,0,1,0,0,0
CUST0906,38,Male,Single,University,Employed,35,Savings,2,114844,11,8,11,0,0.8,1,1,0,0,0
CUST2795,50,Female,Divorced,Primary,Employed,99,Current,2,140333,17,6,13,0,0.99,0,1,0,0,0
CUST1188,47,Female,Married,Primary,Employed,128,Savings,1,180041,11,15,16,0,0.53,2,0,0,0,0
CUST2932,32,Female,Married,Primary,Employed,90,Savings,2,23621,10,5,8,0,0.55,1,0,1,0,1
CUST2826,32,Male,Married,University,Self-employed,105,Fixed Deposit,2,700617,9,8,14,0,0.5,1,1,0,0,0
CUST1271,18,Male,Single,Primary,Employed,71,Savings,1,189930,13,10,7,0,0.55,2,1,1,0,1
CUST1193,19,Male,Single,Secondary,Self-employed,54,Current,2,19647,17,10,12,0,0.99,1,1,0,1,1
CUST2064,46,Male,Married,Primary,Self-employed,155,Savings,1,235118,19,9,11,0,0.71,0,0,1,1,0
CUST0691,38,Male,Single,University,Self-employed,100,Savings,3,27772,5,5,17,0,0.6,0,1,1,0,1
CUST0807,37,Male,Married,Primary,Employed,84,Current,1,115493,13,7,14,0,0.54,0,0,0,1,0
CUST1412,23,Female,Married,Secondary,Employed,8,Savings,1,134702,26,8,6,0,0.77,3,1,1,0,0
CUST2672,27,Male,Married,None,Employed,144,Savings,3,50119,16,4,12,1,0.66,0,1,0,0,1
CUST0733,34,Male,Married,Primary,Unemployed,89,Current,2,131747,22,4,18,0,0.65,2,0,1,0,0
CUST0251,33,Female,Married,Secondary,Employed,105,Savings,1,67018,12,5,6,0,1,1,1,1,0,0
CUST0937,43,Male,Married,Primary,Employed,51,Savings,3,275217,21,9,11,0,0.84,2,1,0,1,1
CUST2946,46,Male,Single,Primary,Employed,119,Savings,4,7166,9,13,17,0,0.87,0,1,1,0,0
CUST0606,49,Female,Single,Secondary,Unemployed,93,Savings,2,113505,18,8,12,0,0.63,0,1,0,0,0
CUST0986,32,Male,Married,Primary,Self-employed,77,Savings,2,74240,12,8,4,0,0.5,2,1,1,1,0
CUST1731,39,Female,Single,Secondary,Employed,35,Savings,2,14673,11,6,5,1,0.73,0,1,0,1,1
CUST0249,40,Female,Single,None,Employed,16,Current,2,215390,9,8,24,1,0.65,0,1,1,0,1
CUST0479,32,Male,Single,Secondary,Unemployed,124,Current,3,83240,18,8,11,1,0.52,2,0,1,0,0
CUST2745,44,Female,Married,Primary,Unemployed,168,Fixed Deposit,2,16130,10,9,9,0,0.72,0,0,0,0,0
CUST0554,38,Male,Single,Secondary,Self-employed,16,Savings,2,77911,18,10,9,1,0.9,2,1,0,0,0
CUST0190,45,Male,Divorced,University,Employed,62,Savings,2,12334,11,7,12,0,0.67,1,1,0,0,0
CUST0902,41,Female,Married,None,Employed,55,Current,1,163959,19,8,12,0,0.7,0,0,1,0,0
CUST1171,42,Male,Married,Secondary,Employed,80,Savings,1,623,16,6,11,0,0.96,0,1,1,0,0
CUST0967,18,Female,Married,Secondary,Employed,167,Savings,3,26246,23,9,8,0,0.5,0,1,1,0,0
CUST0015,40,Male,Married,Secondary,Self-employed,56,Current,4,72691,12,8,9,0,0.75,1,1,1,0,0
CUST1833,32,Female,Married,Secondary,Employed,120,Current,1,19840,22,7,12,1,0.79,1,1,0,0,0
CUST2721,27,Female,Married,Secondary,Self-employed,20,Savings,1,187119,14,5,11,0,0.53,0,0,1,0,0
CUST2291,51,Female,Married,Secondary,Employed,48,Current,2,40930,15,5,9,0,0.64,0,1,0,1,0
CUST0090,22,Female,Married,Secondary,Employed,36,Savings,3,379470,18,10,6,0,0.83,3,0,0,0,1
CUST2571,48,Female,Single,Primary,Employed,70,Savings,2,39636,11,4,11,0,0.51,2,1,0,0,0
CUST2870,36,Female,Married,Secondary,Employed,19,Savings,3,92244,14,11,8,1,0.86,0,1,0,0,1
CUST0961,18,Female,Married,Primary,Employed,138,Current,2,1505,15,14,7,0,0.87,1,1,0,0,1
CUST1224,38,Male,Single,University,Self-employed,35,Savings,2,192004,16,7,11,0,0.72,0,1,0,1,0
CUST2898,18,Male,Married,Primary,Employed,107,Fixed Deposit,1,53043,13,6,12,0,0.59,3,0,0,0,1
CUST0931,41,Female,Married,None,Employed,20,Savings,4,128299,18,12,12,0,0.87,3,0,0,0,1
CUST1076,47,Female,Single,Primary,Self-employed,76,Savings,1,500194,13,5,6,0,0.71,1,1,0,0,0
CUST2600,34,Female,Married,Secondary,Self-employed,148,Current,1,2841,18,8,12,0,0.86,1,1,0,0,0
CUST2966,39,Female,Married,University,Self-employed,57,Savings,4,151552,16,6,10,0,0.63,1,1,0,0,1
CUST1849,52,Male,Married,Secondary,Self-employed,145,Savings,1,12736,14,5,10,0,0.63,0,1,0,0,0
CUST2600,27,Male,Single,Secondary,Self-employed,40,Savings,4,252524,16,8,8,0,0.98,0,1,0,1,0
CUST1211,38,Female,Single,Secondary,Self-employed,82,Current,3,102160,15,8,4,0,0.93,0,1,0,1,0
CUST0829,49,Male,Married,University,Employed,22,Savings,1,70960,17,8,12,1,0.78,0,0,1,0,0
CUST0406,41,Female,Divorced,Primary,Employed,101,Current,3,385337,27,10,12,1,0.52,1,1,0,0,0
CUST2983,37,Female,Single,Primary,Unemployed,56,Fixed Deposit,1,188184,20,9,9,0,0.98,2,0,0,0,1
CUST0672,26,Female,Married,Secondary,Employed,97,Current,3,96552,16,7,10,0,0.68,1,0,0,0,0
CUST2165,23,Male,Single,None,Self-employed,119,Savings,2,99780,19,6,7,0,0.73,0,1,0,0,0
CUST2232,28,Male,Married,University,Unemployed,44,Fixed Deposit,4,2181,9,10,4,0,0.79,0,1,1,0,0
CUST0111,44,Male,Married,University,Employed,122,Savings,1,143276,15,8,13,0,0.84,0,1,1,0,0
CUST1092,40,Male,Married,Primary,Employed,172,Savings,3,156275,22,8,10,1,0.86,0,1,0,0,0
CUST0670,47,Male,Married,Primary,Unemployed,54,Savings,4,40509,20,4,15,0,0.52,1,1,0,1,1
CUST1182,28,Female,Single,Primary,Self-employed,114,Savings,1,210609,15,5,13,0,0.94,0,0,0,0,0
CUST0018,25,Male,Single,Primary,Unemployed,66,Savings,1,25849,17,6,10,0,0.79,3,0,0,0,1
CUST2112,42,Male,Married,Secondary,Employed,86,Savings,2,41579,12,8,9,0,0.92,1,1,1,0,0
CUST2336,41,Female,Married,Primary,Employed,27,Current,2,130404,13,8,9,1,0.75,2,1,1,1,1
CUST1179,25,Male,Married,Secondary,Employed,41,Savings,3,20010,14,8,6,0,0.91,1,1,1,0,1
CUST1751,40,Male,Married,None,Employed,80,Current,2,155556,12,9,16,0,0.69,0,0,0,0,0
CUST1630,19,Male,Single,Primary,Employed,30,Savings,2,12814,17,10,8,0,0.86,1,1,0,0,1
CUST2836,32,Female,Single,Secondary,Employed,174,Savings,4,500,13,8,9,0,0.5,1,1,1,1,0
CUST1616,22,Male,Single,Secondary,Employed,105,Fixed Deposit,2,144626,19,7,11,0,0.95,2,0,0,0,0
CUST0945,24,Female,Married,Secondary,Employed,62,Savings,2,49559,8,6,7,1,0.67,2,0,0,1,0
CUST0104,27,Male,Single,Primary,Employed,32,Current,4,365779,16,8,9,1,0.51,0,1,0,1,0
CUST2822,35,Female,Married,Primary,Self-employed,119,Fixed Deposit,1,37649,14,7,7,0,0.58,1,1,1,1,0
CUST0874,49,Female,Single,Primary,Employed,126,Savings,3,7895,19,9,9,0,0.57,1,1,1,0,0
CUST1236,39,Male,Single,Secondary,Employed,107,Fixed Deposit,2,148722,17,14,8,0,0.99,1,1,0,0,0
CUST1131,27,Female,Single,Primary,Self-employed,12,Current,2,64290,9,9,7,0,0.97,0,1,1,0,1
CUST0896,30,Female,Divorced,University,Employed,151,Savings,2,34809,15,7,7,0,0.93,0,0,0,0,1
CUST1605,48,Female,Single,Secondary,Self-employed,101,Savings,3,47340,18,9,8,0,0.84,2,1,1,1,0
CUST0887,21,Female,Married,Primary,Employed,140,Current,2,103622,13,4,9,0,0.88,2,1,0,0,0
CUST0833,33,Male,Married,None,Employed,112,Savings,2,112198,18,8,13,0,0.53,0,0,0,0,0
CUST0902,18,Male,Married,Primary,Employed,17,Savings,3,184179,22,8,5,0,0.62,0,0,0,1,1
CUST2431,34,Female,Married,University,Employed,145,Savings,1,245101,18,5,10,0,0.61,0,0,0,0,0
CUST2251,43,Female,Single,None,Employed,138,Savings,1,78907,19,10,10,0,0.76,2,0,0,0,0
CUST1651,31,Male,Married,None,Employed,64,Current,1,168064,18,2,11,1,0.79,1,1,1,1,0
CUST0935,34,Male,Single,Primary,Self-employed,60,Current,2,6872,20,8,5,1,0.81,0,0,1,0,1
CUST2261,33,Male,Single,University,Employed,92,Current,2,141423,15,8,11,0,0.8,0,0,1,1,0
CUST0658,39,Female,Divorced,Primary,Employed,101,Savings,2,57820,18,7,17,0,0.52,1,1,0,0,0
CUST1436,36,Female,Divorced,Secondary,Self-employed,162,Savings,1,442279,14,7,9,0,0.78,0,1,0,0,0
CUST1026,40,Female,Single,University,Employed,102,Fixed Deposit,1,142278,11,7,10,0,0.54,2,1,1,1,1
CUST2978,35,Female,Married,Secondary,Employed,6,Savings,2,197707,14,11,10,1,0.72,0,1,0,0,1
CUST1369,48,Female,Single,University,Employed,74,Current,1,307687,13,5,12,0,0.85,1,1,0,1,1
CUST1089,32,Female,Single,Secondary,Unemployed,68,Savings,1,150338,12,8,16,0,0.77,1,1,0,0,0
CUST1302,46,Female,Single,Secondary,Employed,111,Savings,2,34830,19,10,9,0,0.56,0,1,0,0,1
CUST0676,38,Male,Married,Secondary,Self-employed,115,Savings,3,194483,15,6,12,0,0.57,1,1,0,0,0
CUST1404,31,Male,Married,None,Employed,57,Fixed Deposit,2,49251,13,4,7,0,0.6,1,0,0,0,1
CUST2954,54,Male,Single,University,Self-employed,91,Current,1,15873,5,7,9,0,0.75,2,1,0,0,0
CUST0093,43,Male,Married,Secondary,Self-employed,102,Current,1,277584,12,3,7,0,0.93,0,1,0,0,0
CUST1541,48,Female,Married,Secondary,Employed,97,Savings,1,5214,14,9,7,1,0.63,1,0,1,0,1
CUST2263,27,Female,Married,Primary,Employed,90,Savings,3,77413,21,9,8,0,0.66,1,1,0,0,0
CUST2037,38,Male,Married,Secondary,Employed,140,Savings,2,80339,11,7,4,0,0.94,0,1,0,0,0
CUST2228,41,Male,Married,Primary,Employed,119,Savings,1,120564,12,9,8,1,0.85,0,1,0,1,0
CUST0927,36,Male,Married,Primary,Employed,58,Fixed Deposit,1,112555,19,12,9,0,0.81,0,1,0,0,0
CUST1086,39,Female,Single,Secondary,Employed,85,Savings,3,275000,11,9,5,0,0.55,0,0,0,0,0
CUST2970,25,Female,Single,Secondary,Employed,103,Savings,2,936368,16,8,10,0,0.88,0,0,1,0,1
CUST1237,37,Male,Single,Secondary,Self-employed,130,Current,2,126624,14,12,16,0,0.93,1,0,0,0,0
CUST0909,41,Female,Divorced,None,Employed,38,Savings,1,20545,9,11,14,0,0.85,0,1,1,0,0
CUST2074,31,Male,Married,Primary,Employed,118,Savings,1,73571,18,9,5,0,0.88,1,1,1,0,0
CUST0371,38,Male,Single,Secondary,Employed,7,Savings,1,48839,14,4,6,0,0.89,1,1,1,0,1
CUST2950,27,Female,Single,Secondary,Employed,144,Fixed Deposit,1,44653,12,8,11,1,0.59,0,1,0,0,0
CUST1384,18,Female,Married,Primary,Employed,83,Savings,4,299693,16,10,11,0,0.51,1,0,1,0,1
CUST2061,26,Female,Single,Secondary,Employed,131,Savings,1,282547,15,8,10,0,0.94,3,1,1,1,0
CUST0033,29,Female,Married,Primary,Employed,13,Savings,3,102119,18,12,7,1,0.68,0,1,0,0,0
CUST0432,38,Female,Single,Secondary,Self-employed,48,Savings,3,9867,13,7,7,0,0.78,1,1,0,1,0
CUST2017,27,Female,Married,Secondary,Employed,148,Current,2,454845,13,15,11,1,0.61,0,0,0,1,1
CUST1153,53,Female,Married,Primary,Self-employed,37,Current,2,110030,18,10,10,2,0.6,1,1,0,0,0
CUST2514,34,Female,Single,Primary,Employed,27,Current,1,24124,12,8,3,0,0.65,2,1,0,1,1
CUST1398,46,Female,Single,Secondary,Self-employed,156,Savings,1,144878,20,8,10,0,0.71,0,1,1,1,0
CUST0544,37,Female,Single,Primary,Employed,3,Savings,1,29159,16,14,8,0,0.62,3,1,0,0,0
CUST1816,40,Female,Single,University,Employed,145,Current,3,78214,14,9,7,0,0.63,0,1,0,0,0
CUST1387,33,Female,Married,Secondary,Employed,107,Savings,2,41430,13,6,7,1,0.77,0,1,0,0,0
CUST0837,43,Female,Married,Secondary,Self-employed,170,Current,2,10745,17,9,8,0,0.61,2,1,0,1,0
CUST2335,19,Male,Single,None,Employed,171,Savings,4,146949,20,7,11,0,0.73,1,0,0,0,0
CUST0935,32,Male,Married,Primary,Self-employed,5,Savings,1,66609,16,9,8,0,0.96,0,0,0,0,1
CUST1478,39,Female,Married,Primary,Self-employed,147,Savings,3,19478,10,6,12,0,0.67,1,1,1,0,0
CUST0290,37,Female,Married,Secondary,Employed,54,Fixed Deposit,1,18387,15,7,7,1,0.85,2,0,0,0,1
CUST0628,32,Female,Single,Secondary,Unemployed,92,Current,1,22979,15,11,10,0,0.74,1,1,0,0,0
CUST1398,27,Female,Single,Secondary,Self-employed,35,Current,4,51494,22,5,12,0,0.9,2,1,0,0,1
CUST2012,18,Male,Married,University,Employed,171,Savings,1,331090,21,8,5,0,0.73,0,1,1,0,0
CUST1075,38,Female,Married,Secondary,Self-employed,66,Fixed Deposit,3,14042,9,9,12,1,0.64,1,0,0,0,0
CUST2321,27,Male,Single,Secondary,Employed,32,Savings,3,32985,13,6,8,0,0.95,1,1,1,0,0
CUST0569,24,Female,Married,Secondary,Self-employed,62,Current,1,31638,17,7,8,0,0.92,1,1,1,1,0
CUST2526,53,Male,Single,Secondary,Employed,49,Savings,2,47908,11,8,10,0,0.71,0,1,0,0,0
CUST0588,27,Female,Single,Primary,Employed,116,Savings,1,183312,12,8,13,0,0.84,0,1,1,0,0
CUST0905,32,Female,Divorced,Secondary,Self-employed,106,Current,1,92783,19,7,11,1,0.79,2,1,0,0,0
CUST1472,27,Male,Married,Secondary,Employed,161,Current,3,57624,14,6,14,0,0.59,2,1,1,0,0
CUST2259,50,Female,Married,University,Employed,29,Savings,1,130468,18,8,10,0,0.67,0,1,0,0,0
CUST1580,39,Male,Single,University,Employed,179,Savings,1,57311,12,7,9,0,0.95,0,1,0,0,1
CUST2787,29,Male,Divorced,University,Employed,37,Current,1,166776,10,4,8,2,0.83,0,0,1,0,1
CUST1232,45,Female,Married,University,Unemployed,134,Savings,2,8065,11,10,9,0,0.66,1,0,1,1,0
CUST2673,36,Male,Married,Secondary,Employed,42,Savings,2,130469,14,8,11,0,0.76,2,1,0,0,1
CUST2407,24,Male,Divorced,None,Self-employed,81,Savings,1,51835,14,10,11,0,0.85,1,1,0,0,0
CUST0569,32,Male,Married,Primary,Employed,25,Current,3,18316,4,6,6,0,0.69,1,1,1,1,0
CUST2776,41,Male,Single,Secondary,Employed,118,Fixed Deposit,1,149783,9,10,14,0,0.59,0,1,0,1,0
CUST2779,42,Male,Divorced,Primary,Employed,146,Savings,1,188467,19,7,18,1,0.7,1,1,0,0,0
CUST1556,39,Male,Married,University,Employed,129,Savings,1,49437,16,7,12,0,0.98,2,1,0,0,0
CUST0921,40,Female,Single,Secondary,Employed,94,Savings,2,8256,13,4,11,0,0.94,1,1,0,0,0
CUST1551,45,Female,Married,Primary,Employed,116,Fixed Deposit,3,428429,15,8,10,0,0.78,0,1,0,1,0
CUST0918,40,Male,Single,University,Employed,31,Current,1,370504,17,8,8,0,0.86,1,0,1,0,0
CUST1748,39,Male,Single,Primary,Self-employed,173,Savings,2,186428,24,10,15,0,0.76,0,1,0,0,0
CUST0320,38,Male,Single,Secondary,Self-employed,149,Savings,2,108835,13,5,6,0,0.85,1,1,0,0,0
CUST2058,23,Male,Divorced,University,Unemployed,72,Current,1,661900,17,7,6,0,0.69,4,0,0,0,0
CUST2429,30,Male,Married,None,Employed,157,Savings,2,175036,14,9,12,0,0.95,1,1,0,0,0
CUST1097,36,Female,Married,University,Unemployed,67,Current,3,103024,13,7,12,1,0.77,2,1,0,1,0
CUST2807,29,Male,Married,University,Self-employed,72,Savings,2,322761,19,7,8,0,0.94,2,1,0,0,1
CUST1345,44,Female,Married,Primary,Employed,179,Current,2,351369,12,8,11,0,0.69,0,1,1,0,0
CUST0436,43,Female,Single,Secondary,Employed,42,Current,1,163930,9,7,8,0,0.6,2,1,0,0,0
CUST2789,47,Male,Married,Primary,Unemployed,62,Savings,3,244286,6,4,11,0,0.5,2,1,0,0,0
CUST1273,46,Male,Married,Secondary,Employed,85,Fixed Deposit,2,56744,10,7,9,0,0.6,3,0,0,0,0
CUST2593,26,Female,Divorced,Secondary,Employed,59,Savings,2,439575,13,12,14,0,0.53,1,0,1,0,1
CUST0242,25,Female,Married,Secondary,Self-employed,83,Current,2,49315,14,13,9,2,0.62,0,0,0,0,0
CUST1690,20,Female,Single,Secondary,Employed,25,Current,1,517956,12,5,7,0,0.73,1,0,0,0,0
CUST1112,39,Male,Single,Secondary,Unemployed,85,Savings,2,77845,18,8,17,0,0.7,1,1,0,0,1
CUST2162,22,Female,Single,Secondary,Self-employed,84,Fixed Deposit,2,106457,12,6,13,0,0.63,1,0,1,1,1
CUST2470,18,Male,Married,University,Self-employed,162,Fixed Deposit,1,6744,12,3,8,0,0.82,1,1,1,0,0
CUST2171,55,Male,Married,Secondary,Unemployed,21,Savings,3,274446,19,5,5,0,0.94,0,0,0,0,0
CUST2497,35,Female,Single,Secondary,Employed,79,Fixed Deposit,2,49562,15,6,5,0,0.65,2,1,0,0,0
CUST1422,58,Female,Married,University,Unemployed,163,Savings,1,28744,20,8,11,0,0.65,1,0,0,0,0
CUST1147,36,Female,Married,Secondary,Unemployed,98,Savings,3,117413,14,3,7,0,0.82,2,1,0,1,0
CUST1151,37,Male,Single,Secondary,Unemployed,84,Savings,2,363974,18,8,11,0,0.93,0,1,0,0,0
CUST2061,23,Male,Married,Secondary,Unemployed,177,Savings,2,542727,21,15,10,0,0.61,1,1,0,0,0
CUST0937,46,Male,Married,Primary,Employed,101,Savings,3,178397,12,3,13,0,0.56,3,1,0,1,0
CUST2229,38,Male,Married,University,Employed,53,Savings,1,58010,12,5,10,1,0.59,2,1,0,0,1
CUST0342,44,Female,Married,Secondary,Unemployed,99,Savings,1,175615,15,7,8,1,0.88,1,1,0,0,1
CUST2269,40,Female,Divorced,Secondary,Employed,153,Savings,2,261673,14,10,7,1,0.63,2,1,0,0,0
CUST0225,47,Male,Single,Secondary,Employed,82,Savings,1,171937,19,8,7,1,0.78,1,1,0,0,0
CUST2486,37,Male,Married,University,Employed,21,Savings,2,168355,15,5,11,0,0.7,1,0,0,0,1
CUST1843,23,Female,Married,Secondary,Employed,97,Fixed Deposit,2,46029,17,7,15,0,0.83,0,1,0,0,1
CUST1033,36,Male,Single,None,Self-employed,23,Savings,1,261365,19,7,9,0,0.94,1,0,0,0,1
CUST2778,26,Female,Single,None,Employed,76,Fixed Deposit,3,75407,12,7,9,0,0.9,1,0,0,0,0
CUST1324,34,Male,Single,None,Self-employed,79,Savings,2,59212,17,9,7,0,0.88,0,0,0,0,1
CUST2253,28,Male,Single,University,Employed,143,Current,1,96720,13,9,11,0,0.84,0,1,1,0,0
CUST2145,18,Male,Single,Secondary,Unemployed,40,Savings,2,34042,19,11,9,1,0.67,1,1,0,0,1
CUST0185,25,Male,Married,Secondary,Employed,45,Fixed Deposit,1,42863,21,10,8,0,0.89,2,0,0,0,0
CUST0187,52,Male,Single,Primary,Employed,152,Savings,1,152382,9,6,16,1,0.6,1,1,0,0,0
CUST2323,39,Female,Single,Primary,Employed,18,Current,3,105842,20,11,15,0,0.86,0,1,0,1,0
CUST0712,32,Male,Single,University,Employed,5,Savings,2,252309,16,14,14,0,0.7,0,0,0,0,1
CUST2770,30,Male,Married,University,Employed,12,Current,2,88850,17,8,9,0,0.62,0,1,1,0,0
CUST0022,37,Male,Married,Secondary,Employed,64,Savings,2,48729,20,5,14,0,0.59,5,0,0,0,1
CUST1736,24,Female,Single,Secondary,Employed,116,Savings,1,208858,10,15,7,0,0.85,3,1,0,0,1
CUST0506,35,Male,Married,Primary,Employed,13,Fixed Deposit,1,37233,11,13,9,0,0.89,2,1,0,0,1
CUST0117,37,Male,Single,University,Employed,49,Current,4,202055,17,8,11,1,0.52,0,1,0,0,1
CUST1066,40,Female,Single,None,Unemployed,129,Current,2,88061,19,4,7,0,0.83,4,1,0,0,1
CUST0925,43,Male,Single,Primary,Self-employed,35,Current,1,21483,22,7,13,0,0.66,0,1,0,0,0
CUST1925,31,Female,Single,Primary,Employed,134,Fixed Deposit,2,320719,16,10,9,0,0.63,0,1,0,0,0
CUST0532,37,Male,Married,Primary,Employed,35,Current,3,369594,11,4,13,0,0.62,2,0,0,0,0
CUST2246,40,Female,Married,Secondary,Employed,160,Savings,2,777995,8,10,8,0,0.55,1,1,0,0,0
CUST1119,34,Male,Married,Primary,Self-employed,94,Savings,2,252154,16,6,9,0,0.79,0,1,0,0,0
CUST0165,31,Male,Married,Secondary,Self-employed,127,Savings,1,283911,14,7,14,0,0.71,0,1,0,0,0
CUST1076,35,Male,Single,Secondary,Self-employed,99,Current,1,2519,21,7,5,0,0.66,2,1,0,0,0
CUST2383,26,Female,Married,University,Self-employed,71,Fixed Deposit,2,136541,17,7,12,0,0.56,2,1,0,0,0
CUST1159,37,Male,Married,Primary,Employed,5,Current,3,45454,17,11,11,1,0.59,0,1,0,1,0
CUST1998,46,Male,Married,University,Employed,31,Savings,3,46378,12,4,5,1,0.94,1,1,0,0,0
CUST0783,35,Male,Divorced,Secondary,Employed,88,Current,2,144404,13,10,12,0,0.55,2,1,0,1,0
CUST0143,35,Female,Divorced,Secondary,Employed,31,Current,1,19780,17,5,12,1,0.69,2,1,1,0,1
CUST0451,27,Male,Single,Primary,Employed,54,Current,2,148087,15,10,8,0,0.51,1,1,0,0,0
CUST1137,34,Male,Single,University,Unemployed,118,Current,3,477018,17,10,10,0,0.82,0,0,0,1,0
CUST0047,28,Female,Single,Secondary,Employed,23,Current,2,264779,14,10,11,0,0.54,2,1,0,0,0
CUST1346,38,Female,Married,Secondary,Employed,171,Savings,1,108006,16,12,11,0,0.74,1,1,0,0,0
CUST1703,47,Female,Single,Secondary,Self-employed,81,Savings,1,252187,7,8,6,0,0.51,0,1,1,0,0
CUST1757,32,Male,Single,Secondary,Employed,90,Savings,1,62189,9,6,11,1,0.63,0,0,0,0,0
CUST1699,30,Female,Married,Secondary,Employed,152,Savings,1,105527,14,11,13,0,0.58,0,0,0,0,0
CUST0567,33,Male,Married,None,Self-employed,51,Current,3,186187,17,8,6,0,0.54,0,1,0,0,0
CUST1503,47,Female,Married,University,Self-employed,112,Savings,3,35028,10,8,8,0,0.97,0,1,1,0,0
CUST1816,34,Female,Single,None,Unemployed,25,Savings,2,674206,15,9,8,0,0.84,1,1,0,0,0
CUST1627,18,Female,Single,Secondary,Employed,18,Savings,1,282701,14,8,9,0,0.56,2,1,1,1,0
CUST2993,30,Male,Married,Secondary,Employed,52,Current,1,60540,16,3,7,1,0.71,1,1,0,0,0
CUST1442,41,Male,Single,Secondary,Employed,19,Savings,1,182712,15,6,13,0,0.81,1,1,0,0,1
CUST0529,40,Female,Married,Secondary,Self-employed,119,Current,2,313717,20,6,6,0,0.68,1,0,0,0,0
CUST1949,28,Male,Married,Primary,Self-employed,8,Savings,1,6620,11,8,8,0,0.79,0,1,0,1,0
CUST2230,18,Male,Single,Secondary,Employed,58,Savings,1,213861,18,9,10,0,0.68,1,0,0,1,0
CUST0358,33,Female,Married,Secondary,Employed,39,Savings,3,48168,16,6,14,0,0.97,0,1,0,0,0
CUST1226,47,Male,Married,Secondary,Employed,3,Savings,2,43071,14,14,13,0,0.66,1,1,1,0,1
CUST1111,49,Female,Single,Secondary,Employed,47,Savings,1,117631,12,11,6,0,0.86,2,1,0,1,1
CUST0373,52,Male,Married,Primary,Employed,63,Savings,2,187755,14,9,12,0,0.89,0,0,0,0,0
CUST1197,40,Female,Single,Primary,Employed,77,Savings,1,72066,13,9,12,0,0.77,1,1,0,0,0
CUST1848,27,Male,Married,Primary,Employed,17,Current,2,145441,17,3,10,0,0.55,0,1,0,0,0
CUST1322,35,Male,Married,Primary,Self-employed,130,Savings,2,194180,17,7,7,0,0.52,1,0,1,0,1
CUST2177,20,Male,Married,None,Employed,121,Current,4,250103,16,13,14,0,0.95,0,0,0,0,0
CUST1153,28,Female,Single,Primary,Employed,70,Savings,2,177051,15,6,9,0,0.64,1,1,0,1,1
CUST2969,18,Female,Married,Primary,Employed,47,Savings,1,93251,17,12,12,0,0.73,4,1,0,0,1
CUST1195,18,Male,Married,Primary,Employed,64,Savings,1,274858,18,12,10,0,0.92,2,0,0,1,0
CUST2284,45,Male,Divorced,Secondary,Employed,165,Savings,3,51470,14,9,11,1,0.51,0,1,1,1,0
CUST0814,19,Male,Divorced,Secondary,Employed,103,Savings,2,166585,17,9,6,0,0.84,1,1,0,1,0
CUST0576,30,Male,Divorced,Primary,Employed,114,Savings,1,15902,16,8,11,0,0.79,1,0,1,0,0
CUST0795,43,Male,Divorced,Primary,Employed,111,Savings,3,42480,14,8,7,1,0.53,0,0,1,0,1
CUST0837,38,Female,Single,Secondary,Employed,47,Savings,3,122740,8,6,10,0,0.56,4,1,0,0,0
CUST2195,42,Male,Married,Secondary,Employed,94,Current,2,66375,6,10,8,0,0.95,2,1,1,0,0
CUST2055,33,Male,Single,Secondary,Self-employed,162,Savings,2,21055,20,5,9,0,0.74,1,0,1,0,0
CUST2986,35,Male,Married,Primary,Employed,176,Fixed Deposit,1,346638,20,8,9,0,0.95,2,1,0,0,0
CUST0380,21,Male,Married,University,Employed,65,Savings,1,18311,12,8,9,1,0.74,1,0,0,1,0
CUST1700,34,Female,Single,Secondary,Self-employed,129,Current,1,475404,12,5,11,0,0.87,2,1,0,1,0
CUST2399,43,Female,Single,Secondary,Self-employed,178,Current,4,496043,9,5,8,0,0.91,0,1,0,0,0
CUST0445,35,Female,Single,Secondary,Employed,141,Savings,1,15509,13,8,13,1,0.9,0,1,0,0,0
CUST1261,53,Male,Married,None,Employed,154,Savings,1,68280,15,6,14,0,0.87,0,1,0,1,0
CUST2216,32,Male,Single,Primary,Employed,95,Savings,2,127224,12,7,8,1,0.97,2,0,0,0,0
CUST1112,42,Male,Married,None,Employed,75,Current,3,107968,17,9,13,0,0.7,2,0,1,0,0
CUST2031,24,Male,Divorced,Primary,Unemployed,122,Savings,1,196870,15,8,12,1,0.91,1,1,1,0,0
CUST1262,26,Female,Married,Primary,Employed,133,Savings,2,145480,15,5,10,0,0.96,0,0,0,0,0
CUST1284,19,Female,Married,Secondary,Self-employed,150,Savings,3,119481,19,7,10,0,0.62,1,1,1,0,0
CUST2932,45,Female,Married,Secondary,Self-employed,59,Current,1,17581,18,8,12,0,0.86,0,1,1,0,0
CUST2974,19,Male,Married,None,Self-employed,55,Fixed Deposit,3,59909,10,8,14,0,0.82,1,1,0,0,0
CUST1150,24,Male,Married,Secondary,Self-employed,167,Current,1,1639,17,8,10,0,0.84,0,1,0,1,0
CUST1125,32,Male,Married,Secondary,Employed,175,Savings,2,101733,18,9,6,0,0.74,0,0,0,0,0
CUST0707,18,Male,Married,Secondary,Employed,31,Savings,1,186826,13,5,11,0,0.93,2,1,0,0,1
CUST1040,32,Female,Married,Secondary,Self-employed,119,Savings,2,167766,17,13,7,0,0.93,1,1,1,1,0
CUST2270,18,Male,Single,Primary,Employed,36,Savings,4,380118,7,6,10,0,0.54,0,0,0,0,1
CUST1384,51,Female,Married,Secondary,Employed,24,Savings,1,90525,14,7,7,0,0.56,1,1,1,1,1
CUST2543,35,Female,Married,Secondary,Unemployed,117,Fixed Deposit,4,112066,16,9,10,1,0.51,0,0,0,1,1
CUST2891,36,Male,Married,Primary,Employed,92,Savings,1,169280,17,10,8,0,0.61,3,0,1,0,0
CUST2739,48,Female,Married,Secondary,Self-employed,53,Current,1,337408,17,9,8,0,0.56,2,1,1,1,0
CUST2003,28,Female,Married,University,Self-employed,126,Savings,2,349453,16,3,9,0,0.54,1,1,0,0,0
CUST0817,41,Female,Married,Secondary,Self-employed,128,Current,1,928,14,4,12,0,0.82,2,0,0,0,1
CUST0365,36,Male,Single,Primary,Employed,109,Savings,1,485136,21,11,14,0,0.73,0,1,0,1,0
CUST1012,39,Male,Married,Primary,Employed,72,Savings,2,12283,16,7,7,0,0.73,1,1,0,0,0
CUST0242,18,Male,Single,Secondary,Employed,159,Current,3,80310,16,7,9,0,0.59,0,1,0,0,0
CUST1485,45,Male,Single,Primary,Employed,67,Savings,3,69277,21,4,9,2,0.57,2,0,0,0,1
CUST0964,44,Male,Single,Primary,Self-employed,59,Savings,2,54602,15,6,6,0,0.87,2,1,1,0,0
CUST1299,56,Male,Single,Secondary,Employed,92,Savings,2,381944,12,9,7,0,0.63,1,0,0,0,0
CUST1860,33,Female,Single,Secondary,Employed,114,Current,2,139430,14,12,14,0,0.6,0,1,0,0,0
CUST0056,38,Female,Married,University,Employed,109,Savings,1,109090,14,9,9,0,0.6,1,0,0,0,1
CUST1492,35,Male,Divorced,Secondary,Self-employed,21,Savings,2,62624,16,4,10,0,0.54,1,1,0,0,0
CUST2930,52,Female,Married,Primary,Employed,133,Savings,3,51143,23,7,12,0,0.9,2,1,0,0,0
CUST1382,20,Female,Married,Secondary,Employed,42,Current,4,112133,13,9,4,0,0.89,0,1,0,0,1
CUST2657,27,Female,Divorced,Secondary,Self-employed,111,Savings,2,183940,23,6,11,0,0.51,3,1,0,0,0
CUST2641,34,Female,Divorced,Secondary,Self-employed,165,Fixed Deposit,1,1018702,12,7,14,0,0.81,0,0,0,0,0
CUST1146,18,Female,Married,Secondary,Employed,94,Current,3,65920,6,8,15,0,0.73,1,1,0,0,0
CUST2069,34,Male,Married,Primary,Unemployed,65,Savings,2,141248,12,8,9,0,0.88,0,1,0,0,0
CUST1710,37,Male,Married,University,Employed,13,Current,1,484727,13,11,10,0,0.56,0,1,0,1,0
CUST0914,44,Male,Married,Secondary,Employed,104,Savings,1,32312,20,8,8,0,0.86,1,0,1,1,0
CUST1979,47,Male,Single,Secondary,Employed,8,Savings,2,60010,14,11,7,0,0.58,3,0,0,0,1
CUST1171,18,Female,Married,Secondary,Employed,116,Fixed Deposit,1,345024,20,5,7,0,0.63,3,0,0,0,0
CUST1525,51,Female,Single,Primary,Employed,170,Savings,1,230554,11,10,13,0,0.94,2,0,0,0,0
CUST1167,30,Female,Married,Primary,Self-employed,84,Savings,4,121189,15,7,11,0,0.52,2,1,1,0,0
CUST0630,46,Male,Married,None,Employed,161,Current,1,10580,13,7,10,0,0.75,1,1,0,0,1
CUST0945,28,Male,Married,Secondary,Employed,173,Savings,1,101612,16,6,10,0,0.77,1,1,0,0,1
CUST0248,41,Female,Married,Secondary,Unemployed,172,Savings,3,77722,20,8,13,0,0.68,1,0,0,0,1
CUST0765,33,Male,Single,Primary,Employed,173,Savings,3,498381,24,8,10,0,0.89,1,0,0,1,0
CUST1579,38,Female,Single,Primary,Employed,62,Current,4,44063,16,8,11,0,0.71,2,0,1,0,0
CUST0593,29,Female,Single,University,Employed,165,Current,1,26824,14,14,7,0,0.84,1,1,0,0,0
CUST0413,32,Male,Divorced,Secondary,Employed,124,Savings,3,177383,15,8,9,2,0.72,0,0,0,0,1
CUST2957,47,Female,Married,University,Self-employed,34,Savings,1,107407,15,11,8,0,0.71,1,1,0,1,1
CUST1244,34,Male,Single,Secondary,Self-employed,79,Savings,1,214848,11,8,8,0,0.82,1,1,0,0,1
CUST2083,31,Female,Married,Secondary,Employed,136,Savings,1,8863,16,12,4,1,0.74,1,0,0,0,0
CUST0433,32,Female,Single,University,Employed,69,Savings,2,873749,12,11,8,0,0.85,1,1,0,0,0
CUST0362,37,Female,Divorced,Primary,Self-employed,47,Savings,4,114569,12,8,10,0,0.85,0,1,1,0,0
CUST1326,25,Female,Married,Primary,Employed,168,Fixed Deposit,2,186705,13,4,11,0,0.65,0,1,0,0,0
CUST0749,46,Female,Single,Secondary,Self-employed,99,Current,1,93254,11,14,16,0,0.73,0,1,1,1,1
CUST0079,31,Male,Married,University,Employed,150,Fixed Deposit,2,133876,16,18,6,0,0.81,2,1,1,0,0
CUST2792,31,Female,Married,Secondary,Self-employed,83,Fixed Deposit,1,106467,12,3,9,0,0.93,2,1,0,0,0
CUST1498,32,Female,Divorced,Primary,Employed,124,Savings,2,127451,19,5,9,0,0.54,2,1,0,1,0
CUST2117,24,Female,Single,Secondary,Unemployed,49,Savings,3,20722,14,5,9,0,0.51,1,0,1,0,0
CUST0458,43,Female,Married,Primary,Self-employed,105,Savings,3,242313,10,7,7,0,0.68,2,1,0,0,0
CUST0234,25,Female,Single,University,Employed,154,Savings,1,260083,9,8,8,1,0.54,0,1,0,0,0
CUST0904,46,Female,Married,Secondary,Self-employed,113,Fixed Deposit,1,3134,20,5,14,1,0.53,0,0,1,0,0
CUST1123,23,Male,Married,University,Employed,66,Savings,2,142376,12,9,9,1,0.94,0,1,1,0,1
CUST0749,18,Male,Married,Secondary,Employed,42,Savings,2,175480,15,12,9,0,0.66,1,1,0,1,0
CUST1746,33,Male,Single,Secondary,Unemployed,111,Savings,3,355207,12,8,7,0,0.75,3,1,1,0,0
CUST0950,31,Female,Married,Primary,Employed,108,Savings,4,1542,16,11,8,1,0.96,1,0,0,0,0
CUST0357,34,Female,Single,University,Employed,164,Current,1,44177,10,4,14,0,0.95,0,0,0,0,0
CUST2824,33,Female,Single,Secondary,Self-employed,81,Savings,2,157674,15,7,21,0,0.76,2,1,0,0,0
CUST2429,19,Female,Married,Primary,Employed,46,Fixed Deposit,2,6858,19,13,11,0,0.57,0,1,1,0,1
CUST0018,54,Male,Married,None,Employed,63,Fixed Deposit,1,137394,15,11,8,1,0.69,1,1,1,0,1
CUST2301,29,Male,Single,Primary,Self-employed,49,Savings,1,240177,11,4,7,0,0.6,3,1,1,0,0
CUST1200,44,Female,Married,University,Employed,96,Savings,1,109000,13,14,9,0,0.8,2,1,1,0,0
CUST2242,43,Female,Married,Secondary,Employed,65,Savings,2,4825,16,6,12,1,0.79,2,0,0,0,1
CUST1116,25,Male,Married,Primary,Employed,56,Current,1,557058,16,12,11,0,0.89,0,1,1,0,0
CUST2514,34,Male,Divorced,Secondary,Self-employed,74,Current,1,207038,20,9,9,1,0.62,2,0,1,0,1
CUST1883,42,Female,Single,Secondary,Self-employed,132,Savings,2,121953,16,9,8,1,0.57,1,1,1,0,0
CUST1051,38,Female,Married,Secondary,Unemployed,106,Current,2,15161,21,8,8,0,0.95,0,1,0,0,0
CUST2292,24,Male,Divorced,Secondary,Employed,129,Savings,2,180893,12,6,8,0,0.7,1,1,0,0,1
CUST1797,22,Female,Married,Primary,Employed,140,Fixed Deposit,2,368381,13,5,10,1,0.72,2,1,1,1,0
CUST1768,40,Female,Married,Primary,Employed,56,Current,2,18110,15,3,13,0,0.95,1,1,0,0,0
CUST0544,35,Female,Married,University,Self-employed,121,Savings,3,120682,15,13,8,0,0.99,1,0,1,0,0
CUST1518,43,Male,Single,None,Employed,43,Savings,3,154724,19,13,6,0,0.68,0,1,1,0,0
CUST0246,44,Male,Divorced,Secondary,Self-employed,70,Savings,3,64959,16,6,7,1,0.71,0,1,0,0,0
CUST0265,32,Male,Married,Primary,Self-employed,28,Fixed Deposit,1,217799,13,12,11,0,0.79,1,1,1,0,0
CUST1911,40,Female,Married,Primary,Self-employed,69,Fixed Deposit,2,9371,18,7,10,0,0.7,1,1,0,1,1
CUST0210,38,Male,Married,Primary,Self-employed,25,Current,3,178144,12,11,12,0,0.57,0,1,0,0,0
CUST0047,22,Male,Married,None,Employed,31,Fixed Deposit,1,18007,15,13,9,0,0.85,1,0,1,0,0
CUST0329,46,Male,Divorced,Primary,Employed,141,Current,2,89134,11,7,6,0,0.58,0,0,0,0,0
CUST0625,28,Male,Single,Primary,Self-employed,35,Fixed Deposit,3,26869,16,9,7,1,0.81,0,1,0,0,1
CUST2933,46,Male,Single,Secondary,Employed,94,Current,2,218623,17,3,11,0,0.78,2,1,0,0,0
CUST0266,18,Female,Married,Primary,Self-employed,25,Savings,1,126814,18,8,7,0,0.73,0,1,0,1,0
CUST0622,37,Male,Single,Primary,Self-employed,151,Savings,1,134944,11,8,9,0,0.98,0,0,1,0,0
CUST1039,45,Female,Married,Secondary,Employed,72,Savings,3,135055,17,6,9,2,0.81,1,1,0,1,0
CUST2925,26,Male,Divorced,University,Self-employed,17,Current,3,148866,18,8,7,0,0.8,1,1,1,0,0
CUST2501,21,Female,Married,Secondary,Self-employed,100,Savings,1,78335,13,9,6,0,0.95,2,1,0,0,0
CUST0113,30,Male,Single,Secondary,Employed,95,Savings,2,45272,16,4,11,0,0.91,1,1,0,0,0
CUST0085,52,Male,Single,Primary,Unemployed,32,Savings,2,153024,12,10,7,0,0.91,0,1,0,0,1
CUST1815,31,Female,Single,Secondary,Self-employed,43,Savings,4,7534,14,9,10,0,0.58,0,1,0,0,1
CUST2837,39,Female,Single,Primary,Employed,140,Current,1,491586,21,7,9,0,0.5,1,1,1,0,0
CUST2237,20,Female,Single,Primary,Employed,52,Fixed Deposit,3,83409,11,7,9,0,0.92,1,0,1,0,0
CUST2509,42,Female,Single,University,Employed,29,Current,4,62423,15,12,8,0,0.58,1,0,1,0,0
CUST1578,40,Male,Married,Primary,Employed,71,Savings,2,47792,13,5,12,0,0.66,0,0,1,0,1
CUST2539,40,Female,Married,University,Self-employed,157,Current,3,330726,14,10,5,0,0.72,1,1,0,0,0
CUST0110,27,Male,Married,Secondary,Self-employed,100,Fixed Deposit,3,327995,17,12,6,0,0.91,1,1,0,0,0
CUST0490,22,Male,Single,Secondary,Unemployed,143,Current,2,48469,17,7,8,0,0.63,0,1,1,0,0
CUST2431,38,Male,Married,Secondary,Self-employed,103,Savings,2,64795,15,9,7,0,0.91,1,0,1,0,0
CUST0749,42,Female,Married,Secondary,Self-employed,151,Fixed Deposit,1,10853,17,6,8,0,0.85,0,1,1,1,0
CUST2704,42,Female,Divorced,None,Employed,141,Savings,2,249166,13,10,7,0,0.63,0,0,0,0,1
CUST2371,42,Male,Married,Primary,Employed,18,Savings,1,156540,23,12,9,0,0.84,1,1,1,0,1
CUST0060,50,Male,Married,Primary,Employed,108,Current,2,368948,12,8,10,0,0.91,2,1,0,0,0
CUST2718,44,Male,Divorced,Secondary,Employed,99,Savings,3,216852,18,8,12,1,0.69,0,1,0,0,0
CUST1635,31,Female,Single,Secondary,Employed,108,Savings,1,24704,16,6,6,0,0.96,2,1,0,0,0
CUST0874,30,Female,Single,Secondary,Employed,5,Savings,3,70956,15,10,7,1,0.97,1,1,0,0,0
CUST2183,18,Female,Married,Primary,Employed,58,Fixed Deposit,2,386588,10,7,6,0,0.74,1,0,1,1,1
CUST1078,29,Male,Single,Primary,Self-employed,58,Fixed Deposit,1,70031,17,12,9,0,0.97,0,1,1,0,0
CUST1577,43,Male,Divorced,University,Self-employed,111,Current,2,282445,16,6,12,0,0.52,1,0,0,0,0
CUST0246,34,Female,Married,Primary,Self-employed,161,Current,4,136166,18,4,8,0,0.65,0,0,0,0,0
CUST2290,43,Male,Single,Primary,Self-employed,88,Savings,3,16932,11,7,12,0,0.75,0,0,0,1,0
CUST2806,45,Male,Single,Primary,Employed,159,Current,2,37548,19,7,13,0,0.72,2,1,0,0,0
CUST1246,44,Female,Married,Secondary,Employed,65,Savings,3,612484,19,7,6,0,0.81,1,0,0,0,0
CUST1117,56,Female,Single,Secondary,Employed,50,Current,2,55417,6,6,6,0,0.9,1,1,0,0,1
CUST0692,43,Female,Married,University,Employed,140,Savings,3,155555,8,9,6,0,0.81,1,1,1,0,0
CUST2439,30,Female,Single,None,Self-employed,134,Savings,2,38243,19,7,16,0,0.93,0,1,1,1,0
CUST2786,28,Male,Married,Secondary,Employed,76,Savings,3,62944,15,11,14,1,0.58,1,0,0,0,0
CUST0857,51,Male,Divorced,Primary,Employed,171,Savings,2,90539,9,13,7,0,0.56,0,1,0,0,0
CUST0090,35,Female,Single,Primary,Employed,136,Current,2,112378,18,8,9,0,0.87,1,1,1,0,0
CUST0145,46,Female,Single,University,Employed,146,Current,1,289511,19,14,7,0,0.66,0,1,0,0,0
CUST1232,32,Female,Divorced,Primary,Employed,164,Current,2,88141,18,7,15,1,0.57,0,1,1,0,0
CUST0849,28,Male,Single,Primary,Employed,177,Savings,1,94358,14,8,4,0,0.89,1,1,0,0,0
CUST0665,43,Female,Single,Secondary,Self-employed,35,Savings,1,305662,16,5,11,0,0.83,1,0,0,0,1
CUST2266,18,Female,Married,University,Self-employed,32,Current,3,24580,17,6,17,1,0.63,1,1,0,0,1
CUST1169,35,Male,Married,Primary,Employed,59,Savings,3,199474,9,5,14,0,0.77,2,1,0,0,1
CUST2264,18,Male,Single,University,Unemployed,163,Current,2,275676,20,10,6,0,0.61,1,1,0,0,0
CUST2999,46,Female,Married,Primary,Employed,154,Fixed Deposit,1,139797,13,6,3,0,0.7,1,1,0,0,0
CUST0250,29,Female,Married,University,Unemployed,145,Savings,3,203113,14,5,18,2,0.68,0,1,0,0,0
CUST1067,31,Female,Single,Secondary,Self-employed,151,Savings,3,33296,17,8,10,0,0.71,1,0,0,0,0
CUST1983,43,Female,Single,Secondary,Self-employed,132,Savings,1,49280,24,5,11,0,0.67,2,1,1,0,0
CUST1736,20,Male,Married,Secondary,Employed,88,Savings,2,87288,18,12,6,0,0.58,1,1,0,0,0
CUST1727,20,Male,Single,Primary,Employed,174,Current,3,73691,13,6,13,0,0.9,1,1,1,1,0
CUST2586,36,Female,Married,Secondary,Self-employed,177,Fixed Deposit,2,77036,13,5,10,0,0.86,1,1,0,0,0
CUST1995,31,Female,Single,University,Employed,121,Current,1,32777,12,8,10,0,0.92,1,1,1,0,0
CUST2750,42,Male,Single,Secondary,Self-employed,152,Savings,1,490290,16,10,6,1,0.7,3,0,1,0,0
CUST0770,39,Male,Single,University,Employed,88,Savings,1,139026,15,7,10,0,0.63,0,0,0,0,1
CUST2911,40,Male,Divorced,University,Employed,173,Savings,1,155096,16,11,15,0,0.95,0,1,0,0,0
CUST1590,21,Male,Married,Secondary,Unemployed,81,Savings,1,20786,11,6,12,0,0.8,0,1,1,0,1
CUST1032,52,Female,Married,Primary,Employed,35,Current,2,12140,14,11,13,0,0.99,2,1,1,0,0
CUST0144,18,Female,Single,University,Employed,159,Savings,2,32104,16,6,8,2,0.9,0,0,0,0,1
CUST2058,42,Male,Single,Primary,Employed,150,Fixed Deposit,1,101182,21,8,7,0,0.67,1,1,0,1,0
CUST0583,24,Female,Married,University,Employed,123,Fixed Deposit,2,91729,19,3,6,0,0.82,1,1,0,0,0
CUST1322,22,Female,Divorced,Secondary,Employed,178,Savings,2,6901,19,11,16,0,0.97,0,1,1,0,0
CUST1475,39,Male,Single,Primary,Self-employed,152,Savings,3,110231,17,9,10,0,0.85,1,1,1,0,0
CUST1079,33,Male,Single,University,Unemployed,138,Savings,2,66785,12,10,11,0,0.59,0,1,1,0,0
CUST1296,28,Female,Single,Primary,Unemployed,179,Savings,3,357294,13,8,13,0,0.8,1,0,1,1,0
CUST2499,23,Female,Married,Primary,Self-employed,160,Current,1,72756,16,9,9,0,0.82,1,0,1,0,0
CUST1594,38,Male,Married,Secondary,Employed,52,Current,2,238934,13,9,9,0,0.99,0,1,0,0,0
CUST2033,43,Male,Divorced,None,Employed,21,Current,3,37386,14,9,13,0,0.64,0,0,0,0,1
CUST2486,37,Female,Married,University,Self-employed,103,Savings,2,37035,22,7,12,0,0.96,0,0,0,0,0
CUST1965,38,Female,Married,Secondary,Self-employed,120,Savings,3,192612,17,6,10,0,0.71,0,1,0,1,0
CUST0276,40,Female,Single,University,Self-employed,106,Savings,3,135221,9,7,9,0,0.94,1,0,0,0,0
CUST2168,36,Female,Divorced,University,Employed,68,Fixed Deposit,3,71662,16,7,10,1,0.99,2,1,0,0,1
CUST2434,31,Male,Married,University,Employed,34,Savings,2,254307,15,7,12,0,0.66,1,1,1,0,0
CUST0681,27,Male,Married,Secondary,Employed,10,Savings,2,330950,17,10,8,0,0.6,0,0,1,0,0
CUST0417,49,Male,Married,Secondary,Self-employed,54,Savings,2,246698,8,10,10,0,0.61,1,0,1,0,0
CUST1858,51,Male,Single,Secondary,Employed,70,Current,2,173993,19,7,9,0,0.61,1,0,1,0,1
CUST0697,44,Female,Single,Secondary,Self-employed,36,Current,2,247990,8,12,12,0,0.87,0,1,1,0,1
CUST0619,20,Male,Single,Primary,Self-employed,78,Current,1,3865,17,7,9,0,0.92,0,1,1,1,0
CUST2030,40,Male,Divorced,Primary,Employed,73,Current,2,163203,12,6,15,0,0.56,2,1,1,0,0
CUST0721,44,Male,Married,Secondary,Employed,136,Fixed Deposit,4,152630,15,4,7,1,0.86,5,0,0,0,1
CUST0802,31,Female,Single,Primary,Employed,61,Current,4,120238,15,7,14,0,0.89,1,1,1,0,0
CUST0802,18,Female,Married,Secondary,Self-employed,51,Savings,4,79076,11,11,12,0,0.84,1,1,0,0,0
CUST0358,46,Male,Married,Primary,Self-employed,29,Current,1,133585,15,4,13,1,0.96,2,1,1,0,0
CUST2073,32,Male,Married,Secondary,Employed,12,Current,2,446447,12,8,14,0,0.91,3,1,1,0,0
CUST0029,37,Male,Married,None,Employed,52,Savings,3,21978,14,5,12,0,0.94,0,0,1,0,0
CUST1199,38,Male,Married,Secondary,Self-employed,10,Savings,1,188762,13,4,15,0,0.82,0,1,0,0,1
CUST2021,27,Female,Married,Primary,Self-employed,145,Savings,1,86779,18,11,13,0,0.53,1,0,0,0,0
CUST0251,45,Male,Single,Secondary,Employed,177,Savings,3,16760,12,12,9,0,0.8,0,0,0,0,0
CUST1517,59,Male,Married,Primary,Employed,105,Savings,1,225813,13,10,10,0,0.94,0,1,0,0,0
CUST0841,50,Male,Single,None,Unemployed,8,Current,2,383396,21,7,9,0,0.67,2,1,0,0,0
CUST1343,40,Female,Married,University,Unemployed,2,Savings,4,60917,13,6,6,0,0.52,1,1,0,0,0
CUST0261,18,Male,Single,University,Self-employed,23,Savings,3,78793,11,5,14,0,0.96,1,1,0,1,1
CUST2888,18,Female,Single,University,Employed,132,Savings,1,18014,12,8,14,0,0.67,0,0,0,1,0
CUST2740,39,Female,Single,None,Employed,30,Savings,1,106059,26,14,9,0,0.85,3,1,1,1,0
CUST1141,36,Female,Single,Secondary,Self-employed,51,Savings,2,67393,21,10,14,0,0.65,0,1,1,0,0
CUST1666,31,Female,Single,Secondary,Employed,162,Fixed Deposit,1,83261,17,10,7,0,0.95,1,1,0,0,1
CUST0435,38,Male,Married,University,Self-employed,97,Savings,1,39803,15,8,8,0,0.6,1,1,0,1,0
CUST1171,39,Male,Married,Secondary,Employed,6,Savings,3,60914,17,12,11,0,0.54,1,0,0,0,0
CUST0113,36,Male,Single,Primary,Unemployed,39,Fixed Deposit,3,344003,9,15,7,0,0.88,1,1,0,0,0
CUST1478,39,Male,Married,Secondary,Employed,105,Savings,2,5436,9,8,5,0,0.78,0,1,1,0,0
CUST2167,55,Male,Single,Secondary,Self-employed,163,Current,1,51461,14,2,11,0,0.97,3,0,0,1,1
CUST0452,26,Female,Married,University,Employed,130,Savings,2,82169,13,11,6,0,0.76,0,0,0,0,0
CUST0878,26,Male,Divorced,None,Employed,116,Current,2,3846,15,10,15,0,0.51,3,1,0,0,0
CUST2945,20,Female,Married,Primary,Employed,31,Savings,1,100129,14,7,10,0,0.75,0,1,0,0,0
CUST1916,33,Male,Single,Secondary,Employed,99,Savings,2,2943,13,7,5,2,0.76,1,0,1,0,1
CUST0228,38,Male,Married,None,Employed,170,Current,1,89419,16,8,9,0,0.83,2,1,0,1,0
CUST0321,39,Female,Single,University,Unemployed,129,Savings,3,10161,20,12,12,0,0.53,1,0,0,0,0
CUST2698,37,Female,Single,Primary,Employed,36,Fixed Deposit,4,156090,15,10,8,0,0.94,0,1,0,0,0
CUST1752,18,Male,Married,Primary,Employed,56,Current,3,6469,16,4,11,0,0.84,3,0,1,1,1
CUST0696,37,Female,Single,Primary,Employed,173,Savings,3,91667,24,11,6,0,0.63,2,1,0,0,0
CUST2654,24,Female,Married,Secondary,Employed,80,Current,1,322260,11,11,11,0,0.52,0,1,0,0,0
CUST1075,18,Female,Married,Secondary,Employed,168,Savings,2,237015,18,9,12,1,1,0,0,0,0,0
CUST0609,43,Female,Single,Primary,Self-employed,106,Fixed Deposit,3,354082,20,3,13,1,0.95,1,1,1,1,0
CUST0438,44,Female,Married,Primary,Self-employed,73,Current,2,4868,15,8,8,0,0.62,0,1,0,1,1
CUST1629,40,Male,Married,Secondary,Self-employed,150,Savings,2,193520,20,8,17,0,0.75,2,0,0,0,0
CUST2501,37,Female,Married,Secondary,Employed,118,Current,1,237833,15,12,9,0,0.87,1,1,0,1,0
CUST2331,28,Female,Single,Primary,Employed,18,Current,3,334212,15,8,11,0,0.8,0,1,0,0,0
CUST2698,46,Female,Married,Primary,Employed,18,Current,2,185921,11,6,18,0,0.88,0,1,0,0,0
CUST0139,64,Male,Married,Secondary,Unemployed,59,Current,2,184382,10,7,12,0,0.67,0,1,0,0,0
CUST0980,41,Male,Married,Primary,Employed,111,Savings,3,10176,11,6,9,0,0.76,0,1,0,1,0
CUST0594,28,Female,Divorced,University,Employed,21,Savings,3,37275,22,10,7,0,0.67,1,1,0,0,0
CUST2283,40,Female,Married,Primary,Employed,132,Savings,1,81830,11,10,11,1,0.58,2,1,0,0,0
CUST2921,30,Female,Single,University,Employed,111,Fixed Deposit,4,113223,15,11,11,0,0.84,1,1,1,0,0
CUST1761,29,Female,Married,University,Self-employed,164,Savings,1,402162,10,9,15,0,0.8,2,0,1,1,1
CUST1849,32,Female,Married,None,Employed,140,Savings,1,395835,13,6,7,0,0.77,2,0,0,0,1
CUST0604,27,Female,Single,Primary,Unemployed,71,Savings,1,528835,9,8,8,1,0.58,0,1,1,0,0
CUST2293,39,Male,Married,Secondary,Employed,123,Current,2,10751,14,18,14,0,0.91,2,1,0,0,1
CUST1832,45,Male,Single,Primary,Employed,145,Current,1,19957,19,10,13,0,0.83,1,1,0,0,1
CUST1008,38,Male,Single,Secondary,Employed,55,Savings,4,33309,14,4,11,0,0.52,1,0,0,0,1
CUST0805,42,Female,Married,Primary,Self-employed,56,Savings,1,207268,19,12,9,0,0.7,1,1,1,0,0
CUST2437,35,Male,Single,None,Employed,32,Current,2,137096,15,5,10,0,0.59,2,1,1,0,1
CUST1451,35,Female,Married,None,Employed,176,Savings,1,8816,13,7,13,0,0.69,0,0,0,0,0
CUST2382,43,Female,Divorced,None,Employed,4,Savings,2,136208,16,8,10,0,0.59,0,0,0,0,1
CUST1810,23,Female,Married,Secondary,Employed,17,Savings,4,22503,12,7,14,0,0.93,1,1,0,0,0
CUST1764,48,Male,Married,Primary,Employed,171,Current,2,219987,13,9,11,0,0.51,2,1,1,0,0
CUST2580,30,Female,Single,Primary,Employed,150,Savings,1,39013,18,5,12,0,0.82,1,0,1,0,0
CUST1826,30,Male,Married,Primary,Self-employed,132,Savings,1,12498,13,16,5,0,0.9,1,1,1,0,0
CUST2215,36,Female,Single,Secondary,Employed,23,Savings,1,18466,14,4,13,0,0.53,2,1,0,0,1
CUST2512,29,Male,Married,University,Employed,95,Savings,1,96143,14,7,12,1,0.76,1,0,0,0,0
CUST0178,29,Male,Single,Primary,Employed,57,Current,2,27536,14,9,8,0,0.74,2,1,0,0,0
CUST2404,28,Male,Married,University,Employed,131,Savings,4,117791,11,7,11,0,0.52,0,1,1,0,0
CUST1821,38,Male,Married,Secondary,Self-employed,23,Fixed Deposit,3,86609,19,8,14,1,0.54,3,1,0,1,1
CUST0655,50,Male,Single,Secondary,Self-employed,94,Savings,1,171397,9,7,10,0,0.52,2,1,1,1,0
CUST2801,29,Female,Single,Primary,Employed,10,Current,1,239027,18,11,8,0,0.85,0,0,0,1,0
CUST1911,18,Female,Single,Secondary,Self-employed,31,Savings,2,78175,16,11,4,0,0.55,1,0,0,0,1
CUST1792,31,Female,Married,Primary,Self-employed,65,Savings,2,67457,15,12,13,0,0.59,1,1,0,0,0
CUST1761,39,Male,Married,Primary,Self-employed,150,Fixed Deposit,1,299528,16,4,12,0,0.51,2,0,0,1,0
CUST0095,30,Female,Married,None,Employed,85,Savings,3,59462,16,5,7,0,0.86,0,1,0,1,0
CUST1951,28,Male,Single,Primary,Employed,156,Savings,1,31780,15,2,5,0,0.98,0,1,1,0,0
CUST1899,49,Male,Married,Primary,Employed,170,Savings,1,2487,18,7,10,0,0.78,0,1,1,0,0
CUST0554,31,Female,Single,None,Employed,36,Savings,3,20409,15,11,9,0,0.78,1,1,0,0,0
CUST0913,39,Female,Single,Secondary,Employed,134,Savings,1,76454,19,7,12,0,0.63,1,1,0,0,0
CUST0699,31,Female,Married,None,Employed,48,Current,2,15659,20,9,11,2,0.95,1,0,0,0,1
CUST0241,50,Female,Divorced,Primary,Self-employed,171,Savings,2,384115,17,11,8,0,0.56,1,1,0,1,0
CUST1181,36,Male,Divorced,Primary,Employed,178,Savings,2,112734,17,7,8,0,0.57,0,1,0,0,0
CUST2498,37,Female,Single,Primary,Employed,48,Savings,4,254294,13,11,12,0,0.56,1,1,0,0,0
CUST2315,21,Male,Divorced,University,Employed,43,Current,1,14985,25,7,13,1,0.71,2,1,0,0,1
CUST2468,28,Female,Single,Secondary,Unemployed,99,Savings,1,126012,15,8,12,0,0.59,1,1,0,0,1
CUST1927,52,Male,Single,Secondary,Employed,79,Savings,4,69895,18,13,5,0,0.82,2,1,0,1,0
CUST0084,45,Female,Married,University,Self-employed,8,Savings,1,67216,15,8,8,0,0.65,2,1,0,0,0
CUST0826,49,Male,Married,Primary,Self-employed,10,Savings,1,10467,7,9,17,0,0.67,0,1,0,1,0
CUST1359,35,Male,Single,Secondary,Self-employed,152,Savings,3,151669,18,5,12,0,0.75,0,1,0,0,1
CUST1656,29,Male,Married,University,Employed,140,Savings,3,141359,16,14,13,0,0.98,1,1,0,0,0
CUST0825,32,Female,Single,Secondary,Employed,129,Savings,1,61963,14,10,9,0,0.63,1,1,0,0,0
CUST1861,47,Female,Married,Secondary,Self-employed,139,Savings,2,183798,11,4,12,0,0.98,0,1,0,1,0
CUST1093,42,Female,Married,None,Self-employed,128,Current,3,104035,12,5,9,0,0.81,1,1,1,0,0
CUST2035,27,Female,Married,Primary,Self-employed,31,Current,2,103006,20,11,9,0,0.98,0,1,0,0,1
CUST2545,40,Male,Married,Secondary,Unemployed,66,Savings,2,579533,15,13,14,2,0.58,2,1,1,0,1
CUST0403,38,Female,Married,Secondary,Self-employed,143,Current,4,147830,17,7,17,0,0.81,0,1,0,0,0
CUST1565,35,Female,Single,Secondary,Employed,154,Savings,1,74769,13,6,8,0,0.82,2,0,0,1,0
CUST2081,34,Male,Married,Secondary,Self-employed,86,Savings,4,37842,16,11,12,0,0.89,0,0,0,0,0
CUST1434,37,Female,Married,Secondary,Employed,80,Savings,1,121904,18,9,11,0,0.87,2,1,1,0,1
CUST0946,46,Male,Married,University,Self-employed,143,Savings,2,643620,9,5,9,0,0.98,0,0,1,0,1
CUST2574,46,Male,Married,Secondary,Self-employed,98,Fixed Deposit,4,92709,23,10,12,1,0.73,2,1,0,1,1
CUST0973,34,Male,Single,Secondary,Self-employed,10,Current,1,48223,14,9,11,0,0.59,0,1,0,0,0
CUST0573,44,Female,Single,University,Unemployed,37,Savings,4,223891,15,10,10,0,0.92,3,0,0,1,0
CUST1567,28,Female,Married,Secondary,Self-employed,80,Savings,1,67477,12,5,8,0,0.62,0,1,0,1,0
CUST2635,19,Male,Single,None,Employed,58,Current,4,237439,16,8,8,1,0.74,1,1,1,0,1
CUST1337,29,Male,Single,None,Employed,16,Current,2,177487,17,10,9,0,0.99,1,0,1,0,0
CUST0859,20,Male,Single,Secondary,Employed,35,Savings,2,311738,17,11,8,0,0.54,0,1,0,1,0
CUST1202,46,Male,Single,Primary,Employed,71,Current,1,17232,14,9,9,0,0.86,0,1,0,0,1
CUST2784,42,Male,Married,Secondary,Self-employed,43,Current,1,19885,18,7,12,0,0.58,0,0,1,1,1
CUST1701,32,Male,Married,University,Unemployed,21,Savings,4,2855,9,7,11,0,0.87,0,1,0,1,0
CUST1085,46,Male,Married,University,Employed,36,Savings,2,114871,16,5,9,0,0.94,0,1,0,0,0
CUST1234,39,Male,Married,None,Self-employed,174,Savings,1,380641,18,8,17,1,0.52,5,1,1,0,0
CUST0905,42,Male,Married,Primary,Employed,114,Savings,3,139857,16,7,14,0,0.85,1,1,0,0,0
CUST1466,44,Female,Married,None,Employed,137,Savings,3,332942,20,9,10,0,0.95,1,1,1,0,0
CUST2612,30,Female,Married,University,Employed,44,Current,3,348384,10,16,7,0,0.94,0,1,0,0,0
CUST1607,43,Male,Single,Primary,Employed,172,Current,1,479466,15,14,10,0,0.67,1,0,0,0,1
CUST0591,37,Male,Married,Secondary,Employed,178,Savings,1,783143,15,12,8,0,0.73,2,1,0,0,0
CUST1830,30,Female,Single,Primary,Self-employed,114,Savings,2,21687,16,9,14,0,0.9,0,1,0,0,0
CUST0472,47,Male,Single,Primary,Employed,93,Savings,2,29784,12,11,17,0,0.56,1,0,0,1,0
CUST2680,57,Male,Married,Secondary,Employed,86,Savings,3,208083,17,7,9,1,0.74,0,1,0,0,1
CUST1516,50,Female,Married,Primary,Employed,104,Savings,3,9869,18,6,9,1,0.95,2,1,0,0,0
CUST1007,25,Male,Single,Primary,Employed,62,Savings,2,209610,14,14,6,0,0.87,0,0,0,0,1
CUST1147,33,Female,Divorced,University,Employed,4,Current,4,314629,14,18,11,0,0.54,5,1,0,0,0
CUST1674,40,Male,Married,Secondary,Employed,70,Current,2,129676,9,8,8,0,1,1,1,0,0,0
CUST0995,57,Female,Single,Primary,Self-employed,119,Current,1,15614,11,16,9,0,0.86,0,1,0,0,1
CUST0634,22,Female,Married,Primary,Employed,164,Savings,1,194275,22,7,12,0,0.64,0,1,0,0,0
CUST1300,40,Female,Married,Secondary,Employed,36,Savings,4,110741,10,4,14,0,0.68,2,1,0,0,0
CUST1014,43,Female,Single,None,Employed,65,Savings,1,87689,8,9,15,0,0.55,2,1,0,0,1
CUST2753,47,Male,Married,Primary,Self-employed,47,Savings,4,107190,16,3,13,0,0.76,2,0,1,1,1
CUST1577,58,Male,Married,Secondary,Self-employed,95,Savings,3,47991,16,7,7,0,0.77,0,1,0,0,0
CUST1901,34,Female,Single,Secondary,Unemployed,148,Savings,1,293885,9,5,7,0,0.77,1,0,1,1,0
CUST1051,27,Male,Single,Primary,Self-employed,135,Fixed Deposit,1,170708,20,11,3,0,0.79,1,0,0,1,0
CUST1402,31,Male,Married,Secondary,Employed,27,Current,2,282323,17,9,9,1,0.95,1,0,1,0,1
CUST2655,32,Female,Divorced,Secondary,Employed,139,Savings,3,47590,13,10,7,0,0.64,0,1,0,1,0
CUST2786,21,Male,Married,Primary,Employed,116,Savings,3,19659,21,10,8,0,0.98,2,1,0,0,1
CUST2803,19,Male,Married,Secondary,Employed,9,Savings,3,134893,12,8,11,0,0.82,0,1,0,0,1
CUST0851,29,Female,Married,Primary,Employed,79,Savings,1,30375,17,11,15,0,0.73,1,0,1,0,0
CUST0438,30,Female,Divorced,Primary,Employed,89,Savings,4,4188,12,7,5,0,0.96,0,1,0,0,0
CUST2967,25,Female,Single,Secondary,Employed,29,Savings,1,116191,17,8,10,0,0.71,0,1,0,1,0
CUST0218,38,Female,Married,Primary,Employed,54,Savings,2,33757,6,10,9,0,0.71,0,1,0,0,1
CUST2822,22,Male,Single,Secondary,Employed,121,Savings,1,37593,10,10,7,0,0.71,1,1,0,0,0
CUST2514,25,Female,Divorced,Secondary,Employed,152,Current,1,16668,17,10,5,0,0.51,0,1,0,1,0
CUST1565,30,Female,Single,University,Employed,134,Current,1,27460,16,4,6,0,0.73,2,0,0,0,0
CUST2535,52,Female,Single,University,Self-employed,84,Current,1,22598,17,6,1,0,0.57,0,1,0,0,0
CUST2995,36,Male,Single,Primary,Self-employed,13,Fixed Deposit,4,84884,10,8,7,1,0.84,3,1,0,1,0
CUST0688,45,Female,Divorced,None,Employed,86,Savings,2,103703,19,7,13,0,0.53,2,1,1,0,0
CUST2140,25,Male,Single,Secondary,Self-employed,124,Current,2,69839,13,6,9,0,0.66,0,1,0,0,0
CUST1018,37,Female,Married,Secondary,Unemployed,134,Fixed Deposit,2,173097,12,5,8,0,0.58,0,1,1,0,0
CUST2494,18,Male,Married,University,Self-employed,74,Current,1,15731,16,8,9,0,0.65,2,1,0,0,0
CUST2287,53,Female,Single,University,Employed,14,Current,1,429428,12,3,16,0,0.95,0,1,0,0,0
CUST0866,41,Male,Married,University,Self-employed,21,Savings,1,59102,14,8,12,0,0.63,0,1,1,1,0
CUST1273,18,Female,Single,Primary,Self-employed,50,Savings,2,869326,10,7,16,0,0.69,2,1,0,1,0
CUST1351,51,Female,Single,Secondary,Employed,49,Savings,1,132529,11,9,10,0,0.92,0,0,0,0,0
CUST1579,50,Male,Married,University,Self-employed,130,Savings,2,78234,14,7,11,0,0.53,2,0,1,0,0
CUST1208,35,Female,Married,Primary,Employed,67,Savings,1,79569,15,10,7,0,0.59,1,1,0,1,0
CUST1977,23,Female,Single,Primary,Employed,41,Savings,2,14342,16,3,10,0,0.58,0,1,0,0,0
CUST0899,37,Female,Married,Secondary,Self-employed,51,Savings,2,100301,14,10,10,0,0.62,1,0,0,0,0
CUST1910,35,Male,Married,Primary,Employed,43,Current,1,178211,17,8,16,0,0.66,2,1,0,0,0
CUST0130,55,Female,Married,Secondary,Employed,96,Savings,1,94543,13,10,5,0,0.71,2,1,0,0,0
CUST2044,36,Male,Married,Secondary,Employed,148,Savings,2,372192,17,11,17,1,0.8,0,0,1,0,0
CUST2610,19,Male,Married,Primary,Employed,59,Fixed Deposit,1,257457,6,5,6,0,0.65,2,1,0,1,1
CUST0857,39,Male,Single,University,Employed,97,Current,2,7850,13,3,9,1,0.9,0,1,0,1,0
CUST2960,43,Female,Divorced,None,Self-employed,139,Current,1,407054,22,10,14,0,0.93,3,1,0,0,0
CUST2295,43,Female,Married,University,Employed,171,Savings,2,57628,17,11,7,1,0.58,0,1,0,0,0
CUST2894,46,Male,Married,None,Self-employed,114,Current,2,237740,10,9,15,0,0.83,1,0,1,1,1
CUST1477,33,Female,Single,Primary,Employed,35,Savings,3,122826,11,11,11,0,0.54,0,1,1,0,0
CUST2842,40,Female,Married,Primary,Employed,130,Savings,4,17115,24,5,14,0,0.61,1,1,1,0,0
CUST2040,42,Female,Married,Primary,Employed,92,Savings,3,167455,15,10,11,0,0.53,1,1,0,0,0
CUST0278,27,Female,Single,Secondary,Employed,111,Savings,3,21393,13,4,10,0,0.88,1,1,1,0,0
CUST0245,29,Female,Married,Secondary,Employed,177,Savings,1,436009,16,12,11,0,0.69,1,1,1,1,0
CUST2810,22,Male,Divorced,Secondary,Employed,171,Savings,1,9151,11,9,9,0,0.54,1,0,0,1,0
CUST1612,32,Female,Married,Secondary,Employed,98,Current,2,81750,20,4,8,0,0.68,2,1,0,0,0
CUST1797,42,Female,Single,None,Self-employed,176,Savings,4,111178,13,8,8,0,0.86,3,1,1,0,0
CUST2839,29,Female,Married,Secondary,Employed,42,Current,2,49453,14,7,10,0,0.87,0,1,0,0,0
CUST1846,24,Female,Married,Secondary,Employed,60,Savings,2,1410,22,5,9,0,0.59,1,1,1,0,1
CUST2775,32,Female,Divorced,Primary,Employed,180,Savings,1,69686,20,6,13,0,0.92,1,0,0,0,0
CUST2458,43,Male,Married,Secondary,Self-employed,154,Current,2,23155,19,4,12,1,0.52,0,1,0,0,0
CUST2028,27,Female,Married,University,Employed,174,Savings,1,101125,19,7,5,0,0.94,1,1,1,0,0
CUST2655,45,Female,Single,University,Employed,6,Current,1,52168,19,5,12,0,0.87,3,1,1,0,0
CUST1005,30,Male,Single,Primary,Employed,154,Savings,3,23215,13,7,9,0,0.96,1,0,0,0,0
CUST0100,45,Male,Single,Primary,Self-employed,9,Current,1,18842,18,5,8,0,0.84,0,0,1,1,0
CUST2076,19,Female,Single,Secondary,Employed,17,Current,2,277063,18,7,11,0,0.68,2,1,1,0,1
CUST0665,21,Male,Married,University,Employed,83,Savings,4,3106,15,4,12,0,0.65,2,1,0,0,0
CUST0852,29,Male,Married,Primary,Employed,116,Savings,1,2231,14,5,12,1,0.91,1,1,0,0,0
CUST2448,26,Female,Single,Secondary,Self-employed,147,Current,1,70555,19,9,10,0,0.56,0,1,0,1,0
CUST0625,45,Female,Single,University,Employed,18,Savings,1,176087,9,8,19,0,0.55,2,1,0,0,1
CUST1805,41,Male,Single,Secondary,Self-employed,37,Current,1,20522,18,13,17,0,0.54,0,1,0,0,0
CUST1590,49,Female,Divorced,Primary,Self-employed,119,Current,1,55293,14,10,15,0,0.82,1,0,0,0,1
CUST0716,20,Male,Married,University,Employed,128,Savings,3,61749,12,8,10,0,0.84,1,0,0,0,0
CUST2520,41,Male,Married,Secondary,Employed,178,Savings,4,495043,12,15,10,0,0.65,0,1,0,0,0
CUST1012,39,Female,Married,None,Employed,126,Savings,3,261004,17,10,10,0,0.6,0,1,1,0,0
CUST0957,39,Female,Single,Secondary,Employed,172,Savings,1,3492,19,8,11,0,0.74,2,1,0,0,0
CUST0269,41,Female,Divorced,None,Employed,134,Savings,2,2770,18,6,8,1,0.53,2,0,0,0,1
CUST0360,20,Male,Married,University,Unemployed,134,Current,2,55212,21,7,15,1,0.62,1,1,0,0,0
CUST1066,41,Male,Single,Primary,Employed,159,Savings,1,104028,19,10,6,0,0.95,1,0,0,0,0
CUST2779,33,Male,Married,None,Employed,47,Savings,3,107058,20,12,8,0,0.99,0,0,0,1,0
CUST1561,37,Female,Married,University,Employed,107,Current,2,140451,13,5,10,0,0.61,1,1,0,0,0
CUST0102,31,Female,Married,Primary,Employed,71,Current,2,80427,13,8,5,0,0.65,0,1,1,0,0
CUST0398,42,Male,Single,University,Self-employed,92,Savings,4,419275,17,9,11,0,0.94,2,1,0,0,0
CUST0319,45,Male,Married,Secondary,Unemployed,173,Savings,3,239151,13,10,10,0,0.72,0,0,0,0,0
CUST1767,33,Male,Single,Primary,Employed,54,Savings,1,28929,17,5,16,0,0.93,1,1,1,0,0
CUST1170,38,Female,Married,Primary,Self-employed,73,Savings,2,347692,16,7,7,0,0.56,0,0,0,0,0
CUST0627,51,Male,Single,Primary,Self-employed,22,Savings,3,286843,13,15,12,1,0.78,0,1,0,0,0
CUST0457,18,Female,Married,University,Employed,104,Savings,3,178606,16,5,11,0,0.67,2,1,0,0,0
CUST0785,36,Female,Married,Secondary,Self-employed,149,Savings,1,24562,18,9,7,1,0.81,1,0,1,0,0
CUST0072,53,Male,Single,Secondary,Unemployed,30,Savings,1,89844,13,16,17,0,0.57,1,1,0,0,1
CUST0728,31,Male,Married,Secondary,Employed,168,Current,2,63925,11,12,10,1,0.85,0,1,0,0,1
CUST1088,27,Male,Single,University,Employed,111,Savings,2,60248,13,9,7,1,0.7,1,1,1,0,0
CUST2221,37,Male,Married,University,Employed,132,Savings,3,3452,19,6,9,0,0.66,0,1,1,0,0
CUST2432,27,Female,Single,University,Employed,43,Savings,2,3672,15,15,8,0,0.76,1,1,0,0,1
CUST2255,19,Female,Married,Secondary,Employed,5,Current,4,75117,10,4,8,1,0.99,0,1,1,0,0
CUST1774,30,Female,Married,Primary,Employed,171,Savings,1,36864,21,12,10,0,0.51,0,1,0,0,1
CUST0974,18,Female,Married,Secondary,Employed,152,Savings,2,18979,15,11,16,0,0.57,1,1,1,0,0
CUST1906,26,Female,Single,University,Employed,159,Fixed Deposit,3,40823,14,8,5,0,0.84,1,0,1,0,0
CUST0161,39,Female,Divorced,Primary,Employed,122,Current,1,87885,17,10,6,0,0.91,0,1,0,0,1
CUST0681,42,Female,Married,University,Employed,128,Current,2,341302,13,12,11,0,0.53,1,0,1,0,0
CUST2836,35,Male,Married,Primary,Employed,19,Savings,1,63067,16,6,15,0,0.84,1,1,0,0,1
CUST2570,34,Male,Single,Primary,Self-employed,152,Savings,2,12126,11,6,5,0,0.87,0,1,0,0,0
CUST1867,34,Male,Married,Secondary,Employed,88,Savings,2,18568,22,6,14,1,0.9,0,1,0,0,1
CUST2537,40,Male,Married,Secondary,Self-employed,72,Savings,4,35311,13,7,6,1,0.5,1,0,0,1,0
CUST2060,20,Female,Single,University,Employed,27,Savings,1,89620,14,12,10,0,0.58,1,1,0,0,1
CUST0248,32,Male,Married,Primary,Self-employed,138,Current,1,7839,20,2,13,0,0.77,2,1,0,0,0
CUST2908,44,Female,Single,University,Employed,162,Savings,1,710573,13,14,7,0,0.91,0,1,0,0,0
CUST1556,29,Male,Single,Primary,Employed,35,Savings,1,267095,17,8,5,0,0.86,1,1,0,0,0
CUST0323,24,Female,Married,Primary,Employed,179,Current,1,157971,22,7,11,0,0.89,0,1,0,0,0
CUST1375,37,Female,Single,Secondary,Employed,61,Savings,1,9877,14,6,6,0,1,0,1,1,1,1
CUST1725,39,Female,Married,Secondary,Employed,176,Savings,1,122068,21,6,12,0,0.76,1,0,0,0,0
CUST0094,38,Female,Single,Primary,Employed,100,Current,1,260075,11,8,7,0,0.64,1,0,0,1,1
CUST0739,41,Female,Married,Secondary,Employed,9,Savings,1,93691,17,8,7,0,0.78,3,1,0,0,0
CUST0535,25,Female,Single,Primary,Self-employed,162,Savings,1,103521,11,7,12,0,0.94,2,0,0,0,0
CUST2826,44,Male,Divorced,Primary,Self-employed,97,Savings,1,119234,12,5,9,0,0.65,0,0,1,1,1
CUST0099,42,Male,Divorced,University,Employed,7,Current,1,211136,11,7,6,0,0.8,2,0,0,0,1
CUST1464,38,Female,Single,Secondary,Self-employed,137,Savings,1,155310,15,7,10,0,0.69,0,0,1,0,0
CUST2773,40,Female,Single,Secondary,Employed,69,Savings,2,121778,13,8,12,0,0.9,1,0,1,0,1
CUST0599,20,Female,Married,University,Employed,114,Fixed Deposit,1,37189,9,6,12,0,0.8,3,0,0,1,0
CUST2792,55,Female,Married,Primary,Employed,142,Savings,2,24326,17,9,13,0,0.83,0,0,0,0,1
CUST1214,29,Female,Single,Primary,Employed,120,Savings,1,69219,15,7,20,1,0.98,3,0,1,1,0
CUST0364,47,Male,Single,Secondary,Employed,157,Fixed Deposit,3,14239,3,8,8,1,0.71,3,1,0,0,0
CUST0958,47,Female,Single,Primary,Self-employed,51,Current,3,509077,17,7,12,0,0.99,1,1,0,1,0
CUST1277,21,Male,Single,Primary,Self-employed,161,Savings,2,48632,18,7,13,0,0.79,1,1,1,0,0
CUST0398,30,Male,Married,Secondary,Employed,29,Savings,1,168490,17,12,12,0,0.78,0,1,0,0,0
CUST1621,35,Female,Married,Secondary,Self-employed,4,Savings,1,36183,18,0,12,0,0.5,0,1,1,0,0
CUST0590,26,Male,Single,Secondary,Employed,84,Current,3,46403,12,13,12,0,0.94,4,1,0,0,0
CUST0914,39,Male,Single,University,Employed,143,Current,2,240326,20,12,12,0,0.79,1,1,0,0,0
CUST0620,34,Female,Married,Secondary,Self-employed,50,Current,1,161355,17,5,12,0,0.57,5,1,1,0,1
CUST2220,29,Male,Single,University,Employed,115,Savings,1,387267,9,14,13,1,0.93,4,0,0,0,1
CUST2543,27,Female,Married,Secondary,Employed,43,Savings,2,52706,13,5,12,0,0.94,2,1,1,0,1
CUST0608,44,Male,Married,University,Self-employed,58,Current,4,308845,15,9,10,1,0.57,3,1,1,0,0
CUST1374,38,Male,Single,Secondary,Employed,103,Savings,3,6067,12,7,18,1,0.65,3,1,1,0,0
CUST0760,23,Female,Married,Secondary,Employed,9,Savings,2,500,16,5,9,2,0.67,0,0,0,0,1
CUST0729,52,Female,Married,Secondary,Employed,57,Savings,1,1479,12,9,12,0,0.73,1,1,0,0,1
CUST1090,46,Male,Single,Primary,Employed,39,Fixed Deposit,2,2756,15,10,13,0,0.84,1,1,1,0,0
CUST0794,35,Female,Single,Primary,Employed,152,Savings,1,8981,12,8,9,0,0.89,1,1,0,1,0
CUST0960,55,Male,Married,Secondary,Employed,10,Savings,4,246617,11,6,17,0,0.52,1,1,1,0,0
CUST0413,24,Male,Single,Primary,Employed,121,Savings,4,190114,16,13,12,0,0.73,0,1,0,0,0
CUST1101,19,Female,Single,Primary,Self-employed,61,Savings,3,111094,17,8,4,0,0.99,3,0,0,0,1
CUST2419,18,Male,Married,University,Employed,36,Savings,2,185632,13,8,17,0,0.82,1,1,0,0,0
CUST1023,29,Female,Married,University,Employed,164,Savings,3,223008,15,12,7,1,0.92,1,1,0,1,0
CUST1994,29,Male,Married,Secondary,Self-employed,4,Current,1,270908,18,10,7,1,1,0,1,0,0,0
CUST1649,44,Male,Divorced,Primary,Unemployed,11,Current,1,55538,17,6,15,0,0.54,2,0,0,1,1
CUST1643,48,Male,Single,University,Unemployed,88,Savings,1,76811,15,12,12,1,0.79,0,0,0,1,0
CUST1526,37,Female,Single,University,Employed,129,Savings,1,16541,13,8,9,0,0.99,2,0,1,0,0
CUST0534,33,Female,Single,Secondary,Unemployed,76,Fixed Deposit,2,650168,15,8,10,0,0.62,2,0,0,0,0
CUST0869,30,Female,Single,Secondary,Unemployed,26,Savings,3,280482,15,7,10,0,0.85,1,1,0,0,1
CUST0264,44,Female,Married,Secondary,Employed,114,Current,1,5300,11,6,7,0,0.98,1,1,0,0,0
CUST1752,28,Female,Single,Secondary,Employed,10,Savings,1,39640,12,8,13,0,0.77,0,0,0,1,1
CUST0970,33,Male,Married,Secondary,Unemployed,163,Current,1,161929,16,10,16,0,0.87,0,0,0,0,0
CUST1710,29,Male,Married,Secondary,Employed,133,Savings,1,61553,14,9,7,0,0.9,1,0,1,0,0
CUST0074,30,Female,Married,University,Self-employed,29,Savings,2,105561,24,12,10,1,0.93,0,1,1,1,0
CUST2177,34,Female,Single,Secondary,Unemployed,23,Savings,2,401536,20,11,3,0,0.52,0,1,0,0,0
CUST2435,37,Female,Single,Secondary,Employed,125,Savings,2,15292,8,10,11,0,0.75,1,1,1,1,1
CUST1892,39,Male,Single,University,Employed,2,Savings,1,13205,15,7,14,0,0.92,1,0,0,0,0
CUST1935,28,Female,Single,University,Employed,174,Savings,2,7147,13,4,6,0,0.65,1,0,0,0,0
CUST1630,21,Female,Single,Secondary,Employed,100,Savings,3,67471,15,9,11,1,0.59,1,0,0,0,0
CUST2120,53,Male,Single,Primary,Employed,49,Savings,2,76676,12,7,6,0,0.56,1,1,1,0,0
CUST0106,41,Female,Married,Secondary,Employed,66,Current,4,405911,6,10,10,0,0.54,0,1,0,0,1
CUST1627,45,Female,Single,University,Unemployed,17,Savings,1,132409,16,8,5,0,0.67,1,1,0,0,0
CUST2490,26,Female,Married,None,Unemployed,138,Current,1,630,17,4,13,0,0.51,2,1,1,1,1
CUST0968,23,Male,Married,Primary,Employed,139,Fixed Deposit,1,101198,12,12,7,0,0.81,2,0,0,1,0
CUST0251,37,Female,Married,Secondary,Employed,65,Fixed Deposit,1,30445,16,6,11,0,0.8,2,0,1,0,1
CUST0753,25,Female,Single,University,Employed,153,Fixed Deposit,1,286568,15,5,9,1,0.81,3,1,0,0,0
CUST0640,42,Female,Married,University,Unemployed,58,Current,2,10612,13,10,10,0,0.97,0,1,0,1,0
CUST0497,41,Female,Married,Primary,Employed,116,Savings,3,91311,21,9,15,0,0.52,1,1,0,0,0
CUST1035,46,Female,Single,Primary,Employed,100,Savings,2,56580,21,5,7,1,0.77,1,0,0,0,1
CUST1153,34,Female,Married,None,Employed,75,Savings,3,256599,18,8,12,0,0.54,2,1,0,1,0
CUST1126,31,Male,Single,University,Unemployed,23,Fixed Deposit,2,5559,19,7,14,0,0.99,0,1,0,0,0
CUST0354,21,Female,Married,Secondary,Employed,93,Savings,3,190672,22,4,11,0,0.99,2,0,0,1,0
CUST0761,36,Female,Married,Secondary,Self-employed,23,Fixed Deposit,1,48839,8,11,6,0,0.59,0,1,0,1,0
CUST0093,57,Female,Married,Primary,Self-employed,10,Fixed Deposit,3,7175,15,9,11,0,0.52,1,0,1,0,1
CUST2218,33,Female,Single,Secondary,Employed,108,Savings,2,32742,12,6,15,0,0.56,0,1,0,1,0
CUST1510,30,Female,Single,Primary,Employed,57,Savings,1,13130,11,8,7,0,0.58,2,1,1,0,0
CUST0037,20,Female,Married,University,Employed,65,Savings,3,197900,13,11,13,0,0.86,2,0,0,1,0
CUST1345,33,Male,Married,Secondary,Self-employed,115,Savings,1,979959,11,3,6,0,0.75,0,1,0,0,0
CUST2973,18,Female,Married,Secondary,Employed,88,Fixed Deposit,1,125922,11,13,11,0,0.65,2,1,0,0,0
CUST0635,42,Male,Married,Primary,Employed,77,Savings,3,48993,11,9,8,0,0.56,2,0,0,1,1
CUST1942,36,Female,Married,Primary,Employed,51,Savings,2,141007,10,7,14,0,0.6,1,1,0,0,0
CUST1002,64,Female,Married,Secondary,Employed,152,Current,1,68331,15,7,3,1,0.62,0,1,1,0,0
CUST0841,38,Female,Single,Primary,Employed,155,Fixed Deposit,2,68069,18,7,13,0,0.75,1,1,1,0,0
CUST2798,43,Male,Divorced,University,Employed,132,Fixed Deposit,1,10550,17,5,16,0,0.82,0,1,1,0,0
CUST1782,61,Female,Single,Primary,Employed,12,Current,1,162413,11,8,9,0,0.61,1,0,0,1,1
CUST0342,27,Male,Single,Primary,Employed,133,Savings,2,518830,22,7,7,0,0.6,0,0,1,0,0
CUST2688,30,Female,Married,University,Unemployed,151,Fixed Deposit,2,3265,14,12,12,0,0.74,1,1,0,0,0
CUST2714,24,Female,Married,Secondary,Self-employed,134,Savings,3,10236,13,11,8,0,0.82,1,0,0,0,1
CUST2222,27,Female,Divorced,None,Employed,59,Current,1,125471,15,7,9,0,0.89,0,0,0,0,0
CUST1348,34,Male,Married,Secondary,Self-employed,176,Savings,1,203687,16,5,12,1,0.99,0,1,0,0,0
CUST2785,26,Female,Married,None,Self-employed,129,Savings,3,319499,16,7,11,0,0.88,3,1,0,0,1
CUST2147,34,Male,Married,Secondary,Employed,139,Current,4,143749,18,6,17,0,0.67,2,1,0,1,1
CUST2524,40,Male,Single,Secondary,Self-employed,125,Current,1,57052,17,8,8,1,0.63,1,1,1,0,1
CUST2040,48,Female,Divorced,Primary,Employed,33,Savings,1,11115,12,5,7,1,0.83,1,1,0,0,1
CUST2488,18,Male,Single,Primary,Employed,81,Savings,3,173530,19,6,9,0,0.67,0,0,1,1,0
CUST2408,23,Male,Single,Secondary,Employed,13,Savings,2,30676,15,14,16,0,0.76,2,1,0,0,0
CUST2339,40,Male,Married,None,Employed,106,Fixed Deposit,1,20295,18,8,8,0,0.69,1,0,0,1,1
CUST2839,60,Male,Single,Primary,Employed,151,Savings,1,162167,13,7,10,1,0.51,0,1,0,0,1
CUST0475,23,Male,Single,Secondary,Employed,41,Savings,2,416809,10,10,7,0,0.6,0,0,0,1,0
CUST2862,25,Female,Single,University,Self-employed,96,Savings,3,74766,19,6,7,0,0.66,0,1,0,0,0
CUST2033,50,Male,Single,Primary,Employed,85,Current,1,60455,15,6,15,0,0.94,0,1,0,1,0
CUST0074,20,Female,Single,Secondary,Self-employed,100,Savings,4,204111,17,9,6,0,0.84,0,0,0,0,0
CUST1014,48,Female,Married,Primary,Unemployed,111,Savings,1,81798,18,7,7,0,0.87,1,1,0,0,1
CUST0580,23,Male,Married,University,Employed,88,Savings,3,210780,13,11,12,1,0.83,0,0,0,0,0
CUST0416,18,Male,Married,University,Unemployed,133,Current,1,78233,7,10,6,0,0.94,3,1,0,0,1
CUST2597,29,Female,Married,Primary,Self-employed,89,Savings,4,3257,21,6,13,0,0.68,1,1,0,1,1
CUST2925,49,Male,Married,Primary,Self-employed,128,Savings,2,51871,14,10,18,0,0.75,1,1,0,1,0
CUST2430,36,Female,Married,Primary,Self-employed,18,Current,1,31259,13,5,15,0,0.62,2,0,0,1,1
CUST1949,34,Male,Married,Secondary,Employed,32,Current,3,14458,18,9,9,0,0.63,1,1,0,0,0
CUST1648,38,Female,Single,Secondary,Self-employed,152,Savings,1,22777,13,6,9,0,0.76,1,0,0,0,0
CUST2924,34,Female,Single,Primary,Employed,172,Current,2,355222,18,8,10,0,0.89,2,0,0,1,0
CUST1937,58,Female,Single,Primary,Employed,143,Savings,1,212288,14,6,11,0,0.64,1,0,1,0,0
CUST1248,42,Male,Single,Secondary,Employed,32,Savings,4,28143,14,9,4,0,0.68,1,0,1,0,0
CUST1846,38,Female,Married,University,Employed,75,Fixed Deposit,2,131289,14,14,13,0,0.55,0,1,1,0,0
CUST2221,24,Male,Married,Primary,Employed,59,Current,4,256395,16,10,11,0,0.66,1,1,0,0,0
CUST2171,31,Female,Single,Secondary,Employed,3,Current,1,74669,14,8,8,0,0.98,2,1,0,0,1
CUST0814,22,Male,Divorced,None,Employed,114,Savings,2,72585,8,9,14,0,0.78,1,1,0,1,0
CUST2732,27,Male,Married,Primary,Unemployed,47,Savings,1,327601,12,8,9,0,0.88,3,1,0,0,0
CUST0466,28,Male,Married,University,Unemployed,84,Fixed Deposit,1,302117,14,8,13,1,0.84,0,1,0,0,0
CUST0078,26,Female,Married,University,Employed,3,Fixed Deposit,1,8817,13,9,9,0,0.87,1,1,0,0,0
CUST1055,27,Female,Married,Primary,Unemployed,21,Current,3,102771,16,7,11,0,0.65,4,1,0,1,1
CUST1558,33,Male,Single,Secondary,Self-employed,61,Current,1,101604,17,1,10,0,0.87,1,1,1,0,1
CUST0879,45,Female,Divorced,Primary,Employed,132,Fixed Deposit,1,66046,15,7,8,0,0.6,1,1,0,0,0
CUST1112,49,Male,Married,Secondary,Unemployed,21,Savings,2,72182,21,12,10,0,0.61,1,1,0,0,0
CUST2613,32,Female,Married,University,Employed,122,Current,3,277586,18,5,15,0,0.98,1,1,1,0,0
CUST2611,50,Male,Married,University,Employed,154,Fixed Deposit,2,136551,12,10,13,0,0.95,1,0,0,0,0
CUST2530,47,Female,Single,University,Employed,11,Savings,2,96462,15,8,10,0,0.74,2,0,1,0,0
CUST0525,50,Female,Single,Primary,Employed,99,Savings,1,102977,15,7,6,0,0.64,1,1,1,1,0
CUST2803,47,Male,Married,University,Employed,65,Savings,1,58184,7,6,6,0,0.94,0,1,1,1,0
CUST2499,37,Male,Divorced,Secondary,Employed,123,Savings,1,9014,21,8,18,0,0.71,0,1,0,0,0
CUST2066,18,Male,Married,Secondary,Self-employed,52,Savings,2,58529,16,6,10,0,0.86,2,0,1,1,0
CUST2377,38,Female,Single,Primary,Self-employed,31,Savings,1,103461,14,9,9,0,0.63,1,1,0,0,0
CUST0058,24,Male,Divorced,Primary,Self-employed,164,Savings,2,168470,15,19,10,0,0.86,2,1,1,0,0
CUST0469,35,Male,Single,Secondary,Employed,32,Current,1,158060,11,6,15,1,0.94,1,1,1,0,1
CUST2554,46,Female,Divorced,Secondary,Self-employed,146,Savings,4,289859,14,8,12,0,0.59,1,1,1,0,0
CUST0522,37,Male,Single,Secondary,Employed,4,Current,1,12140,12,4,9,0,0.77,1,1,1,0,0
CUST0214,38,Male,Single,University,Employed,140,Current,2,183268,14,10,13,0,0.68,2,0,0,0,1
CUST0528,46,Male,Single,University,Self-employed,19,Fixed Deposit,1,6395,17,7,8,0,0.66,0,1,0,0,0
CUST0420,28,Female,Married,Primary,Unemployed,89,Savings,3,52102,14,1,7,1,0.76,0,0,0,0,0
CUST1594,54,Male,Married,Primary,Employed,65,Savings,1,89187,13,6,10,0,0.68,2,0,0,1,1
CUST0676,31,Female,Single,Primary,Employed,117,Savings,2,517,10,11,9,0,0.82,1,1,0,0,1
CUST0629,31,Male,Married,Secondary,Self-employed,105,Current,1,109597,13,14,11,1,0.54,1,0,0,0,0
CUST0800,33,Female,Single,Primary,Employed,5,Fixed Deposit,1,258164,19,5,9,0,0.61,1,1,0,0,0
CUST1390,44,Female,Married,None,Employed,173,Current,1,92744,19,9,10,0,0.61,1,1,0,0,0
CUST0414,45,Male,Single,Primary,Employed,177,Savings,1,125058,13,14,14,0,0.87,0,0,0,0,1
CUST1318,32,Female,Married,Secondary,Employed,71,Savings,2,5026,17,9,14,0,0.54,1,1,1,1,1
CUST1113,39,Female,Divorced,University,Employed,114,Savings,1,70932,21,14,7,0,0.75,2,1,0,0,1
CUST0553,45,Male,Single,Primary,Employed,33,Savings,1,162015,16,6,10,0,1,0,1,1,0,1
CUST0370,33,Male,Single,University,Employed,92,Fixed Deposit,3,38008,16,4,12,0,0.7,1,1,0,1,0
CUST2666,35,Male,Single,University,Employed,154,Savings,1,57076,22,3,14,0,0.68,2,1,1,0,0
CUST0743,31,Female,Married,University,Employed,11,Savings,2,340768,9,8,10,0,0.7,1,1,0,0,1
CUST1935,40,Male,Married,Primary,Employed,106,Current,1,204721,20,10,6,1,0.67,1,1,0,0,0
CUST0092,30,Male,Single,Primary,Employed,73,Savings,3,17850,7,9,15,0,0.85,0,0,1,0,0
CUST2276,50,Female,Single,Secondary,Employed,41,Current,4,307549,16,7,8,0,0.98,1,1,0,0,0
CUST1691,33,Male,Single,Secondary,Self-employed,14,Current,3,31424,13,10,4,1,0.52,0,0,0,0,0
CUST2190,33,Female,Married,University,Employed,91,Current,1,355258,19,7,6,0,0.68,1,0,0,0,0
CUST0136,44,Male,Single,Primary,Self-employed,6,Savings,4,271403,10,8,14,0,0.75,0,0,1,0,0
CUST1704,56,Female,Single,None,Employed,45,Current,2,33122,9,8,9,0,0.8,3,0,0,0,0
CUST2587,39,Female,Married,University,Employed,147,Fixed Deposit,1,171168,14,5,7,0,0.77,0,1,0,0,0
CUST2800,56,Female,Single,Secondary,Employed,175,Savings,2,311972,11,9,10,0,0.58,0,1,1,0,0
CUST1459,31,Female,Divorced,University,Self-employed,174,Fixed Deposit,1,23479,16,12,10,1,0.74,0,0,1,0,0
CUST0907,40,Male,Married,Secondary,Self-employed,94,Current,3,596927,16,12,16,0,0.96,1,1,0,0,0
CUST2797,35,Male,Married,Primary,Self-employed,22,Savings,1,123896,16,7,9,0,0.66,0,0,0,0,0
CUST1325,57,Male,Married,Secondary,Employed,11,Savings,1,47442,15,12,5,0,0.71,1,1,1,0,0
CUST0567,32,Female,Married,University,Self-employed,25,Savings,1,75047,16,12,11,0,0.79,0,1,0,0,1
CUST1817,62,Female,Single,Secondary,Self-employed,115,Savings,2,434122,13,9,9,0,0.71,4,1,0,0,0
CUST2562,39,Male,Single,Primary,Employed,15,Current,4,232580,15,7,16,0,0.76,1,1,0,0,1
CUST1008,35,Female,Single,Secondary,Employed,77,Savings,1,265542,19,10,10,0,0.67,1,1,0,0,1
CUST0003,30,Male,Married,Primary,Employed,145,Savings,4,499850,16,7,12,0,0.62,1,1,0,0,0
CUST2584,28,Male,Single,Secondary,Unemployed,32,Savings,1,45181,16,6,8,0,0.56,0,0,0,0,0
CUST2557,35,Female,Single,University,Self-employed,66,Current,2,121110,18,9,16,0,0.92,5,1,0,0,0
CUST0752,30,Female,Married,University,Employed,42,Savings,3,293711,26,6,13,0,0.67,3,1,0,0,0
CUST0644,40,Male,Married,University,Employed,72,Current,2,6115,29,6,13,0,0.51,1,1,0,0,1
CUST2149,46,Female,Married,University,Unemployed,15,Fixed Deposit,2,31341,11,8,15,0,0.92,0,0,0,0,0
CUST1551,35,Female,Single,Primary,Employed,108,Fixed Deposit,4,192001,20,9,10,0,0.57,2,1,0,1,0
CUST1247,37,Female,Single,University,Employed,61,Savings,4,380626,13,7,10,0,0.51,2,1,0,0,1
CUST0381,39,Male,Single,University,Self-employed,78,Savings,2,30326,16,13,10,0,0.5,1,1,0,0,0
CUST0932,22,Male,Married,Secondary,Employed,123,Fixed Deposit,3,17738,15,10,8,1,0.99,0,1,0,0,0
CUST1985,38,Female,Single,Primary,Employed,14,Savings,1,43210,21,7,14,0,0.9,0,0,0,0,1
CUST2325,37,Male,Married,Secondary,Employed,136,Savings,2,163340,14,6,5,0,0.61,1,1,0,0,0
CUST1057,45,Female,Married,University,Employed,101,Savings,1,161587,15,9,9,1,0.83,2,0,0,1,0
CUST1893,40,Female,Married,University,Self-employed,76,Current,3,105056,14,14,9,0,0.85,1,1,1,1,0
CUST0401,29,Female,Single,University,Self-employed,37,Current,4,12188,11,8,10,0,0.98,3,1,0,0,0
CUST2857,45,Male,Married,University,Self-employed,70,Current,4,827833,13,6,8,0,0.78,0,1,0,0,0
CUST1524,31,Male,Single,None,Employed,153,Current,1,13933,19,9,8,0,0.9,0,1,1,0,1
CUST2012,31,Male,Single,University,Employed,8,Savings,2,9738,14,7,9,1,0.9,2,1,0,1,1
CUST0065,23,Female,Single,Primary,Employed,111,Current,3,210351,20,11,8,1,0.61,1,0,0,0,0
CUST1109,49,Male,Married,University,Unemployed,22,Savings,4,13413,15,4,14,0,0.85,0,0,1,0,1
CUST2633,41,Male,Divorced,Secondary,Employed,58,Savings,3,38228,13,6,16,0,0.64,3,0,0,0,0
CUST2131,45,Male,Married,Secondary,Unemployed,3,Current,1,518473,23,11,5,0,0.57,2,1,0,0,0
CUST1428,36,Female,Single,Primary,Self-employed,59,Current,1,38979,12,8,11,1,0.57,3,0,0,0,1
CUST1247,30,Male,Married,Secondary,Employed,151,Savings,2,49469,15,9,11,0,0.57,1,0,1,1,0
CUST0619,68,Female,Single,University,Self-employed,63,Savings,4,239901,12,3,9,0,0.78,2,0,0,1,0
CUST2346,25,Male,Married,Secondary,Self-employed,162,Savings,1,31382,16,10,9,0,0.56,1,1,0,0,0
CUST1470,23,Female,Married,Secondary,Employed,119,Savings,3,4256,17,10,8,0,0.92,0,1,0,0,0
CUST0492,48,Male,Single,Secondary,Employed,148,Savings,1,48891,16,13,12,0,0.81,1,1,0,1,0
CUST1715,33,Female,Single,Primary,Unemployed,174,Current,4,114845,13,6,8,0,0.54,1,0,1,0,1
CUST2170,43,Male,Married,Secondary,Employed,78,Current,1,113646,14,5,10,2,0.8,1,1,1,1,0
CUST1997,21,Male,Divorced,Secondary,Self-employed,8,Savings,1,95717,13,9,8,0,0.73,1,1,0,0,1
CUST2093,39,Male,Divorced,None,Employed,96,Savings,2,130499,13,7,13,0,1,0,1,0,0,0
CUST2829,18,Female,Single,Secondary,Employed,155,Fixed Deposit,1,62846,18,10,12,0,0.67,1,1,0,0,0
CUST0596,31,Male,Single,University,Employed,3,Fixed Deposit,1,95646,18,6,13,0,0.57,0,1,0,1,0
CUST1379,27,Female,Single,Secondary,Employed,134,Fixed Deposit,2,53457,13,6,12,0,0.62,1,1,0,0,0
CUST0067,38,Female,Single,Primary,Self-employed,13,Savings,1,47923,14,6,10,0,0.59,0,1,0,0,1
CUST0891,34,Male,Single,University,Self-employed,128,Current,2,74631,14,6,5,0,0.67,1,0,0,1,0
CUST2491,34,Male,Married,University,Employed,60,Savings,2,82940,16,3,13,0,0.64,1,1,0,1,0
CUST0444,30,Female,Married,Primary,Self-employed,104,Savings,1,135518,15,11,11,1,0.89,0,1,0,0,0
CUST2962,37,Female,Single,Secondary,Employed,174,Current,2,520358,17,11,5,1,0.59,1,1,0,0,0
CUST1423,45,Male,Single,Primary,Employed,124,Current,4,108741,13,8,5,1,0.58,0,1,0,0,0
CUST0506,43,Male,Single,University,Unemployed,84,Current,2,230980,20,2,4,0,0.58,0,0,0,0,0
CUST1878,35,Female,Divorced,University,Employed,86,Savings,3,699715,14,14,9,0,0.57,0,0,0,0,0
CUST0560,47,Female,Married,Secondary,Employed,107,Savings,2,133982,11,3,7,0,0.86,0,0,0,0,0
CUST0549,30,Male,Married,Primary,Self-employed,59,Current,1,62150,13,6,10,0,0.61,1,1,0,1,1
CUST0991,44,Female,Married,Secondary,Employed,169,Savings,2,52746,13,14,7,1,0.69,2,1,0,1,1
CUST0818,41,Male,Single,Primary,Employed,48,Savings,1,138721,18,4,10,0,0.81,1,0,0,0,0
CUST0335,31,Female,Divorced,Secondary,Self-employed,56,Current,2,361737,16,7,8,0,0.62,0,1,0,0,0
CUST1768,35,Female,Married,Primary,Employed,35,Savings,2,5522,10,5,11,0,0.72,3,1,0,0,0
CUST2510,41,Male,Married,Primary,Employed,29,Savings,1,19128,18,8,11,0,0.64,0,1,1,0,0
CUST0877,46,Female,Single,None,Employed,162,Savings,2,2586,8,6,13,0,0.82,0,1,0,1,1
CUST2512,32,Female,Single,Secondary,Employed,125,Savings,2,49686,19,4,16,1,0.61,2,0,0,0,0
CUST0075,37,Male,Single,Secondary,Self-employed,123,Savings,2,75050,13,12,11,1,0.82,1,1,0,0,0
CUST0552,40,Male,Married,University,Employed,156,Savings,1,77329,13,6,11,1,0.63,0,0,0,0,1
CUST1788,39,Female,Single,Secondary,Self-employed,150,Savings,3,73902,11,12,12,0,0.79,1,1,1,1,1
CUST2388,43,Female,Married,University,Employed,129,Savings,1,271683,20,7,14,0,0.56,2,1,0,1,0
CUST0276,31,Female,Married,Secondary,Self-employed,140,Savings,4,32577,9,7,11,1,0.9,1,1,0,0,0
CUST2242,30,Male,Married,Secondary,Employed,87,Savings,1,25386,7,10,12,0,0.65,1,1,0,0,0
CUST2793,45,Female,Married,Primary,Employed,89,Current,3,42727,17,8,9,0,0.89,1,1,0,0,0
CUST1098,36,Male,Married,Secondary,Employed,104,Savings,1,90816,15,7,10,0,0.59,1,0,0,0,1
CUST2595,21,Female,Single,Primary,Unemployed,18,Savings,2,91633,14,6,8,1,0.63,2,1,0,0,0
CUST2140,34,Female,Single,None,Self-employed,143,Savings,1,42742,13,8,16,0,0.53,0,1,1,0,1
CUST2441,54,Male,Single,None,Employed,171,Current,2,255686,20,7,13,0,0.5,2,1,1,0,0
CUST2368,19,Male,Single,University,Employed,167,Savings,3,106471,16,13,14,0,0.83,1,1,1,0,0
CUST2300,18,Male,Married,Secondary,Employed,128,Current,2,421735,20,10,10,0,0.68,0,1,0,0,0
CUST2218,31,Male,Divorced,Primary,Employed,177,Current,2,147581,16,7,8,0,0.81,2,0,1,0,0
CUST0573,34,Female,Single,Primary,Self-employed,141,Savings,1,290634,24,10,6,1,0.95,0,0,0,0,1
CUST1724,43,Male,Married,Primary,Self-employed,14,Savings,1,134369,12,9,13,0,0.89,0,1,1,0,0
CUST0024,18,Male,Single,Primary,Self-employed,79,Savings,3,237427,9,9,14,0,0.67,1,1,0,1,0
CUST1595,22,Female,Single,University,Employed,51,Fixed Deposit,1,106750,13,8,14,0,0.96,3,1,1,0,0
CUST1539,35,Female,Single,Secondary,Employed,77,Savings,2,237858,14,6,7,0,0.86,0,1,0,0,0
CUST0932,41,Male,Single,Primary,Self-employed,63,Current,3,20296,11,12,7,0,0.98,3,0,0,0,1
CUST0296,44,Male,Married,None,Employed,135,Savings,2,90457,19,10,10,0,0.6,1,1,0,0,0
CUST1747,19,Female,Divorced,Secondary,Unemployed,66,Savings,1,16568,13,9,12,0,0.95,0,1,0,1,1
CUST0047,34,Female,Single,Secondary,Unemployed,32,Current,4,106908,23,3,15,0,0.98,4,1,1,0,0
CUST0518,39,Female,Married,Secondary,Employed,164,Current,3,233737,20,7,10,0,0.89,1,0,0,0,1
CUST2738,26,Female,Married,Primary,Unemployed,166,Current,1,80962,20,10,13,0,0.7,1,0,0,0,0
CUST0234,23,Male,Married,Primary,Employed,9,Savings,3,173851,18,2,9,0,0.94,2,1,0,1,1
CUST1571,45,Male,Single,Primary,Employed,92,Savings,2,384899,13,3,10,0,0.62,2,0,1,0,0
CUST2207,28,Female,Single,None,Employed,28,Savings,1,230217,13,5,12,0,0.74,4,1,0,1,1
CUST1885,51,Male,Single,Primary,Self-employed,158,Savings,2,10196,23,11,8,0,0.63,4,1,0,0,0
CUST1446,49,Female,Married,None,Self-employed,55,Current,3,146482,11,9,8,0,0.69,3,1,0,1,0
CUST2927,34,Male,Married,University,Employed,127,Current,1,11341,12,7,8,0,0.85,0,1,0,0,0
CUST1448,25,Male,Married,University,Employed,85,Savings,2,335885,8,10,14,0,0.86,0,1,0,1,0
CUST1991,18,Male,Single,Secondary,Unemployed,88,Savings,1,221097,17,7,6,0,0.85,0,1,0,0,0
CUST2952,43,Male,Divorced,Primary,Employed,119,Current,1,49756,17,7,7,1,0.86,4,0,0,0,0
CUST0884,33,Female,Single,Secondary,Self-employed,126,Current,3,87249,15,11,6,0,0.57,1,0,0,0,0
CUST0099,55,Female,Married,None,Employed,147,Savings,1,5649,22,5,9,0,0.84,1,1,0,1,0
CUST0848,55,Female,Married,Primary,Employed,22,Savings,1,430393,16,5,8,0,0.91,1,1,0,0,1
CUST0122,25,Male,Married,None,Unemployed,118,Savings,2,178711,14,6,10,0,0.95,0,1,0,0,0
CUST0559,36,Male,Single,Secondary,Employed,112,Current,1,191223,12,7,15,0,0.95,1,1,0,0,0
CUST1745,34,Male,Married,Primary,Employed,140,Savings,1,103685,7,10,10,0,0.54,2,0,0,0,0
CUST1181,59,Female,Married,Secondary,Self-employed,3,Savings,1,99639,17,12,9,0,1,0,1,0,1,1
CUST2624,53,Female,Married,University,Employed,156,Savings,1,146874,13,14,10,0,0.73,0,0,1,0,0
CUST0937,33,Male,Single,Secondary,Employed,45,Savings,1,46503,14,6,11,0,0.86,1,1,0,0,1
CUST2791,27,Male,Single,Primary,Employed,146,Current,3,232755,20,12,9,0,0.74,1,1,0,1,0
CUST2216,46,Female,Married,Secondary,Self-employed,32,Savings,1,241224,16,12,17,1,0.9,1,1,0,0,0
CUST2428,23,Male,Married,Primary,Employed,56,Current,2,140788,16,9,6,1,0.57,1,1,0,0,0
CUST2326,43,Male,Married,Secondary,Employed,123,Fixed Deposit,1,292236,12,9,14,0,0.8,3,0,0,0,1
CUST0650,51,Male,Single,University,Employed,91,Savings,1,364201,17,8,8,0,0.67,0,0,1,0,0
CUST2396,39,Female,Single,Secondary,Employed,108,Fixed Deposit,3,10851,14,6,11,0,0.56,0,0,1,1,1
CUST2606,31,Male,Divorced,None,Employed,87,Savings,1,130516,24,4,8,0,0.87,2,1,1,0,1
CUST1063,36,Male,Married,Secondary,Employed,170,Fixed Deposit,2,295898,9,11,16,0,0.92,3,0,1,0,1
CUST0406,36,Male,Married,Secondary,Employed,84,Current,3,160099,19,13,11,0,0.92,0,1,0,1,0
CUST1619,37,Male,Single,Primary,Employed,20,Current,1,95149,12,9,10,0,0.82,1,1,0,0,0
CUST0046,38,Male,Married,None,Employed,87,Fixed Deposit,3,85571,14,5,12,0,0.74,1,1,0,0,1
CUST1536,44,Male,Married,University,Employed,122,Fixed Deposit,1,89651,13,6,8,0,0.61,2,0,0,0,1
CUST1767,35,Male,Single,None,Employed,105,Fixed Deposit,1,38494,12,9,8,0,0.87,1,1,1,0,0
CUST2077,40,Male,Married,Secondary,Employed,45,Current,4,303387,19,2,13,2,0.97,1,1,0,0,1
CUST2203,26,Male,Single,Secondary,Employed,91,Fixed Deposit,2,406185,13,4,5,1,0.87,1,1,0,0,1
CUST2454,51,Female,Divorced,Primary,Employed,36,Current,3,108628,12,8,9,0,0.87,0,0,0,0,0
CUST2782,37,Male,Single,Secondary,Employed,61,Current,4,443282,16,11,6,0,0.95,0,0,1,0,0
CUST1281,53,Male,Married,University,Self-employed,160,Current,2,143399,15,10,11,0,0.98,1,0,0,0,0
CUST0686,40,Male,Married,Secondary,Employed,81,Current,3,59666,11,4,6,1,0.72,2,1,0,0,0
CUST1289,41,Male,Divorced,Secondary,Self-employed,83,Savings,2,6023,12,7,8,1,0.67,1,0,1,0,1
CUST1782,48,Male,Divorced,Secondary,Self-employed,162,Current,2,12532,18,7,13,0,0.71,2,0,0,1,0
CUST2044,35,Male,Married,Primary,Self-employed,55,Savings,2,221628,12,2,9,0,0.8,1,0,1,0,0
CUST1244,28,Male,Single,Primary,Self-employed,154,Current,1,56387,15,6,11,0,0.65,1,0,1,0,0
CUST1859,39,Male,Married,Primary,Employed,162,Current,4,119708,22,5,11,0,0.73,2,0,0,0,1
CUST2470,41,Female,Single,Secondary,Self-employed,17,Current,4,236529,18,10,13,1,0.54,3,1,0,1,0
CUST2710,39,Female,Married,Primary,Unemployed,173,Current,2,44525,16,11,14,0,0.89,1,1,0,0,1
CUST2361,36,Male,Married,Secondary,Employed,97,Savings,2,5141,17,6,13,0,0.88,0,1,1,1,0
CUST1976,29,Female,Divorced,Primary,Employed,123,Savings,2,72772,13,4,7,0,0.71,1,1,1,0,0
CUST0947,28,Male,Single,Primary,Self-employed,145,Fixed Deposit,1,4862,18,7,7,0,0.79,1,1,0,0,0
CUST1225,21,Male,Married,Primary,Employed,10,Fixed Deposit,1,208303,19,7,11,0,0.84,2,1,1,0,0
CUST0970,26,Female,Married,University,Employed,152,Fixed Deposit,1,407338,24,11,6,0,0.83,0,0,0,0,1
CUST2438,31,Male,Single,Secondary,Unemployed,135,Savings,4,145375,17,4,6,1,0.98,3,1,1,1,0
CUST1548,43,Male,Married,Secondary,Self-employed,20,Savings,1,40411,21,8,7,0,0.74,0,1,1,1,1
CUST1362,43,Female,Married,None,Unemployed,17,Savings,2,24377,16,10,12,0,0.73,0,1,0,0,1
CUST2563,46,Female,Married,Secondary,Employed,144,Savings,4,430280,15,6,16,1,0.79,0,1,0,0,0
CUST1849,33,Female,Married,Primary,Employed,124,Savings,3,56061,13,10,7,0,0.73,0,1,0,0,1
CUST2244,33,Female,Single,University,Employed,134,Savings,3,122349,14,4,9,0,0.61,1,1,0,0,0
CUST1691,19,Female,Married,Secondary,Self-employed,103,Current,2,98334,7,11,11,0,0.55,1,1,1,1,0
CUST0355,47,Female,Married,Secondary,Employed,15,Savings,2,332599,11,6,10,0,0.86,2,0,0,0,1
CUST1712,45,Female,Single,Primary,Unemployed,100,Savings,1,128346,12,11,8,0,0.85,1,1,0,0,0
CUST0590,24,Female,Married,University,Employed,63,Current,3,248126,21,9,11,0,0.81,0,0,1,0,0
CUST0749,35,Female,Single,University,Employed,52,Fixed Deposit,1,47489,16,7,11,0,0.66,2,0,1,1,0
CUST2105,24,Female,Single,University,Employed,44,Savings,3,119379,20,12,5,0,0.88,2,1,0,0,0
CUST1056,48,Male,Single,Primary,Employed,113,Fixed Deposit,3,190455,17,9,13,0,0.79,1,0,0,0,0
CUST2782,34,Female,Married,Secondary,Employed,78,Current,1,31858,19,8,8,0,0.6,0,0,0,0,0
CUST2950,24,Female,Married,University,Employed,5,Savings,2,30768,10,5,12,0,0.74,1,1,1,0,0
CUST1359,42,Male,Single,Primary,Employed,30,Current,1,572666,11,12,7,1,0.86,2,1,0,1,1
CUST1508,34,Male,Married,University,Employed,131,Savings,2,22513,17,10,19,0,0.62,3,1,0,0,1
CUST2997,37,Female,Single,Secondary,Self-employed,69,Savings,1,441954,14,10,12,1,0.55,1,1,0,0,1
CUST0514,22,Female,Married,Primary,Unemployed,123,Current,3,55891,22,11,13,0,0.62,2,1,0,0,0
CUST0836,38,Female,Single,Primary,Employed,129,Fixed Deposit,1,131370,18,7,5,0,0.93,2,1,0,1,0
CUST0496,34,Male,Married,None,Employed,136,Current,4,161470,18,4,7,0,0.93,2,1,0,0,0
CUST1323,36,Male,Single,University,Self-employed,119,Current,1,215138,19,9,10,0,0.56,3,1,0,0,0
CUST0732,27,Female,Married,Secondary,Employed,98,Savings,3,31147,19,12,4,0,0.86,1,0,0,0,0
CUST0824,34,Male,Single,Secondary,Employed,1,Savings,2,105668,11,5,10,0,0.67,1,1,1,0,0
CUST0714,31,Female,Single,University,Self-employed,123,Current,2,416948,16,9,8,0,0.62,1,1,1,0,0
CUST1103,34,Female,Married,Primary,Employed,111,Savings,2,4601,21,7,10,0,0.67,0,1,0,0,0
CUST2915,39,Male,Married,Primary,Employed,130,Savings,1,50143,25,12,11,0,0.72,0,1,0,1,1
CUST2618,53,Female,Married,Secondary,Employed,68,Savings,4,19194,10,9,10,0,0.69,3,1,1,1,0
CUST0499,44,Female,Married,Secondary,Employed,175,Current,3,36132,15,13,7,0,0.64,2,1,1,1,0
CUST2817,34,Female,Single,Secondary,Employed,11,Savings,4,278959,20,11,11,1,0.8,1,1,0,0,0
CUST0013,22,Male,Single,Primary,Employed,105,Fixed Deposit,4,90916,21,4,8,0,0.75,1,1,1,0,0
CUST2123,18,Female,Married,Secondary,Self-employed,117,Savings,1,423458,9,10,8,0,0.68,0,1,0,0,1
CUST0163,39,Female,Single,Primary,Employed,75,Savings,2,37435,14,5,9,0,0.7,3,0,0,0,0
CUST2719,45,Male,Married,Secondary,Self-employed,177,Savings,1,45345,19,5,12,0,0.79,1,0,0,0,0
CUST0614,63,Male,Single,Secondary,Employed,51,Savings,3,102624,16,8,9,0,0.73,1,1,0,0,0
CUST0831,43,Male,Single,Primary,Self-employed,172,Savings,2,46846,16,10,5,0,0.87,0,1,0,0,0
CUST2302,38,Male,Single,University,Employed,11,Savings,1,13360,18,5,12,1,0.88,0,0,0,0,0
CUST1032,35,Male,Married,Secondary,Employed,90,Savings,1,250702,13,7,9,0,0.91,1,1,1,0,0
CUST1933,34,Male,Single,Primary,Self-employed,54,Savings,2,102197,19,7,6,0,0.9,0,1,0,0,1
CUST0051,36,Female,Single,Primary,Unemployed,23,Savings,3,105401,15,13,8,0,0.97,2,1,0,0,0
CUST1088,31,Male,Married,Secondary,Employed,156,Savings,2,64089,15,6,6,0,0.66,1,1,0,1,0
CUST1208,39,Male,Single,Primary,Employed,177,Savings,2,174805,14,7,7,1,0.65,1,1,0,0,0
CUST2636,19,Male,Single,University,Employed,169,Savings,2,74657,17,8,10,0,0.96,0,1,0,0,0
CUST2057,28,Female,Married,Primary,Unemployed,41,Savings,2,186132,16,4,11,1,0.86,1,0,0,0,0
CUST1517,32,Female,Married,University,Self-employed,158,Fixed Deposit,3,39594,20,5,13,0,0.7,1,1,0,0,0
CUST0280,36,Male,Single,Secondary,Self-employed,160,Savings,2,127768,19,2,14,0,0.61,4,1,0,0,0
CUST1313,44,Female,Single,Secondary,Employed,131,Savings,1,5914,14,4,8,0,0.98,1,0,0,0,0
CUST1120,26,Male,Married,Secondary,Employed,21,Savings,3,23011,11,4,11,1,0.65,0,1,0,0,0
CUST1129,41,Male,Married,University,Employed,73,Savings,1,144315,9,9,14,0,0.69,2,1,1,0,0
CUST1880,39,Male,Married,Secondary,Self-employed,33,Current,1,134485,20,10,8,1,0.68,2,1,1,0,1
CUST0714,47,Female,Divorced,Primary,Self-employed,134,Current,1,27045,10,6,10,1,0.6,3,1,1,0,1
CUST0789,35,Female,Married,Secondary,Unemployed,113,Current,1,64955,16,9,12,0,0.69,0,1,1,0,0
CUST0250,47,Male,Divorced,Primary,Employed,135,Current,1,29403,16,7,4,0,0.96,0,1,0,1,0
CUST0869,33,Male,Married,Secondary,Unemployed,96,Savings,2,163350,9,7,10,1,0.68,2,1,0,0,0
CUST1317,42,Male,Married,Secondary,Employed,169,Savings,2,56100,25,11,10,0,0.94,0,1,0,0,0
CUST2807,44,Male,Married,University,Self-employed,112,Current,1,156338,21,9,19,0,0.59,2,1,1,0,0
CUST1606,26,Female,Single,Secondary,Employed,27,Current,2,157577,21,7,6,0,0.83,3,0,0,0,0
CUST1722,18,Female,Single,Secondary,Employed,32,Savings,3,1112,16,5,14,0,0.99,1,1,0,0,0
CUST2115,32,Female,Single,Primary,Unemployed,71,Current,1,510333,15,8,9,0,0.97,1,1,0,1,1
CUST0275,38,Female,Married,University,Unemployed,165,Savings,1,183286,11,6,12,1,0.75,2,1,0,0,1
CUST0116,33,Female,Married,Primary,Employed,122,Current,2,10546,16,6,4,0,0.81,1,1,0,0,1
CUST1690,31,Female,Married,Primary,Employed,165,Current,2,39653,11,7,12,0,0.97,1,0,1,0,0
CUST1574,18,Male,Single,Primary,Employed,49,Savings,1,29355,8,6,15,0,0.55,1,0,0,1,1
CUST1081,18,Female,Married,Primary,Employed,60,Savings,4,140078,10,9,7,0,0.73,0,1,1,0,0
CUST2783,21,Female,Single,Secondary,Employed,25,Savings,1,166664,16,13,11,0,0.88,0,1,0,0,0
CUST1702,24,Female,Single,Secondary,Employed,121,Savings,2,23523,14,9,11,0,0.61,1,1,1,0,0
CUST2131,22,Male,Single,Secondary,Self-employed,162,Current,2,97971,13,6,7,0,0.78,1,1,0,0,0
CUST0012,34,Female,Divorced,Primary,Employed,126,Savings,2,52673,14,5,9,1,0.57,1,1,0,0,1
CUST1851,37,Female,Single,University,Employed,162,Current,1,79300,29,9,14,0,0.77,2,0,0,0,0
CUST0280,33,Male,Single,None,Employed,78,Savings,1,104945,13,6,8,0,0.61,0,1,0,0,0
CUST1230,47,Female,Married,Secondary,Employed,14,Savings,1,94749,17,6,12,0,0.78,0,1,0,0,1
CUST1874,51,Male,Married,Primary,Employed,122,Savings,1,221898,14,7,14,0,0.69,1,0,1,0,0
CUST1905,37,Female,Married,Primary,Self-employed,149,Fixed Deposit,3,68352,17,11,9,1,0.63,2,1,0,0,0
CUST1448,39,Male,Married,University,Employed,72,Savings,3,434271,13,7,14,0,0.56,3,0,0,0,0
CUST1608,61,Female,Married,University,Employed,101,Current,2,160127,20,14,9,0,0.53,1,1,0,0,0
CUST0188,32,Female,Single,Secondary,Employed,83,Savings,3,115644,18,4,12,1,0.9,1,1,0,0,0
CUST1377,22,Female,Married,Secondary,Employed,102,Current,2,110714,12,6,11,0,0.88,3,0,1,1,0
CUST1533,33,Male,Married,Primary,Employed,179,Fixed Deposit,3,391202,14,8,10,0,0.99,2,0,0,0,0
CUST2793,46,Female,Married,Secondary,Employed,14,Savings,2,219088,17,5,5,1,0.97,3,1,0,0,0
CUST0440,32,Female,Single,None,Employed,54,Savings,3,45764,17,8,9,0,0.72,1,1,0,0,1
CUST0485,59,Male,Single,University,Employed,102,Savings,1,426217,12,12,7,1,0.75,2,1,1,0,0
CUST2869,19,Male,Divorced,Primary,Employed,149,Current,4,240661,20,10,13,0,0.55,0,1,0,1,0
CUST2983,34,Male,Single,Secondary,Employed,100,Current,3,92746,15,11,13,0,0.75,0,1,0,0,1
CUST1058,24,Female,Single,Primary,Self-employed,19,Current,2,113830,16,8,7,0,0.67,1,1,0,0,0
CUST2437,31,Male,Married,Primary,Employed,107,Savings,1,66741,17,5,11,0,0.99,0,0,0,0,1
CUST2377,27,Female,Single,Secondary,Employed,16,Savings,3,29264,13,6,8,0,0.92,2,0,1,0,0
CUST0716,43,Male,Married,Primary,Self-employed,55,Fixed Deposit,4,95550,19,15,10,0,0.63,0,1,1,0,1
CUST2416,33,Male,Married,Secondary,Employed,112,Current,1,37204,13,11,10,0,0.67,1,0,0,0,1
CUST0408,19,Male,Married,Secondary,Employed,140,Savings,2,40306,14,6,7,0,0.65,1,0,0,0,0
CUST1086,51,Female,Married,University,Self-employed,68,Current,2,447270,16,8,18,1,0.8,1,0,1,1,0
CUST1870,32,Female,Married,Secondary,Employed,158,Savings,1,1602,15,10,8,1,0.88,1,1,0,0,0
CUST2658,34,Male,Married,University,Self-employed,155,Current,2,21334,15,5,13,0,0.85,0,1,1,1,0
CUST1064,28,Female,Married,Secondary,Employed,170,Current,3,75775,18,9,8,0,0.58,0,1,0,1,0
CUST1879,18,Female,Single,None,Employed,1,Current,2,56064,17,9,7,0,0.74,0,1,0,0,0
CUST0521,31,Male,Married,Primary,Self-employed,147,Savings,1,44442,17,14,18,0,0.6,0,0,0,0,0
CUST1737,34,Male,Married,Primary,Employed,108,Current,3,215514,17,11,17,0,0.58,0,1,0,0,0
CUST2719,30,Female,Married,University,Employed,94,Current,3,394425,17,8,13,1,0.99,0,1,0,0,0
CUST1349,30,Female,Single,Primary,Employed,34,Current,4,221279,14,9,13,0,0.9,1,0,1,0,1
CUST1311,20,Male,Single,Secondary,Self-employed,103,Savings,2,130092,21,9,18,1,1,0,1,1,0,0
CUST1115,48,Female,Single,Secondary,Self-employed,111,Current,1,540687,18,9,6,0,0.95,0,0,0,1,1
CUST0357,36,Male,Married,Secondary,Employed,123,Fixed Deposit,3,114013,24,6,23,0,0.67,2,1,0,0,1
CUST1968,39,Male,Single,University,Employed,47,Current,2,94642,15,2,11,0,0.71,1,1,0,0,1
CUST2683,51,Male,Single,Primary,Employed,52,Savings,1,52697,16,10,14,0,0.62,1,1,0,0,0
CUST2053,20,Male,Single,University,Self-employed,86,Fixed Deposit,4,30651,5,6,9,0,0.54,0,1,0,0,0
CUST2193,18,Female,Single,None,Unemployed,162,Savings,2,102145,15,6,13,0,0.63,1,1,0,1,0
CUST0909,42,Female,Divorced,Primary,Self-employed,45,Savings,2,216059,17,9,9,0,0.53,2,1,0,0,0
CUST0728,51,Female,Divorced,Primary,Employed,14,Savings,3,272471,16,9,8,0,0.51,1,1,0,1,0
CUST1610,36,Male,Married,Secondary,Employed,58,Savings,2,125914,13,5,11,0,0.96,0,0,0,0,1
CUST1184,46,Female,Single,Secondary,Employed,81,Savings,2,134163,8,5,16,0,0.65,1,0,1,0,1
CUST2032,42,Female,Married,Primary,Unemployed,35,Current,3,193698,20,2,11,0,0.96,0,0,0,0,0
CUST2518,35,Male,Single,Primary,Employed,106,Savings,3,62338,13,12,8,1,0.71,0,0,1,0,0
CUST2715,38,Female,Single,Secondary,Employed,176,Savings,1,358395,11,7,10,0,0.92,2,1,1,0,0
CUST1253,21,Male,Divorced,Secondary,Employed,154,Savings,1,19038,17,5,11,0,0.91,0,0,1,1,0
CUST2160,26,Female,Single,None,Employed,62,Savings,1,167188,12,3,11,0,0.75,0,1,1,0,0
CUST2277,34,Male,Single,University,Employed,108,Fixed Deposit,2,254517,17,5,8,0,0.91,4,0,1,0,0
CUST0907,39,Male,Married,Secondary,Unemployed,170,Current,1,172822,10,4,5,0,0.64,1,1,0,0,1
CUST1028,34,Female,Married,Primary,Unemployed,35,Savings,1,18432,9,9,19,0,0.97,2,0,0,0,0
CUST2073,24,Female,Single,Primary,Employed,2,Fixed Deposit,2,161597,11,5,10,0,0.87,0,1,1,1,1
CUST0361,32,Male,Married,Secondary,Unemployed,178,Savings,1,27017,16,5,6,0,0.98,1,1,0,0,1
CUST2361,43,Male,Married,Secondary,Unemployed,167,Savings,1,185790,18,5,8,0,0.83,0,1,1,0,0
CUST0404,37,Male,Single,University,Employed,173,Savings,1,109939,14,9,21,0,0.62,1,1,1,0,0
CUST2920,27,Female,Married,Secondary,Employed,78,Savings,1,16898,10,11,12,0,0.51,1,0,0,0,0
CUST1819,22,Male,Single,Primary,Employed,15,Savings,1,210285,25,10,10,0,0.61,1,1,0,0,0
CUST0289,31,Male,Married,Primary,Employed,135,Current,1,240241,14,4,13,0,0.96,0,0,0,0,0
CUST2486,49,Female,Married,University,Employed,35,Current,2,93066,19,5,7,1,0.76,4,0,0,0,1
CUST2874,29,Male,Married,University,Employed,78,Savings,4,448121,13,7,11,0,0.97,3,0,0,1,1
CUST2331,38,Female,Divorced,Secondary,Self-employed,114,Savings,1,11949,6,6,13,0,0.9,1,1,0,0,0
CUST2260,39,Female,Married,Secondary,Self-employed,29,Savings,3,22216,14,7,7,0,0.9,1,0,1,0,1
CUST1934,35,Female,Single,None,Self-employed,76,Savings,1,32919,17,8,14,1,0.85,1,0,0,0,0
CUST1909,59,Female,Single,University,Self-employed,124,Savings,3,426491,15,10,4,0,0.6,1,0,1,0,0
CUST0689,36,Male,Married,None,Employed,43,Savings,2,230604,16,5,10,0,0.67,0,0,1,0,0
CUST1131,31,Male,Married,Secondary,Employed,28,Savings,2,30161,14,9,14,0,0.52,3,1,0,0,1
CUST0285,43,Female,Single,Primary,Unemployed,29,Current,1,26551,9,8,15,0,0.74,3,0,1,1,0
CUST1618,37,Female,Married,None,Self-employed,105,Current,1,47467,11,9,8,0,0.9,1,1,1,0,1
CUST1158,36,Male,Single,Primary,Employed,100,Savings,1,71414,7,8,9,1,0.56,0,0,0,0,1
CUST2318,20,Male,Single,Secondary,Employed,125,Savings,1,176500,13,5,10,0,0.72,1,1,0,1,0
CUST0675,32,Male,Single,Secondary,Self-employed,82,Savings,3,134951,21,7,10,0,0.61,2,1,0,0,0
CUST2504,30,Female,Divorced,Secondary,Employed,46,Savings,2,1839,16,7,11,0,0.53,0,0,1,0,0
CUST0687,45,Female,Married,Secondary,Employed,104,Savings,3,151819,15,8,12,0,0.84,1,0,1,0,1
CUST2915,34,Male,Married,University,Employed,105,Savings,4,58197,20,6,6,0,0.88,3,0,0,1,0
CUST1799,50,Male,Married,Secondary,Employed,55,Savings,1,170056,14,9,10,0,0.78,0,1,0,0,1
CUST0051,47,Male,Married,University,Employed,105,Savings,2,106322,21,4,11,0,0.81,0,0,1,0,0
CUST2465,37,Male,Single,University,Employed,90,Savings,1,188295,11,6,6,1,0.5,2,0,1,1,1
CUST2094,42,Male,Single,University,Employed,139,Savings,4,162028,14,8,13,0,0.7,2,1,1,0,1
CUST2074,43,Female,Single,University,Employed,89,Savings,2,82674,12,10,7,0,0.88,2,1,1,1,0
CUST1656,41,Female,Divorced,University,Employed,107,Savings,2,275382,14,10,8,0,0.94,2,0,1,0,0
CUST2738,42,Female,Single,Secondary,Self-employed,47,Current,2,84287,7,9,8,1,0.81,1,1,0,0,0
CUST0500,26,Male,Married,None,Employed,57,Fixed Deposit,1,339207,9,8,7,0,0.71,1,0,0,0,0
CUST0608,33,Female,Single,None,Self-employed,147,Savings,2,42933,11,6,13,0,0.9,1,1,0,0,0
CUST2630,35,Female,Married,University,Employed,116,Savings,1,100578,19,12,8,0,0.54,1,0,0,0,0
CUST0006,38,Female,Married,Secondary,Employed,123,Savings,2,111601,15,6,15,0,0.52,2,0,0,0,0
CUST2869,38,Female,Single,University,Self-employed,58,Savings,3,210464,10,7,16,0,0.89,0,0,0,0,0
CUST2886,35,Male,Married,Primary,Employed,34,Savings,1,41680,16,3,15,0,0.78,0,1,0,0,0
CUST1503,32,Female,Married,Secondary,Employed,30,Savings,2,620541,15,8,11,0,0.71,1,1,0,0,0
CUST1280,24,Female,Single,University,Employed,168,Savings,1,3193,11,7,11,0,0.88,1,0,1,1,0
CUST2838,26,Female,Single,Secondary,Self-employed,87,Savings,1,61881,17,7,10,0,0.75,2,1,0,0,0
CUST0357,28,Male,Single,Primary,Employed,165,Current,2,89919,14,8,9,0,0.97,0,0,0,0,0
CUST2910,43,Male,Married,University,Employed,153,Savings,2,163266,11,8,11,0,0.8,2,1,0,0,1
CUST0610,38,Female,Married,Secondary,Self-employed,26,Fixed Deposit,1,91315,22,10,10,0,0.77,0,1,1,0,0
CUST1931,53,Female,Single,Secondary,Employed,119,Savings,2,81785,10,9,6,1,0.56,1,1,0,0,0
CUST2536,56,Male,Married,Secondary,Employed,63,Current,1,69527,18,10,12,0,0.63,2,0,0,0,0
CUST2961,24,Male,Single,University,Employed,17,Savings,3,134903,23,9,16,1,0.87,2,1,1,0,1
CUST1807,32,Male,Married,University,Employed,138,Savings,1,178974,11,7,13,0,0.85,1,1,0,1,0
CUST2604,39,Female,Married,Secondary,Employed,107,Savings,2,384523,20,3,8,0,0.95,1,1,0,1,0
CUST2248,55,Female,Married,Secondary,Employed,29,Current,2,104559,17,10,6,0,0.83,0,1,0,0,0
CUST0400,18,Male,Single,Primary,Self-employed,77,Savings,1,489140,16,10,7,0,0.51,2,1,0,0,0
CUST1678,47,Female,Married,Primary,Employed,165,Savings,4,495060,9,3,13,0,0.99,1,1,0,0,0
CUST0822,35,Male,Single,Primary,Employed,167,Savings,1,353833,10,9,14,0,0.89,1,1,1,0,0
CUST2074,32,Male,Single,None,Employed,28,Savings,1,395311,17,7,9,1,0.88,2,1,1,0,1
CUST2469,43,Male,Married,None,Employed,127,Current,1,359706,14,4,13,0,0.77,1,1,1,0,0
CUST1525,56,Male,Single,University,Self-employed,160,Current,3,54282,12,9,8,0,0.96,0,1,1,1,1
CUST0879,35,Male,Married,Secondary,Employed,179,Savings,1,249329,10,9,10,0,0.89,2,1,1,1,0
CUST2919,25,Male,Single,University,Employed,147,Savings,4,140984,19,7,14,0,0.63,2,1,1,0,0
CUST1122,30,Female,Married,Primary,Unemployed,44,Savings,4,416531,5,5,11,0,0.57,1,0,1,0,0
CUST0960,45,Female,Single,Secondary,Employed,15,Savings,4,138236,14,7,17,0,0.58,3,0,0,1,1
CUST0063,40,Male,Married,Secondary,Self-employed,71,Current,2,12878,8,8,17,0,0.71,2,1,1,0,0
CUST1665,33,Female,Married,Secondary,Employed,153,Current,2,679300,13,10,8,1,0.5,2,1,1,1,0
CUST0920,34,Female,Married,None,Unemployed,145,Current,1,64865,13,10,14,0,0.72,0,0,1,0,0
CUST2576,32,Male,Married,University,Employed,103,Savings,1,255161,25,7,11,1,0.96,2,0,0,0,0
CUST2473,46,Male,Married,Secondary,Employed,110,Savings,4,50054,13,5,8,0,0.54,0,1,0,1,0
CUST1825,42,Male,Single,None,Employed,160,Savings,3,149495,16,5,10,0,0.73,0,1,0,0,1
CUST2398,34,Male,Divorced,Primary,Self-employed,12,Savings,1,59350,11,10,11,0,0.75,2,1,1,0,0
CUST2873,26,Female,Married,Secondary,Unemployed,81,Savings,2,302617,17,8,10,0,0.91,0,1,0,0,1
CUST2767,48,Female,Married,Secondary,Employed,18,Current,1,101940,14,2,9,0,0.89,1,0,1,1,0
CUST0293,36,Male,Married,Primary,Employed,3,Current,1,243930,12,9,5,0,0.96,0,1,1,0,0
CUST1895,34,Female,Married,Secondary,Self-employed,2,Current,2,458886,20,8,7,0,0.55,0,0,0,0,1
CUST1680,37,Male,Married,None,Employed,50,Savings,3,375169,7,11,10,0,0.64,1,0,0,0,1
CUST0240,38,Male,Married,Primary,Self-employed,150,Savings,2,198720,16,9,9,1,0.52,0,1,0,0,0
CUST2045,43,Male,Married,None,Self-employed,172,Savings,3,535069,15,7,8,1,0.86,1,1,0,0,0
CUST2558,51,Male,Single,University,Employed,62,Savings,1,61806,10,11,10,0,0.78,0,1,0,0,1
CUST1719,18,Male,Married,Primary,Unemployed,86,Savings,2,35560,11,6,12,0,0.7,1,0,0,0,0
CUST0007,37,Male,Divorced,None,Self-employed,6,Current,1,158015,12,6,9,0,0.75,0,1,0,0,0
CUST1347,32,Female,Married,Secondary,Employed,90,Savings,2,66118,21,8,7,0,1,0,1,0,1,0
CUST0391,46,Male,Single,Primary,Employed,4,Savings,1,33512,11,8,14,0,0.82,2,1,0,0,0
CUST1754,36,Female,Single,Primary,Unemployed,112,Savings,2,100315,21,8,13,0,0.82,3,1,0,0,1
CUST0582,38,Female,Married,Primary,Employed,129,Current,4,183569,19,8,11,0,0.53,0,0,1,0,1
CUST0218,35,Female,Single,Primary,Employed,95,Savings,1,69688,9,14,10,0,0.87,2,0,1,0,0
CUST0098,32,Female,Married,None,Employed,14,Savings,2,209013,9,9,10,0,0.82,1,0,0,0,0
CUST1789,66,Female,Single,Primary,Self-employed,98,Current,3,6855,16,8,11,0,0.9,4,0,0,0,0
CUST0551,21,Male,Married,Secondary,Employed,175,Fixed Deposit,1,51572,14,9,9,0,0.99,1,1,0,0,0
CUST1379,24,Female,Single,Secondary,Self-employed,162,Savings,2,57086,14,9,10,0,0.92,0,1,0,0,0
CUST0791,39,Male,Single,Secondary,Employed,71,Current,1,189727,13,7,13,0,0.69,0,1,0,0,0
CUST0983,31,Female,Married,Primary,Self-employed,112,Savings,1,232921,11,5,8,0,0.85,0,0,0,0,0
CUST2886,37,Male,Divorced,University,Unemployed,42,Savings,3,93351,15,5,13,2,0.84,0,1,0,1,0
CUST1125,23,Male,Single,University,Self-employed,59,Fixed Deposit,1,81846,14,8,9,0,0.74,2,1,0,0,0
CUST2885,39,Female,Married,Secondary,Unemployed,18,Current,3,31032,20,10,13,0,0.97,1,1,0,0,0
CUST2913,34,Female,Married,None,Employed,19,Savings,4,49768,17,6,13,0,0.95,3,0,1,0,1
CUST2579,18,Female,Divorced,None,Unemployed,174,Savings,3,193321,11,9,10,0,0.93,2,1,1,0,0
CUST2742,33,Female,Married,Primary,Unemployed,140,Savings,4,7124,16,10,11,0,0.85,0,0,0,0,1
CUST2971,18,Male,Married,Secondary,Employed,167,Savings,1,76044,15,3,11,0,0.58,2,1,0,0,0
CUST0533,33,Male,Married,University,Employed,105,Savings,3,93675,14,7,7,1,0.57,2,0,0,0,1
CUST1096,34,Female,Married,University,Employed,73,Current,2,104399,13,9,10,0,0.85,0,0,0,0,1
CUST2257,19,Male,Single,University,Employed,42,Current,4,173632,10,10,13,0,0.67,1,1,1,0,1
CUST1266,46,Female,Married,Secondary,Unemployed,114,Savings,1,21185,19,6,12,0,0.87,2,1,0,0,0
CUST0385,37,Male,Married,Primary,Employed,72,Current,2,21389,11,8,8,0,0.76,1,1,0,0,0
CUST2687,33,Male,Single,Secondary,Self-employed,124,Savings,3,9374,13,5,4,0,0.99,0,0,1,0,1
CUST1673,44,Female,Single,Secondary,Employed,140,Savings,2,453965,13,6,9,0,0.54,0,1,0,0,0
CUST0445,34,Male,Single,University,Employed,28,Savings,1,527681,15,7,9,0,0.91,2,1,1,0,1
CUST2329,25,Female,Divorced,Primary,Self-employed,153,Savings,2,202263,16,14,5,1,0.84,0,0,1,0,0
CUST0773,46,Female,Single,Primary,Employed,123,Savings,1,128621,12,5,11,1,0.87,1,1,1,1,0
CUST1257,40,Female,Married,Primary,Employed,47,Fixed Deposit,4,2887,18,9,8,0,0.9,2,1,0,0,1
CUST0667,25,Female,Divorced,Secondary,Employed,34,Current,1,104252,20,4,9,0,0.94,0,1,1,0,0
CUST2712,41,Male,Married,Primary,Self-employed,53,Savings,1,379294,14,9,10,0,0.57,2,1,0,1,0
CUST1902,40,Female,Married,Secondary,Employed,91,Savings,3,15004,10,13,8,0,0.95,1,0,0,0,0
CUST1737,35,Male,Married,University,Employed,3,Savings,2,34100,16,3,13,0,0.87,1,1,0,1,1
CUST0892,43,Male,Married,None,Employed,1,Savings,2,7352,10,12,10,0,0.98,1,1,0,1,0
CUST2638,59,Female,Married,Secondary,Employed,86,Current,1,26773,20,8,17,0,0.7,0,0,1,0,1
CUST0668,45,Female,Married,Primary,Unemployed,84,Fixed Deposit,1,109652,14,11,9,0,0.58,1,0,0,0,0
CUST2270,58,Male,Married,Secondary,Unemployed,83,Savings,3,244996,12,8,10,0,0.64,1,0,0,0,0
CUST2604,51,Female,Married,University,Self-employed,161,Current,1,9599,14,7,10,1,0.91,3,1,0,0,0
CUST1839,30,Female,Married,Secondary,Employed,115,Fixed Deposit,1,140203,19,6,8,0,0.8,2,1,0,0,0
CUST0432,36,Male,Married,University,Employed,81,Savings,1,197818,7,7,10,0,0.99,2,1,0,0,0
CUST0553,27,Female,Married,Secondary,Employed,120,Savings,3,46227,14,7,10,0,0.82,0,0,1,0,0
CUST1034,37,Female,Married,Primary,Self-employed,113,Savings,3,112441,18,15,14,0,0.71,1,1,0,0,0
CUST0822,33,Female,Single,Primary,Unemployed,112,Current,1,120752,13,8,14,0,0.89,2,0,0,1,1
CUST0843,39,Male,Married,Primary,Employed,102,Savings,1,312827,21,8,10,0,0.6,2,0,0,0,0
CUST1101,32,Male,Married,Secondary,Employed,174,Current,1,35327,18,9,11,0,0.78,2,1,0,0,0
CUST0897,31,Male,Single,Secondary,Employed,75,Savings,2,191816,15,4,8,0,0.64,2,1,0,0,0
CUST2942,31,Male,Single,University,Employed,67,Savings,4,82549,12,8,17,1,0.72,3,1,0,0,0
CUST0712,41,Female,Married,None,Employed,164,Savings,2,39520,12,8,6,0,0.51,1,0,1,1,0
CUST0999,25,Male,Single,None,Self-employed,177,Current,2,286671,15,13,9,0,0.57,1,0,1,0,0
CUST0725,26,Male,Single,Secondary,Employed,21,Current,1,475367,8,7,12,0,0.78,1,1,0,0,0
CUST0602,23,Male,Single,Secondary,Employed,8,Savings,2,148465,10,11,7,0,0.63,2,1,1,0,1
CUST0636,18,Female,Married,Secondary,Self-employed,116,Current,1,55844,17,8,12,0,0.89,1,1,0,1,1
CUST0617,43,Male,Single,Secondary,Self-employed,98,Savings,1,70294,16,10,10,0,0.83,0,1,1,0,1
CUST0221,46,Female,Single,University,Employed,25,Savings,1,29474,16,2,13,0,0.6,1,1,1,1,1
CUST0191,36,Female,Single,Secondary,Employed,52,Savings,1,99614,17,12,8,0,0.51,0,1,1,0,1
CUST2324,34,Female,Married,University,Employed,125,Current,2,220090,14,6,10,1,0.71,1,1,1,0,1
CUST1552,42,Male,Married,Primary,Employed,114,Current,1,104104,23,10,11,0,0.7,1,1,1,0,0
CUST2086,29,Male,Single,Primary,Self-employed,41,Current,4,168837,17,14,8,0,0.97,2,0,1,0,0
CUST0831,43,Female,Divorced,University,Employed,84,Current,2,7456,12,8,11,0,0.9,3,1,0,0,0
CUST1044,40,Female,Married,University,Employed,72,Current,1,60833,15,10,13,0,0.98,2,1,0,0,0
CUST1419,18,Male,Married,Secondary,Employed,96,Savings,1,270419,17,6,15,1,0.66,0,1,0,0,0
CUST1973,39,Male,Married,University,Employed,66,Fixed Deposit,1,34273,21,10,10,0,0.7,0,1,1,1,0
CUST0551,29,Female,Married,Primary,Employed,148,Savings,1,306492,8,8,13,1,0.73,1,0,0,0,1
CUST0431,26,Male,Married,University,Employed,143,Current,1,168673,15,7,14,1,0.92,3,1,0,1,0
CUST0582,43,Female,Married,University,Employed,149,Savings,3,93069,9,3,7,1,0.76,1,0,0,0,0
CUST1056,40,Female,Married,Secondary,Unemployed,55,Savings,1,235209,19,7,10,0,0.63,1,0,0,0,0
CUST0451,47,Female,Married,Secondary,Unemployed,87,Savings,3,17212,15,7,4,0,0.58,0,0,1,1,1
CUST0002,52,Female,Single,Primary,Self-employed,44,Savings,1,83725,24,4,9,2,0.98,2,0,0,0,1
CUST0870,40,Male,Divorced,Secondary,Self-employed,92,Savings,1,151160,14,15,7,1,0.67,0,1,0,0,0
CUST2843,24,Female,Married,Secondary,Employed,89,Current,2,18321,8,8,12,0,0.86,2,0,0,0,0
CUST1235,42,Female,Single,Secondary,Self-employed,55,Savings,2,410911,14,6,13,0,0.59,2,0,0,0,0
CUST2788,35,Female,Single,Primary,Employed,105,Current,3,15836,18,3,12,0,0.85,0,1,0,0,0
CUST1834,26,Female,Single,Primary,Employed,175,Savings,2,125012,14,10,12,0,0.55,2,1,1,0,0
CUST1396,34,Male,Single,Secondary,Employed,87,Savings,1,37848,13,10,10,0,0.98,2,1,0,1,0
CUST2351,29,Male,Divorced,Secondary,Self-employed,110,Fixed Deposit,1,69292,23,11,6,0,0.83,1,1,0,0,0
CUST2591,26,Male,Married,Primary,Self-employed,147,Savings,1,218654,13,13,10,0,0.71,0,0,1,0,0
CUST0250,24,Male,Single,Secondary,Unemployed,145,Savings,1,223740,20,10,4,2,0.82,0,1,0,0,0
CUST1415,34,Female,Single,Secondary,Self-employed,135,Savings,1,437899,13,7,7,0,0.65,2,1,0,0,0
CUST2217,20,Male,Single,Secondary,Employed,70,Savings,2,161635,24,12,6,1,0.78,1,1,0,0,0
CUST1400,18,Male,Single,Secondary,Employed,143,Current,1,159354,22,6,9,1,0.82,1,0,1,0,0
CUST0342,45,Male,Single,Primary,Employed,56,Savings,3,110662,17,10,12,0,0.85,0,0,1,0,0
CUST1719,34,Female,Single,Secondary,Employed,53,Current,3,81404,11,5,9,0,0.8,2,1,1,1,0
CUST0587,37,Male,Single,Primary,Employed,21,Current,2,84062,19,9,3,0,0.62,0,1,1,1,0
CUST1465,53,Female,Single,Primary,Self-employed,90,Savings,1,4362,18,7,9,1,0.85,1,1,0,0,1
CUST1008,24,Female,Married,Secondary,Employed,67,Savings,4,159277,11,14,8,0,0.98,1,1,0,0,0
CUST1250,55,Female,Married,Primary,Employed,166,Savings,1,95060,12,4,10,0,0.96,2,1,0,0,1
CUST1892,40,Female,Single,Primary,Employed,79,Current,3,27664,14,10,11,1,0.89,0,1,1,0,1
CUST0766,35,Female,Married,Secondary,Employed,118,Current,1,136164,19,10,12,0,0.55,1,1,1,1,0
CUST1259,48,Female,Married,University,Employed,97,Current,4,71981,16,11,6,0,0.82,0,0,1,0,1
CUST0808,33,Male,Single,Primary,Employed,40,Current,3,55565,24,10,10,0,0.93,1,1,0,0,0
CUST0440,25,Female,Single,Primary,Employed,118,Savings,3,73878,18,10,14,0,0.8,1,0,0,0,1
CUST0386,26,Male,Divorced,Primary,Self-employed,11,Current,3,94226,9,7,13,0,0.74,1,0,0,1,0
CUST0387,31,Male,Divorced,Primary,Employed,45,Current,2,54642,7,15,12,0,0.51,1,1,1,1,1
CUST1602,19,Female,Married,Primary,Self-employed,129,Fixed Deposit,1,172529,18,7,11,0,0.64,2,0,0,0,1
CUST1595,28,Male,Married,Secondary,Employed,26,Current,1,73874,20,10,12,0,0.55,2,1,1,0,1
CUST0001,39,Male,Single,University,Unemployed,175,Savings,2,337885,23,7,9,0,0.6,2,0,0,0,0
CUST0762,24,Male,Married,University,Employed,2,Current,2,108881,13,7,11,1,0.79,0,0,0,0,0
CUST0345,41,Male,Single,Primary,Unemployed,108,Savings,1,98453,9,7,13,0,0.69,0,1,1,1,0
CUST1169,34,Female,Married,Primary,Employed,62,Current,3,209761,11,7,9,1,0.85,1,1,0,0,0
CUST2066,30,Female,Married,Secondary,Employed,7,Current,4,111479,15,6,18,0,0.93,2,1,1,1,1
CUST2567,23,Female,Married,Secondary,Self-employed,83,Savings,4,17314,16,16,9,0,0.79,1,1,0,0,1
CUST1077,32,Male,Single,None,Employed,24,Savings,3,120774,15,11,12,0,0.89,1,1,1,0,1
CUST2501,32,Female,Single,None,Employed,118,Fixed Deposit,1,94414,16,10,10,1,0.53,3,1,0,0,0
CUST0469,46,Male,Married,University,Self-employed,9,Current,4,20126,12,9,8,1,0.68,1,0,0,0,0
CUST0090,32,Male,Single,Secondary,Employed,87,Savings,1,69544,12,7,10,0,0.52,1,1,0,0,0
CUST0525,43,Female,Married,Secondary,Employed,128,Current,2,47382,18,9,6,0,0.94,2,1,0,0,0
CUST1679,56,Male,Single,None,Unemployed,47,Savings,2,292115,15,9,15,1,0.8,2,1,1,0,0
CUST1138,25,Male,Married,University,Self-employed,150,Current,3,230608,15,7,5,0,0.97,2,0,1,0,0
CUST2571,32,Female,Married,Primary,Self-employed,140,Savings,1,281930,18,15,12,0,0.5,4,0,0,0,0
CUST1371,43,Male,Married,Secondary,Employed,175,Current,2,8114,9,6,16,0,0.63,2,0,0,0,0
CUST1601,48,Male,Married,University,Employed,154,Savings,1,136327,14,7,9,0,0.81,3,0,0,0,1
CUST0148,37,Male,Single,University,Unemployed,36,Current,2,160996,15,8,15,0,0.7,0,1,1,0,0
CUST0043,19,Female,Single,Primary,Self-employed,135,Savings,1,144141,15,9,10,0,0.86,0,1,1,0,0
CUST1100,31,Female,Married,Primary,Self-employed,57,Savings,3,136885,13,5,8,0,0.53,1,1,0,0,0
CUST0209,27,Male,Divorced,Secondary,Self-employed,154,Fixed Deposit,4,297079,16,5,10,2,0.62,2,1,0,0,0
CUST0105,32,Female,Single,Primary,Self-employed,38,Savings,2,23947,18,4,10,0,0.51,1,1,0,0,0
CUST1776,37,Male,Married,None,Employed,134,Savings,2,12602,14,5,6,0,0.96,2,1,0,0,0
CUST2633,31,Female,Single,Primary,Employed,68,Fixed Deposit,1,246363,15,3,9,0,0.72,0,1,1,0,0
CUST1149,62,Male,Single,Primary,Employed,27,Savings,2,830006,13,8,11,0,0.82,3,1,1,0,0
CUST1064,36,Female,Married,Primary,Self-employed,141,Fixed Deposit,1,150422,15,9,11,0,0.88,0,1,0,0,0
CUST0184,27,Male,Married,University,Employed,66,Current,1,33273,15,6,13,0,0.71,0,1,0,1,0
CUST2455,34,Female,Married,Secondary,Employed,150,Current,2,159499,15,10,12,0,0.71,2,1,1,1,0
CUST1024,28,Female,Divorced,Secondary,Self-employed,132,Savings,1,13422,14,5,10,0,0.69,1,1,1,0,1
CUST0633,45,Female,Married,Primary,Employed,137,Savings,2,123199,16,8,11,0,0.62,2,1,0,0,1
CUST0298,37,Female,Married,Secondary,Employed,118,Savings,1,195395,11,9,11,0,0.95,2,0,0,0,0
CUST2902,23,Male,Single,University,Employed,69,Current,1,93607,10,7,7,0,0.87,0,1,1,0,0
CUST2835,37,Male,Married,Secondary,Unemployed,110,Savings,3,164445,22,3,8,0,0.9,1,1,0,0,1
CUST1069,33,Male,Married,Secondary,Unemployed,148,Savings,1,395180,16,6,8,0,0.64,1,0,1,0,0
CUST0240,31,Female,Married,Secondary,Self-employed,169,Savings,1,358339,19,9,11,0,0.88,0,1,0,0,0
CUST0052,41,Male,Married,Primary,Employed,28,Savings,3,251819,17,10,10,1,0.69,1,0,1,1,1
CUST1953,40,Female,Married,University,Employed,56,Savings,2,64436,15,6,11,0,0.63,1,1,0,1,0
CUST0372,42,Female,Single,Secondary,Unemployed,83,Savings,2,83261,6,13,11,0,0.75,1,1,1,0,1
CUST0809,31,Male,Married,University,Self-employed,142,Current,1,439145,12,3,12,1,0.65,0,0,0,0,0
CUST0307,40,Female,Married,None,Self-employed,130,Savings,1,598557,15,11,3,0,0.92,1,0,0,0,0
CUST2829,36,Male,Divorced,Primary,Self-employed,109,Fixed Deposit,1,62899,24,9,9,0,0.87,0,0,0,0,0
CUST0438,18,Male,Married,Primary,Employed,98,Current,2,83961,18,6,13,0,0.56,0,0,0,1,0
CUST1698,34,Female,Single,Secondary,Unemployed,21,Current,1,24635,19,7,6,0,0.51,0,1,0,0,1
CUST0794,30,Female,Single,Secondary,Employed,68,Savings,2,60355,12,6,9,0,0.9,1,1,1,0,0
CUST0547,34,Male,Married,None,Unemployed,52,Savings,3,301534,14,8,9,0,0.58,2,0,0,0,0
CUST1460,37,Male,Single,Secondary,Employed,5,Savings,1,483927,14,10,14,0,0.59,0,0,0,0,1
CUST0112,24,Female,Single,Secondary,Employed,6,Savings,3,230585,14,10,8,0,0.84,0,1,0,0,1
CUST2378,25,Female,Single,Primary,Self-employed,104,Savings,2,56508,20,9,11,2,1,1,0,0,0,0
CUST1598,41,Male,Married,University,Self-employed,126,Savings,1,299204,14,6,6,1,0.74,1,1,1,1,0
CUST0666,30,Male,Single,Primary,Self-employed,54,Fixed Deposit,1,237997,21,11,10,1,0.93,0,1,0,1,0
CUST1229,27,Female,Single,University,Employed,177,Current,2,4345,19,6,5,0,1,0,1,1,1,1
CUST1324,36,Male,Married,Secondary,Employed,87,Savings,2,51958,12,2,6,0,0.64,0,1,0,0,0
CUST1657,33,Female,Single,Primary,Unemployed,38,Fixed Deposit,1,77749,16,11,7,1,0.95,0,1,0,0,0
CUST1004,31,Female,Married,Primary,Employed,36,Savings,2,225456,15,12,7,0,0.97,2,1,0,0,1
CUST2730,29,Male,Single,Secondary,Self-employed,33,Current,1,23389,14,12,11,0,0.92,1,1,0,0,1
CUST0121,37,Female,Single,Secondary,Self-employed,88,Current,3,67880,12,5,11,0,0.62,2,0,0,1,0
CUST1704,42,Male,Single,University,Self-employed,35,Savings,4,274479,18,5,7,0,0.57,1,1,0,0,1
CUST0142,40,Male,Divorced,None,Employed,178,Savings,4,222017,12,6,14,1,0.99,0,1,1,0,0
CUST0695,29,Female,Married,Primary,Employed,50,Savings,1,42851,7,9,10,0,0.94,2,1,1,1,1
CUST2525,18,Male,Married,Primary,Unemployed,63,Fixed Deposit,1,137511,12,3,9,0,0.64,0,1,0,1,0
CUST1732,27,Female,Single,Primary,Self-employed,8,Current,1,16978,15,11,12,0,0.97,0,1,0,0,0
CUST2912,23,Female,Single,University,Employed,53,Savings,1,109038,18,13,14,0,0.88,2,1,0,0,0
CUST1006,41,Male,Single,Secondary,Employed,151,Current,1,53842,13,6,12,0,0.63,2,1,0,0,0
CUST2446,42,Male,Married,Secondary,Employed,8,Savings,4,68262,19,12,7,0,0.63,0,1,0,0,0
CUST2726,44,Male,Married,University,Employed,87,Savings,1,150800,11,14,7,0,0.89,0,1,1,0,0
CUST1538,35,Female,Married,Secondary,Self-employed,21,Current,1,225191,9,6,13,1,0.84,0,1,1,0,0
CUST1090,18,Male,Single,Secondary,Employed,10,Current,1,62338,12,3,14,0,0.84,3,1,0,0,0
CUST1988,62,Female,Married,None,Employed,163,Savings,3,70085,17,6,7,0,0.69,2,1,1,0,0
CUST2567,25,Female,Married,Primary,Employed,161,Current,1,39630,17,4,10,1,0.64,4,1,1,0,0
CUST0533,35,Female,Married,Primary,Employed,34,Savings,2,201074,15,6,10,0,0.98,0,1,0,0,0
CUST1921,30,Male,Married,Secondary,Employed,155,Savings,2,93752,14,16,15,0,0.74,0,1,0,0,0
CUST1307,29,Female,Married,None,Self-employed,78,Current,3,80123,10,15,6,0,0.66,2,1,1,0,0
CUST1029,51,Female,Married,None,Self-employed,79,Savings,2,109997,10,5,12,0,0.76,3,1,0,0,0
CUST2869,51,Female,Married,Secondary,Self-employed,89,Savings,2,70083,13,7,7,0,0.79,0,0,0,1,0
CUST1749,18,Female,Married,Primary,Employed,86,Savings,1,176545,12,10,6,0,0.94,1,0,1,0,1
CUST2280,21,Female,Married,Secondary,Self-employed,2,Savings,1,8801,16,7,11,0,0.76,0,1,0,0,1
CUST0803,22,Male,Married,Secondary,Employed,73,Current,4,157371,15,9,17,0,0.93,0,0,0,1,0
CUST1051,34,Female,Single,Secondary,Self-employed,51,Fixed Deposit,1,71993,21,8,18,0,0.88,0,0,1,1,0
CUST1994,38,Male,Single,None,Employed,125,Savings,1,659062,14,7,6,0,0.59,0,1,0,0,1
CUST0772,40,Female,Single,Secondary,Self-employed,158,Current,1,247363,12,3,9,0,0.81,2,1,0,0,0
CUST0716,34,Female,Married,Secondary,Self-employed,46,Savings,1,53997,11,14,17,0,0.99,3,1,1,0,1
CUST1763,41,Male,Single,None,Employed,50,Savings,3,19631,20,3,27,0,0.88,0,1,0,0,0
CUST1829,21,Male,Married,University,Employed,86,Current,3,56273,14,7,9,0,0.56,2,1,1,0,0
CUST1184,18,Female,Single,Primary,Self-employed,44,Savings,1,391723,16,7,7,0,0.87,0,1,0,1,0
CUST0136,27,Female,Married,Secondary,Employed,144,Current,4,58703,10,5,7,1,0.81,1,1,0,0,1
CUST0506,22,Female,Married,University,Unemployed,7,Savings,1,166744,14,11,17,0,0.57,0,0,0,0,0
CUST1022,40,Male,Single,None,Self-employed,94,Fixed Deposit,1,287315,12,6,9,0,0.71,0,1,1,0,1
CUST1783,18,Male,Single,Secondary,Employed,81,Savings,1,629,7,9,8,1,0.53,0,1,0,1,1
CUST0277,32,Male,Married,Primary,Employed,27,Current,4,117339,6,9,11,0,0.76,1,1,1,0,1
CUST2857,26,Male,Divorced,Secondary,Employed,175,Savings,3,297620,16,11,8,0,0.73,0,1,0,0,0
CUST1257,36,Male,Married,Primary,Unemployed,86,Savings,3,337845,12,6,5,0,0.69,1,1,0,0,0
CUST1612,36,Female,Married,Secondary,Employed,7,Savings,1,178179,15,5,4,1,0.59,3,1,0,0,0
CUST0803,25,Female,Married,Secondary,Self-employed,57,Savings,4,149870,22,11,7,0,0.64,1,0,0,1,0
CUST0194,38,Female,Single,Secondary,Self-employed,4,Savings,3,42741,8,16,7,0,0.88,1,1,0,0,1
CUST2239,33,Female,Married,Secondary,Employed,23,Current,1,21150,17,5,13,0,0.55,0,0,0,0,0
CUST2345,45,Female,Single,Secondary,Employed,3,Current,1,122704,17,9,11,1,0.8,0,1,1,1,1
CUST0980,40,Male,Single,Primary,Employed,43,Savings,2,51426,13,10,11,0,0.6,0,0,1,0,0
CUST0732,31,Female,Married,Secondary,Employed,105,Savings,2,111823,17,9,6,0,0.52,1,1,0,0,0
CUST1714,37,Female,Single,Primary,Employed,135,Savings,3,144071,14,3,5,1,0.68,2,1,0,1,1
CUST1073,33,Female,Single,Secondary,Employed,87,Current,1,354817,19,6,9,0,0.71,1,1,0,0,1
CUST1294,30,Male,Married,Primary,Self-employed,69,Fixed Deposit,3,14807,12,10,12,0,0.87,2,0,0,0,1
CUST2109,18,Male,Married,Primary,Employed,180,Savings,4,23590,17,2,8,0,0.78,1,0,0,0,0
CUST0361,49,Male,Single,University,Employed,77,Savings,3,347972,17,3,11,0,0.93,1,1,0,0,0
CUST0873,32,Female,Single,Primary,Employed,118,Savings,1,267199,13,7,9,0,0.97,1,1,1,0,1
CUST1868,49,Male,Single,University,Employed,60,Current,2,238940,13,7,5,0,0.94,0,0,0,1,0
CUST2721,52,Female,Married,Primary,Employed,128,Fixed Deposit,1,219437,12,8,10,0,0.65,1,1,1,1,0
CUST2414,22,Female,Single,Primary,Employed,95,Current,1,302921,13,7,9,0,0.61,0,1,0,1,1
CUST0576,41,Male,Divorced,Secondary,Employed,65,Savings,1,118577,15,5,13,0,0.83,2,1,1,0,0
CUST1095,32,Female,Divorced,Secondary,Employed,90,Current,3,141291,11,9,11,1,0.6,2,1,1,0,1
CUST1547,49,Female,Single,Primary,Employed,136,Savings,2,234371,15,7,13,1,0.82,1,1,0,1,0
CUST2862,32,Male,Divorced,Primary,Self-employed,21,Current,1,93776,18,11,9,0,0.95,0,0,1,0,0
CUST1770,37,Female,Single,Secondary,Self-employed,171,Savings,1,235773,15,3,13,0,0.88,0,0,0,0,0
CUST2590,35,Male,Divorced,University,Employed,13,Savings,1,484035,15,8,9,0,0.58,2,1,0,0,1
CUST2105,41,Female,Divorced,Primary,Employed,179,Savings,4,126416,14,8,4,0,0.63,1,1,0,0,0
CUST0101,18,Male,Single,Primary,Employed,36,Current,3,101016,11,5,13,1,0.99,2,1,0,0,1
CUST0912,35,Female,Divorced,Secondary,Employed,101,Savings,1,12450,20,5,8,1,0.96,1,1,1,0,0
CUST1673,36,Female,Married,University,Self-employed,110,Fixed Deposit,4,41479,13,8,10,0,0.72,1,1,0,0,0
CUST0325,51,Female,Married,Secondary,Self-employed,157,Current,4,100368,17,7,5,0,0.92,1,1,0,0,0
CUST2997,37,Female,Married,Secondary,Employed,83,Fixed Deposit,1,51862,13,4,14,0,0.83,1,1,0,1,0
CUST2100,33,Female,Single,Primary,Employed,39,Savings,2,57539,13,6,12,0,0.66,3,1,0,1,1
CUST2535,38,Male,Married,Secondary,Employed,158,Savings,3,50067,14,7,11,0,0.53,0,0,0,0,0
CUST2004,33,Male,Single,Primary,Employed,104,Savings,2,1309,9,6,15,0,0.94,2,0,0,0,0
CUST0640,35,Female,Divorced,None,Employed,5,Current,4,66875,12,8,7,1,0.99,2,1,0,1,0
CUST1847,33,Male,Married,None,Employed,167,Savings,4,238429,16,4,8,0,0.78,3,1,1,0,0
CUST0475,27,Male,Married,Secondary,Employed,102,Savings,2,10406,13,7,6,0,0.95,0,1,0,1,0
CUST1278,42,Male,Single,University,Employed,66,Savings,2,227579,17,5,12,0,0.73,1,1,0,0,0
CUST2470,26,Male,Single,Primary,Employed,160,Savings,2,383715,18,9,8,0,0.77,1,0,0,0,0
CUST2386,27,Female,Married,University,Employed,142,Savings,1,102778,19,9,8,2,0.97,0,1,0,0,0
CUST0923,31,Male,Married,None,Self-employed,95,Savings,3,59611,12,7,6,0,0.93,2,0,0,0,0
CUST1611,39,Female,Divorced,Secondary,Employed,128,Savings,2,77530,17,9,11,0,0.69,0,1,0,0,0
CUST2611,37,Male,Married,University,Employed,148,Savings,4,206553,18,9,11,0,0.83,0,0,1,0,0
CUST0217,35,Female,Married,Secondary,Employed,141,Savings,4,180775,15,7,18,1,0.81,1,0,1,0,0
CUST2022,32,Female,Married,Secondary,Employed,29,Savings,3,151969,21,11,12,0,0.66,2,0,1,0,0
CUST1709,30,Male,Married,Secondary,Employed,119,Current,1,148405,11,9,9,0,0.6,0,1,0,0,0
CUST2951,43,Male,Married,Secondary,Employed,69,Savings,2,582539,10,8,13,0,0.94,1,0,0,0,0
CUST0424,29,Female,Divorced,University,Employed,80,Savings,1,135722,13,11,7,0,0.98,2,1,0,0,1
CUST1293,27,Male,Single,None,Employed,136,Savings,2,94743,13,6,8,1,0.67,0,1,1,0,0
CUST2656,29,Female,Single,Secondary,Self-employed,34,Savings,1,45551,12,8,4,1,0.54,4,1,0,0,1
CUST2059,30,Female,Married,University,Employed,49,Current,4,6108,13,6,16,0,0.77,3,1,0,0,0
CUST0634,31,Female,Divorced,Secondary,Self-employed,97,Savings,3,140003,12,6,13,0,0.61,1,1,1,0,0
CUST0201,40,Male,Divorced,Secondary,Self-employed,161,Current,1,208273,15,8,8,1,0.69,3,1,1,0,0
CUST1296,43,Female,Married,Secondary,Employed,53,Savings,1,71275,12,7,12,0,0.75,1,0,1,1,0
CUST1322,27,Female,Single,Primary,Employed,76,Savings,2,98363,15,4,9,0,0.63,3,0,0,1,0
CUST0502,28,Male,Single,Primary,Employed,149,Savings,1,132844,15,11,17,0,0.54,2,1,1,0,0
CUST0384,34,Female,Single,University,Self-employed,83,Current,1,116250,9,6,11,0,0.66,1,1,1,0,1
CUST1928,38,Male,Single,Secondary,Self-employed,164,Savings,1,92989,11,5,11,0,0.94,1,0,0,0,0
CUST0627,36,Male,Single,Primary,Self-employed,49,Current,2,291972,19,6,8,0,0.54,0,1,1,0,1
CUST0891,36,Female,Married,Secondary,Self-employed,173,Savings,2,373272,11,9,8,0,0.59,2,0,0,1,0
CUST0269,34,Male,Single,Primary,Employed,62,Current,4,94606,18,9,13,1,0.81,1,0,1,1,0
CUST2515,18,Male,Married,University,Employed,56,Fixed Deposit,1,12851,17,7,8,0,0.75,0,0,0,0,0
CUST1314,47,Male,Married,Primary,Employed,115,Savings,3,253827,18,5,5,0,0.55,1,1,0,0,0
CUST0799,46,Female,Married,Secondary,Employed,170,Savings,2,194951,12,9,8,0,0.6,1,1,1,0,0
CUST0960,28,Female,Married,Secondary,Self-employed,172,Savings,4,76758,18,6,6,1,0.96,0,1,1,0,0
CUST2313,40,Male,Married,None,Self-employed,25,Fixed Deposit,1,15947,14,11,13,0,0.59,0,0,1,0,0
CUST2218,51,Male,Single,Primary,Employed,4,Current,1,257297,9,7,8,0,0.68,1,0,0,0,1
CUST0353,37,Female,Divorced,Primary,Self-employed,158,Current,3,22018,14,12,11,0,0.91,3,1,1,0,0
CUST2921,40,Female,Single,University,Employed,17,Savings,1,192884,10,4,12,0,0.89,0,1,0,0,1
CUST2030,39,Male,Divorced,Secondary,Employed,118,Current,3,233099,15,6,13,0,0.88,2,1,0,1,0
CUST1134,27,Female,Married,Primary,Employed,106,Current,1,26750,14,9,12,0,0.96,3,0,0,1,1
CUST2748,45,Male,Married,University,Employed,3,Savings,1,178102,10,10,8,0,0.65,0,1,1,0,0
CUST2547,26,Male,Married,None,Employed,44,Savings,3,86395,19,6,10,0,0.65,1,0,0,0,0
CUST2744,43,Female,Married,Secondary,Unemployed,35,Savings,1,8446,10,8,8,0,0.76,1,1,1,0,1
CUST0719,42,Female,Single,Secondary,Employed,135,Savings,2,24932,13,16,7,0,0.73,2,1,1,1,0
CUST0840,31,Male,Married,Secondary,Employed,23,Current,1,52537,22,9,8,0,0.96,0,1,0,0,1
CUST1064,51,Male,Married,Primary,Self-employed,26,Fixed Deposit,1,6630,8,13,5,0,0.52,0,0,0,0,1
CUST1501,32,Male,Married,Primary,Self-employed,128,Savings,2,475547,9,6,11,0,0.5,1,1,1,0,0
CUST1188,41,Male,Married,Primary,Employed,5,Savings,1,16621,20,11,10,1,0.6,1,1,0,0,0
CUST0786,28,Female,Married,Primary,Self-employed,97,Savings,1,101673,18,9,10,1,0.75,3,0,1,1,0
CUST1730,33,Male,Married,Primary,Employed,86,Savings,2,87729,20,3,3,0,0.6,4,1,1,0,0
CUST2846,28,Female,Single,Secondary,Unemployed,1,Current,2,222816,16,6,12,0,0.87,1,1,1,0,1
CUST0921,35,Male,Single,Primary,Employed,146,Savings,3,42012,19,11,15,0,0.54,1,0,1,0,1
CUST2984,23,Male,Single,Primary,Employed,79,Savings,1,14028,10,5,13,0,0.62,1,0,1,1,0
CUST0205,28,Male,Married,Secondary,Employed,140,Savings,2,447093,14,14,12,0,0.58,2,0,0,0,1
CUST0075,35,Male,Married,Primary,Employed,116,Fixed Deposit,3,400879,19,9,7,2,0.91,1,1,0,1,1
CUST0823,22,Male,Single,Secondary,Self-employed,41,Current,2,86155,26,3,5,1,0.74,2,0,0,0,0
CUST0099,46,Male,Single,Primary,Employed,105,Current,1,135528,19,8,9,0,0.52,2,1,0,0,1
CUST1505,43,Male,Single,Secondary,Self-employed,92,Savings,4,119501,14,8,8,0,0.96,1,1,0,0,0
CUST0169,20,Female,Married,Primary,Employed,165,Savings,3,15175,12,8,8,0,0.69,0,1,1,0,0
CUST0216,36,Male,Married,Secondary,Unemployed,142,Current,3,75272,17,11,9,0,0.92,0,1,1,0,0
CUST0813,33,Male,Married,Secondary,Self-employed,135,Savings,1,89604,13,6,11,0,0.58,1,1,0,1,0
CUST1345,18,Female,Married,Primary,Employed,124,Current,3,6134,16,10,9,1,0.66,0,1,0,0,1
CUST0060,38,Female,Single,University,Self-employed,121,Current,3,72589,16,11,6,0,0.94,0,1,0,0,0
CUST1666,25,Female,Single,Primary,Employed,162,Current,4,49910,20,6,17,0,0.87,0,1,0,0,0
CUST0114,18,Male,Single,Primary,Self-employed,61,Savings,1,57310,12,10,8,0,0.89,2,0,0,0,1
CUST1511,33,Female,Married,University,Employed,59,Current,3,63849,16,12,11,1,0.84,1,0,0,0,0
CUST1603,31,Female,Single,Primary,Self-employed,85,Savings,2,50504,17,6,10,0,0.63,0,0,0,1,0
CUST1787,23,Male,Married,Primary,Employed,147,Savings,2,32446,11,15,6,0,0.58,1,1,0,0,0
CUST0882,38,Male,Divorced,None,Employed,75,Savings,1,275649,14,10,8,0,0.98,3,1,1,0,0
CUST1400,34,Male,Single,Primary,Self-employed,27,Current,1,86860,14,8,12,0,0.54,1,0,0,0,0
CUST1332,41,Female,Single,Primary,Employed,140,Savings,1,202353,18,11,12,0,0.81,1,0,0,0,1
CUST2667,40,Male,Married,Primary,Employed,61,Fixed Deposit,2,172295,6,7,5,0,0.6,0,1,0,0,0
CUST2853,30,Male,Single,Secondary,Self-employed,66,Savings,4,52142,21,7,11,0,0.59,1,1,1,0,0
CUST2576,21,Female,Married,Secondary,Employed,40,Savings,4,47107,13,8,5,1,0.76,0,1,0,0,0
CUST1027,45,Male,Married,Secondary,Employed,92,Savings,2,331114,20,4,20,1,0.83,1,1,0,0,0
CUST2169,24,Female,Married,Primary,Employed,111,Fixed Deposit,3,53557,12,7,8,0,0.91,0,0,0,0,0
CUST2441,29,Male,Married,University,Self-employed,100,Savings,1,247499,20,6,9,0,0.57,0,1,1,0,0
CUST1077,25,Female,Single,Primary,Self-employed,77,Savings,4,510687,11,16,12,0,0.97,0,1,0,0,0
CUST0778,49,Female,Married,University,Self-employed,100,Savings,1,300225,14,3,15,1,0.75,0,1,0,1,0
CUST1970,20,Female,Single,Primary,Employed,60,Savings,2,3953,14,8,8,0,0.78,1,1,0,0,0
CUST0607,45,Female,Single,University,Self-employed,105,Savings,2,19962,16,5,14,0,0.64,0,0,0,0,0
CUST1812,48,Male,Divorced,Secondary,Self-employed,124,Savings,1,38508,13,7,7,0,0.84,2,1,0,0,0
CUST0377,39,Female,Married,Primary,Self-employed,23,Current,2,62068,20,4,12,0,0.51,2,1,0,0,1
CUST2935,39,Female,Married,Secondary,Unemployed,79,Savings,1,500,22,7,9,0,0.56,0,0,0,1,0
CUST2103,26,Male,Married,Secondary,Employed,150,Savings,2,70056,11,8,7,1,0.95,2,1,0,1,0
CUST0072,30,Male,Married,Secondary,Employed,49,Current,2,347470,13,14,9,0,0.6,1,1,0,1,0
CUST2272,43,Female,Single,Primary,Self-employed,104,Savings,1,26529,10,12,7,1,0.6,0,1,0,0,0
CUST2815,33,Female,Divorced,Secondary,Employed,151,Savings,1,10026,14,2,8,1,0.63,0,0,1,0,0
CUST2966,52,Female,Married,Primary,Self-employed,27,Current,2,715357,16,13,13,0,0.64,3,1,0,0,0
CUST1039,55,Male,Married,None,Employed,26,Savings,1,184608,17,9,8,0,0.99,2,0,0,0,1
CUST1184,38,Female,Married,Secondary,Unemployed,44,Savings,2,125156,11,8,9,0,0.92,1,0,0,0,0
CUST1059,31,Female,Single,Secondary,Employed,88,Savings,1,401682,19,11,10,0,0.63,1,1,0,0,0
CUST0872,38,Female,Single,University,Self-employed,145,Savings,3,362059,15,5,9,0,0.51,0,1,0,0,1
CUST1844,42,Male,Single,University,Unemployed,128,Current,3,191276,11,13,8,0,0.59,4,1,0,0,0
CUST1749,50,Male,Married,University,Self-employed,99,Current,1,17230,13,10,6,0,0.6,0,1,1,0,0
CUST2240,30,Female,Single,Secondary,Employed,143,Savings,2,35921,17,7,12,0,0.7,0,1,0,0,0
CUST2873,33,Male,Single,Secondary,Employed,18,Current,4,67499,12,7,8,0,0.96,1,1,0,0,0
CUST2122,38,Male,Single,University,Employed,131,Savings,4,10762,14,14,10,0,1,3,0,1,0,0
CUST1960,37,Female,Married,None,Employed,77,Savings,1,406588,13,3,13,0,0.72,0,0,0,0,1
CUST2486,28,Male,Married,Secondary,Employed,38,Savings,3,151402,12,2,11,2,0.85,0,1,1,0,1
CUST2465,36,Male,Married,Secondary,Self-employed,165,Fixed Deposit,2,29955,15,8,11,0,0.9,1,1,0,0,0
CUST0836,32,Male,Divorced,Secondary,Employed,146,Current,1,36839,13,10,18,0,0.79,3,1,0,0,0
CUST0033,48,Female,Single,University,Employed,178,Fixed Deposit,4,357216,20,8,3,0,0.57,0,0,1,0,0
CUST1968,34,Female,Single,University,Employed,24,Savings,1,28328,15,12,6,0,0.61,0,1,1,0,1
CUST0261,20,Female,Divorced,Secondary,Self-employed,166,Savings,1,186102,16,7,11,0,0.54,1,0,0,0,0
CUST1434,54,Female,Married,Primary,Employed,20,Savings,2,160186,14,7,9,0,0.76,0,1,0,0,0
CUST2798,21,Male,Married,University,Employed,142,Savings,1,187029,13,9,9,0,0.97,0,1,0,0,0
CUST2810,22,Female,Married,Primary,Unemployed,21,Fixed Deposit,2,246479,17,6,8,1,0.62,1,1,1,1,0
CUST2622,38,Female,Single,Secondary,Employed,161,Fixed Deposit,1,504275,17,6,13,0,0.72,2,1,1,0,0
CUST0670,33,Male,Married,Primary,Unemployed,60,Savings,1,98396,13,5,10,0,0.65,1,1,1,0,1
CUST2714,25,Male,Married,Primary,Self-employed,133,Current,1,57309,17,11,10,0,0.56,1,0,0,0,0
CUST0055,35,Male,Single,Primary,Self-employed,133,Savings,1,339283,21,8,11,0,0.62,0,1,0,0,0
CUST1940,32,Female,Married,Secondary,Self-employed,13,Savings,1,12745,12,6,11,0,0.96,1,1,0,0,1
CUST1063,18,Male,Married,Secondary,Employed,73,Savings,4,27042,21,9,15,0,0.67,1,1,1,0,0
CUST0453,38,Male,Single,University,Self-employed,136,Fixed Deposit,1,154576,12,9,9,0,0.94,0,1,0,1,0
CUST0521,48,Male,Divorced,Primary,Employed,15,Savings,2,25281,13,11,12,0,0.63,0,0,0,0,0
CUST1768,43,Female,Divorced,University,Employed,60,Savings,1,20616,22,8,10,0,0.63,2,0,1,0,1
CUST1866,44,Female,Married,Secondary,Self-employed,89,Current,4,8520,14,4,8,0,0.97,0,1,1,1,0
CUST0474,40,Female,Married,Primary,Employed,145,Savings,1,30690,11,3,8,0,0.57,0,1,0,0,0
CUST2053,37,Male,Single,None,Employed,170,Savings,1,89123,20,6,13,0,0.61,2,1,0,0,0
CUST0662,34,Male,Single,Secondary,Self-employed,111,Savings,1,69393,14,11,10,0,0.53,2,0,0,0,1
CUST1692,22,Male,Married,Secondary,Employed,152,Savings,2,203546,15,10,10,0,0.86,1,1,1,0,0
CUST0387,25,Male,Married,Primary,Self-employed,17,Savings,2,86031,8,6,10,0,0.77,0,1,0,0,1
CUST0785,36,Female,Married,University,Employed,155,Savings,1,217456,15,7,7,0,0.95,3,1,0,0,0
CUST1421,18,Male,Married,None,Unemployed,74,Current,3,171108,12,5,12,0,0.56,3,1,0,0,1
CUST1884,35,Male,Single,Secondary,Self-employed,166,Savings,2,221463,17,6,12,0,0.64,2,1,0,0,0
CUST1230,30,Female,Married,Primary,Employed,160,Savings,2,288543,16,8,4,0,0.59,1,0,1,0,0
CUST0513,52,Male,Single,Secondary,Employed,118,Savings,1,47446,11,11,14,0,0.67,0,1,0,1,0
CUST2314,47,Male,Married,Primary,Unemployed,151,Savings,1,354305,23,17,10,0,0.6,2,0,0,0,0
CUST0591,31,Male,Divorced,None,Employed,141,Current,3,822473,23,9,9,0,0.55,0,1,0,1,0
CUST1041,39,Male,Divorced,Primary,Employed,43,Fixed Deposit,1,119788,17,9,17,0,0.67,0,0,1,0,1
CUST0869,19,Female,Single,University,Employed,152,Savings,3,23123,15,4,14,0,0.91,1,1,1,0,0
CUST0412,22,Female,Single,University,Self-employed,47,Savings,1,51601,14,8,10,0,0.6,3,0,0,0,0
CUST1872,43,Male,Married,Secondary,Self-employed,17,Savings,3,213422,14,6,19,0,0.9,1,1,0,0,0
CUST1440,36,Male,Divorced,Primary,Employed,117,Current,1,163262,16,7,6,0,0.76,0,0,0,0,1
CUST2698,25,Male,Single,Primary,Employed,108,Savings,1,359827,11,7,10,0,0.66,1,1,0,0,0
CUST2644,39,Female,Single,Secondary,Self-employed,101,Savings,1,16360,14,6,14,0,0.94,1,0,0,0,1
CUST2091,38,Female,Married,Secondary,Employed,105,Savings,2,5407,21,10,12,0,0.71,3,0,0,0,1
CUST0966,35,Male,Divorced,Secondary,Employed,134,Savings,1,121168,22,8,6,0,0.89,1,0,1,0,1
CUST1154,39,Male,Married,Secondary,Employed,167,Current,1,117594,17,11,4,0,0.79,0,1,0,0,0
CUST2979,27,Female,Single,Primary,Employed,122,Savings,2,15714,18,8,11,1,0.69,0,1,0,0,0
CUST2647,30,Female,Single,Secondary,Employed,147,Current,1,145635,19,10,10,0,0.54,0,1,0,0,0
CUST0117,28,Female,Single,None,Employed,98,Savings,2,26068,12,13,6,0,0.83,2,1,1,1,1
CUST2928,32,Male,Married,Primary,Unemployed,23,Current,2,156334,18,4,8,0,0.95,0,1,0,1,0
CUST2891,39,Male,Married,Secondary,Employed,13,Current,1,291438,10,5,10,0,0.65,1,0,0,0,0
CUST2771,38,Male,Single,University,Self-employed,30,Current,1,83493,8,5,11,0,0.9,0,1,0,0,0
CUST1951,18,Female,Married,Primary,Employed,144,Fixed Deposit,3,120556,15,8,6,0,0.79,1,0,0,0,0
CUST0259,35,Male,Single,Primary,Self-employed,82,Savings,4,54582,22,10,7,1,0.51,2,1,1,1,0
CUST1131,39,Female,Married,Secondary,Self-employed,123,Savings,2,252974,11,10,11,2,0.67,1,1,0,0,0
CUST1434,41,Female,Single,Primary,Employed,21,Savings,2,66454,20,10,13,0,0.95,0,1,0,0,1
CUST1303,54,Male,Married,Primary,Self-employed,131,Savings,3,63855,13,5,13,0,0.86,0,1,1,0,1
CUST0882,39,Male,Single,Primary,Self-employed,137,Savings,1,82942,12,6,7,1,0.86,0,1,0,0,0
CUST2514,18,Female,Married,Secondary,Self-employed,132,Savings,4,182566,16,7,11,1,0.9,0,1,0,0,0
CUST0523,34,Female,Single,None,Employed,20,Current,1,13763,10,7,10,0,0.55,0,1,1,0,1
CUST2545,19,Male,Married,Primary,Employed,58,Current,1,46559,18,5,9,0,0.8,2,0,1,0,1
CUST1457,53,Male,Married,Secondary,Self-employed,44,Savings,2,100627,17,7,13,0,0.69,1,0,0,1,1
CUST0314,55,Female,Married,None,Self-employed,16,Savings,2,133561,12,4,4,0,0.7,0,1,0,0,1
CUST1562,43,Male,Married,Secondary,Employed,136,Savings,4,138682,14,3,10,0,0.82,0,1,1,0,0
CUST2483,26,Male,Single,Secondary,Unemployed,125,Savings,1,10766,12,6,5,0,0.9,1,1,0,0,1
CUST1678,28,Female,Divorced,University,Unemployed,134,Savings,1,97977,16,12,11,0,0.58,1,1,0,1,1
CUST1634,46,Female,Divorced,Primary,Employed,106,Savings,2,231790,14,5,14,1,0.63,0,1,1,0,1
CUST2515,24,Female,Divorced,None,Unemployed,19,Savings,4,256840,20,6,14,0,0.98,0,0,0,0,0
CUST1102,38,Male,Married,Primary,Employed,146,Current,1,153413,19,4,9,0,0.87,1,0,1,0,0
CUST2080,36,Male,Divorced,Secondary,Employed,74,Savings,1,13603,18,10,13,0,0.77,1,1,1,0,0
CUST1889,48,Female,Single,Primary,Employed,77,Savings,1,203082,18,7,9,0,0.52,0,0,1,0,0
CUST0646,27,Male,Single,None,Employed,148,Fixed Deposit,1,240219,15,4,9,0,0.86,0,1,1,0,0
CUST2291,30,Male,Single,Secondary,Self-employed,50,Savings,1,137235,11,7,10,1,0.97,0,1,0,1,1
CUST0537,44,Male,Single,University,Self-employed,100,Fixed Deposit,2,327242,24,5,8,0,0.63,1,0,0,1,0
CUST1089,25,Male,Married,Primary,Self-employed,26,Current,1,54949,14,8,6,0,0.68,1,1,0,0,0
CUST1757,33,Female,Married,None,Employed,104,Current,3,96378,25,10,7,1,0.78,2,0,1,0,0
CUST0424,37,Female,Married,Primary,Employed,87,Current,2,236020,12,10,8,0,0.68,1,1,0,1,1
CUST0912,25,Male,Single,Primary,Self-employed,111,Current,2,6389,15,6,7,0,0.94,0,0,1,0,1
CUST2984,23,Female,Single,Secondary,Employed,109,Current,3,38801,10,8,11,0,0.86,1,1,0,0,0
CUST1882,48,Male,Married,Secondary,Self-employed,127,Current,2,308361,17,8,13,0,0.67,1,0,0,0,0
CUST1299,33,Male,Single,None,Employed,137,Savings,4,4752,18,9,5,0,0.71,1,1,0,0,1
CUST0645,34,Male,Married,University,Self-employed,167,Current,1,341917,19,4,10,0,0.86,0,1,0,0,1
CUST0348,53,Male,Married,Secondary,Unemployed,31,Current,2,229746,18,6,14,0,0.97,0,1,1,0,0
CUST1476,29,Female,Single,Primary,Unemployed,10,Current,1,205522,14,8,10,0,1,1,0,1,0,1
CUST0315,48,Male,Married,None,Employed,151,Savings,1,66347,15,12,9,0,0.76,1,1,0,0,0
CUST1191,20,Female,Married,University,Employed,131,Savings,2,65015,18,12,16,2,0.73,0,0,0,0,0
CUST0580,37,Male,Married,None,Employed,38,Current,1,44075,21,8,10,1,0.92,0,0,0,0,0
CUST0906,26,Female,Divorced,Secondary,Self-employed,48,Savings,1,152979,24,11,11,0,0.51,1,1,0,0,1
CUST0883,22,Male,Married,University,Employed,147,Savings,4,1609,9,7,10,0,0.55,0,0,0,0,0
CUST2179,38,Female,Married,Primary,Employed,86,Savings,2,106250,13,9,8,0,0.62,1,0,0,0,1
CUST0972,46,Male,Married,Secondary,Employed,127,Savings,2,20671,13,10,13,0,0.58,0,0,0,0,1
CUST2865,38,Male,Divorced,University,Self-employed,98,Savings,2,30348,16,6,8,0,0.84,2,1,0,0,1
CUST2600,27,Male,Married,None,Unemployed,14,Current,3,107954,10,4,8,0,0.8,1,1,0,0,1
CUST1909,24,Female,Single,Secondary,Employed,77,Current,2,48320,19,6,8,0,0.75,1,1,1,0,0
CUST2127,19,Female,Married,Secondary,Employed,26,Current,1,22755,10,7,10,0,0.86,3,1,0,0,1
CUST0417,40,Female,Married,None,Self-employed,66,Current,1,88079,17,11,15,0,0.86,0,1,1,0,0
CUST2473,32,Male,Married,Primary,Employed,64,Current,2,16879,21,4,4,0,0.71,2,0,0,0,0
CUST0363,39,Female,Married,Primary,Self-employed,55,Current,1,178603,15,3,11,0,0.76,0,0,0,0,0
CUST2404,52,Female,Married,Secondary,Employed,80,Savings,2,140620,15,8,11,0,0.8,1,1,1,1,1
CUST0463,43,Female,Single,None,Employed,97,Current,1,17721,12,9,6,0,0.8,0,1,1,0,0
CUST0897,18,Male,Married,Secondary,Self-employed,108,Current,4,125115,14,8,10,0,0.61,0,0,0,0,0
CUST2629,26,Male,Married,None,Employed,28,Fixed Deposit,1,58388,12,5,10,0,0.6,0,1,0,1,0
CUST1542,38,Female,Single,Primary,Employed,50,Savings,1,80174,12,11,14,0,0.91,1,1,1,0,0
CUST2427,35,Male,Married,Secondary,Self-employed,6,Current,4,327170,13,14,6,0,1,0,1,0,0,0
CUST2986,33,Male,Married,Secondary,Employed,57,Fixed Deposit,3,18205,22,7,7,0,0.99,3,1,0,0,1
CUST2270,21,Male,Single,Primary,Unemployed,22,Savings,2,6309,17,11,8,0,0.68,0,0,0,0,0
CUST1429,48,Male,Single,None,Employed,157,Savings,2,27724,14,6,4,1,0.94,0,1,0,0,0
CUST0554,31,Female,Divorced,Primary,Employed,2,Current,3,52695,20,8,11,0,0.9,0,1,0,0,0
CUST0509,34,Male,Married,Secondary,Self-employed,83,Fixed Deposit,1,125452,13,11,5,0,0.79,1,1,0,0,1
CUST2145,47,Female,Single,Primary,Employed,107,Savings,2,100705,16,7,11,0,0.98,0,1,0,0,0
CUST0630,20,Male,Single,University,Employed,133,Savings,1,110860,15,7,8,0,0.91,1,0,0,0,0
CUST2546,29,Male,Single,Primary,Employed,176,Fixed Deposit,2,230370,15,7,11,0,0.53,1,0,1,0,0
CUST1207,33,Male,Single,University,Employed,157,Savings,1,238838,15,7,4,0,0.94,2,1,0,1,0
CUST1339,23,Female,Single,University,Employed,169,Current,2,328889,9,12,4,0,0.63,0,0,0,0,0
CUST0700,21,Male,Married,University,Employed,179,Savings,3,339100,15,6,9,0,0.98,0,1,0,1,0
CUST1704,29,Male,Single,Primary,Self-employed,179,Current,1,357970,14,6,10,0,0.9,0,1,0,0,0
CUST2673,29,Male,Married,None,Employed,77,Current,2,181696,26,6,12,0,0.84,0,1,0,0,0
CUST2181,34,Male,Single,Primary,Employed,34,Current,3,183937,12,6,14,0,0.84,0,1,0,0,0
CUST0793,32,Male,Married,Secondary,Self-employed,153,Savings,3,146769,17,8,8,0,0.52,0,0,0,1,0
CUST2304,37,Male,Married,Secondary,Employed,70,Fixed Deposit,4,38846,21,8,5,1,0.81,1,1,0,0,0
CUST0263,50,Male,Single,Secondary,Unemployed,9,Current,4,415823,24,12,12,0,0.57,0,0,0,0,0
CUST1517,53,Female,Single,Secondary,Self-employed,30,Current,2,145415,18,3,9,0,0.92,1,1,1,0,1
CUST2567,26,Male,Married,Secondary,Employed,53,Current,3,272036,18,11,6,0,0.91,1,1,0,0,1
CUST0245,28,Male,Married,Secondary,Unemployed,42,Savings,1,152369,17,8,10,0,0.89,2,1,0,0,0
CUST0818,34,Female,Single,Primary,Self-employed,124,Fixed Deposit,4,476434,12,12,10,0,0.68,2,1,0,1,0
CUST2498,51,Female,Single,Secondary,Employed,140,Savings,1,42555,9,8,8,0,0.57,1,1,0,1,0
CUST0011,41,Male,Married,Primary,Employed,65,Current,2,20369,9,9,19,0,0.5,1,1,1,0,0
CUST0520,35,Female,Single,Primary,Employed,112,Savings,1,46310,9,10,7,2,0.87,0,1,1,0,0
CUST2910,27,Female,Single,Primary,Employed,43,Savings,1,368775,17,8,13,0,0.62,0,0,0,0,1
CUST1925,51,Female,Single,Secondary,Employed,81,Savings,1,276974,16,9,6,0,0.97,0,1,0,1,0
CUST1871,26,Female,Single,Secondary,Employed,59,Current,1,160447,12,4,7,0,0.55,0,1,0,0,0
CUST2386,31,Male,Married,Secondary,Employed,134,Savings,1,281450,9,11,8,0,0.9,2,0,0,0,0
CUST0653,23,Male,Married,Secondary,Employed,154,Current,4,111523,12,8,12,0,1,1,0,0,0,0
CUST2632,36,Female,Single,Secondary,Employed,118,Current,1,4096,19,14,10,0,0.82,3,1,0,0,0
CUST2222,56,Male,Married,Primary,Employed,161,Fixed Deposit,1,64922,18,7,11,0,0.91,2,1,0,0,0
CUST0757,47,Female,Married,Primary,Self-employed,62,Fixed Deposit,2,51606,13,9,8,0,0.53,1,1,0,0,0
CUST0615,37,Female,Single,Secondary,Employed,138,Current,1,30594,16,8,10,0,0.96,2,0,1,0,0
CUST0153,36,Male,Single,Secondary,Employed,37,Savings,1,57742,13,9,8,0,0.89,0,1,0,1,0
CUST1863,21,Male,Married,Secondary,Unemployed,14,Savings,2,49851,16,11,14,0,0.93,1,1,0,0,0
CUST0254,37,Female,Single,University,Employed,137,Savings,1,68785,13,7,10,0,0.5,0,1,0,0,0
CUST1197,48,Male,Married,Primary,Unemployed,82,Savings,1,46143,9,7,7,0,0.5,1,1,0,0,1
CUST1899,40,Female,Married,Primary,Employed,79,Savings,2,162155,19,7,11,0,0.86,1,1,0,0,1
CUST1600,33,Male,Single,Primary,Employed,40,Current,3,66847,11,14,9,0,0.93,0,0,1,0,0
CUST1226,42,Male,Single,Secondary,Self-employed,103,Savings,1,71823,13,9,9,0,0.83,0,0,1,0,0
CUST2508,34,Male,Single,Primary,Employed,27,Savings,2,135749,14,5,5,0,0.61,0,1,1,0,0
CUST0174,35,Female,Married,University,Employed,54,Current,1,577890,12,8,8,1,0.52,1,1,0,0,1
CUST1089,40,Female,Single,Secondary,Self-employed,132,Current,4,160076,16,12,11,0,0.64,2,0,0,0,0
CUST2134,24,Female,Married,Primary,Self-employed,113,Fixed Deposit,1,285142,19,5,10,0,0.82,1,1,0,0,1
CUST0079,37,Male,Single,Primary,Employed,164,Savings,4,71971,20,7,8,1,0.5,0,1,0,1,1
CUST2838,20,Male,Single,University,Employed,162,Current,3,275792,20,12,7,1,0.75,1,0,0,0,0
CUST0380,61,Female,Married,Secondary,Employed,160,Savings,4,479121,15,6,17,0,0.5,2,1,0,0,0
CUST2695,36,Female,Single,University,Employed,39,Savings,3,15544,15,14,16,0,0.55,2,1,1,0,1
CUST0664,21,Female,Married,Primary,Employed,23,Current,1,170730,20,10,5,0,0.54,1,0,0,0,0
CUST1185,23,Female,Married,None,Self-employed,19,Current,4,71499,15,11,6,0,0.53,2,0,1,0,0
CUST1457,42,Female,Married,None,Employed,11,Savings,4,121024,10,7,9,0,0.69,1,1,0,0,1
CUST2921,18,Female,Married,Secondary,Employed,110,Savings,3,303551,17,6,14,0,0.52,1,1,0,1,0
CUST2093,26,Male,Married,University,Employed,33,Savings,1,138618,11,6,10,0,0.86,1,1,0,0,0
CUST2485,29,Female,Married,Secondary,Employed,154,Current,3,241485,19,8,12,0,0.74,2,1,1,0,0
CUST1648,26,Female,Married,Primary,Self-employed,76,Fixed Deposit,3,170640,20,10,12,0,0.79,0,0,0,1,0
CUST1160,46,Male,Married,Secondary,Self-employed,33,Savings,2,166568,19,8,11,0,0.93,1,0,1,0,0
CUST2603,29,Male,Married,University,Self-employed,77,Savings,2,82992,11,7,15,0,1,1,1,0,1,0
CUST1992,25,Female,Married,University,Employed,106,Savings,2,65616,11,6,14,0,0.65,2,1,0,1,0
CUST1507,42,Female,Single,Primary,Employed,82,Current,3,179092,16,11,8,0,0.85,1,1,0,1,0
CUST1762,48,Female,Married,Secondary,Employed,44,Current,2,236097,18,6,8,0,0.77,1,1,1,0,0
CUST2356,51,Female,Married,Secondary,Employed,93,Savings,3,303169,13,5,15,0,0.5,1,1,0,0,1
CUST2394,38,Male,Single,Secondary,Employed,119,Savings,2,236062,15,6,9,1,0.89,1,0,1,0,0
CUST0539,44,Male,Single,Secondary,Unemployed,70,Fixed Deposit,1,14521,22,6,8,0,0.65,1,0,0,0,0
CUST2557,45,Male,Married,Secondary,Employed,98,Savings,2,500,8,13,9,0,0.69,0,1,1,1,0
CUST2888,26,Female,Single,Primary,Self-employed,81,Savings,1,358022,12,14,8,1,0.98,1,0,0,0,0
CUST2655,29,Female,Divorced,Secondary,Employed,135,Savings,1,50696,11,5,17,0,0.75,0,1,1,0,1
CUST0128,33,Male,Married,University,Self-employed,56,Savings,4,70732,15,9,18,0,0.89,1,0,0,0,1
CUST0055,36,Male,Married,University,Employed,77,Savings,3,49441,23,8,6,0,0.74,1,1,1,0,0
CUST1148,30,Female,Single,Secondary,Employed,157,Savings,1,101359,22,7,9,0,0.99,4,1,0,1,0
CUST1050,46,Male,Single,University,Self-employed,108,Savings,1,319317,11,10,10,1,0.75,2,1,1,0,0
CUST1209,24,Male,Married,University,Employed,33,Savings,1,560629,18,11,10,0,0.84,1,1,0,0,0
CUST1463,22,Female,Single,Secondary,Employed,57,Savings,2,270240,20,2,11,1,0.88,0,0,0,0,0
CUST2092,46,Female,Single,University,Employed,52,Current,2,18861,8,8,11,0,0.65,0,0,0,0,0
CUST2729,43,Male,Divorced,None,Employed,26,Savings,1,147681,13,12,14,0,0.66,2,0,0,0,0
CUST1660,26,Female,Married,Primary,Employed,117,Current,4,400931,10,11,9,1,0.58,3,1,1,0,1
CUST2766,37,Female,Married,University,Employed,92,Current,4,34578,11,5,16,2,0.51,1,0,0,0,1
CUST1304,32,Female,Married,Primary,Employed,152,Savings,2,29777,9,6,10,0,0.67,0,1,0,0,0
CUST2750,43,Male,Divorced,Primary,Self-employed,146,Savings,2,100807,13,7,12,0,0.77,1,1,1,0,0
CUST2937,29,Female,Divorced,University,Self-employed,179,Fixed Deposit,3,7053,10,7,9,0,0.56,1,1,0,0,0
CUST1786,25,Female,Single,University,Employed,110,Savings,1,140503,17,6,10,1,0.59,2,1,1,0,1
CUST2642,51,Female,Divorced,None,Employed,176,Fixed Deposit,2,22969,19,6,10,1,0.64,1,1,0,0,0
CUST1591,39,Male,Divorced,Primary,Employed,113,Savings,2,5679,17,4,10,0,0.52,1,1,1,0,0
CUST2234,36,Male,Single,Primary,Employed,108,Savings,2,32921,15,10,7,0,0.57,0,0,0,0,1
CUST0723,50,Male,Divorced,Primary,Unemployed,107,Savings,2,147190,12,9,12,0,0.53,2,0,0,0,0
CUST1911,31,Male,Single,Primary,Employed,57,Savings,2,254248,18,3,10,0,0.57,1,1,0,1,1
CUST0087,42,Male,Married,Secondary,Employed,127,Current,2,93110,19,8,9,0,0.94,0,1,0,0,1
CUST2198,27,Female,Married,Secondary,Employed,70,Savings,1,6039,11,6,7,0,0.62,1,1,1,0,1
CUST0340,30,Female,Married,Primary,Employed,172,Savings,1,21850,14,3,10,0,0.82,0,1,0,0,0
CUST2319,49,Female,Married,None,Employed,131,Savings,1,107656,10,5,11,0,0.87,0,0,0,0,0
CUST1833,27,Female,Single,Secondary,Self-employed,171,Current,3,1090528,9,4,18,0,0.96,0,1,0,0,0
CUST0798,41,Male,Married,Secondary,Self-employed,98,Current,2,202026,15,8,9,1,0.53,2,1,0,0,1
CUST1038,26,Female,Single,Primary,Self-employed,156,Current,2,624313,13,13,11,0,0.71,4,1,1,0,1
CUST1513,45,Female,Single,Secondary,Self-employed,54,Savings,1,233307,18,8,11,0,0.85,1,1,0,0,0
CUST0204,40,Female,Single,None,Self-employed,91,Current,1,73133,17,6,2,0,0.79,1,0,0,1,1
CUST2960,18,Male,Married,Primary,Employed,169,Savings,3,88174,19,7,7,0,0.56,1,0,1,0,0
CUST2069,19,Female,Married,Secondary,Unemployed,33,Savings,4,70573,15,8,16,0,0.68,1,1,1,1,0
CUST1770,43,Male,Single,University,Self-employed,79,Current,3,37274,17,7,6,0,0.58,2,0,1,0,1
CUST0680,25,Female,Single,Secondary,Self-employed,96,Savings,1,37239,13,8,14,0,0.65,0,1,0,1,0
CUST2152,45,Male,Divorced,None,Employed,156,Savings,2,52870,19,7,13,0,0.79,0,0,1,0,1
CUST2023,18,Female,Single,Secondary,Unemployed,112,Fixed Deposit,4,38056,16,9,9,0,0.79,2,1,0,0,1
CUST1379,61,Female,Single,Primary,Self-employed,100,Savings,1,97310,15,13,14,1,0.55,1,1,1,0,0
CUST2474,33,Female,Married,University,Self-employed,157,Savings,3,9592,14,5,13,0,0.52,1,0,0,0,0
CUST0445,42,Male,Married,Primary,Self-employed,151,Savings,2,292151,24,6,10,0,0.59,1,1,0,0,0
CUST2369,23,Female,Single,Secondary,Unemployed,152,Savings,2,44935,13,7,13,0,0.65,2,0,1,0,1
CUST1277,49,Male,Married,Secondary,Employed,63,Current,2,125232,15,8,13,0,0.66,0,1,0,0,0
CUST2927,40,Female,Married,University,Employed,74,Savings,1,211038,10,13,13,0,0.92,2,0,0,0,0
CUST0050,31,Male,Single,Primary,Employed,62,Savings,1,108609,21,4,8,2,0.55,1,0,1,0,1
CUST2169,18,Male,Married,Primary,Employed,125,Savings,2,269252,14,8,17,0,0.72,1,1,1,0,1
CUST1525,27,Female,Married,Secondary,Unemployed,10,Savings,3,58370,9,6,6,0,0.95,1,0,0,0,0
CUST2915,32,Female,Married,University,Employed,103,Savings,3,175517,8,10,7,0,0.68,1,1,1,0,0
CUST1253,26,Male,Married,Secondary,Unemployed,13,Current,3,159636,14,9,9,0,0.7,2,1,0,0,0
CUST1706,40,Male,Single,Secondary,Employed,15,Savings,2,53804,13,11,11,0,0.54,2,1,1,0,1
CUST0771,18,Male,Married,University,Employed,153,Savings,3,7779,14,7,9,0,0.97,1,1,0,0,1
CUST0341,36,Male,Married,Secondary,Self-employed,59,Current,3,73985,22,7,9,0,0.6,3,1,0,1,0
CUST0013,27,Male,Single,University,Self-employed,86,Current,1,195059,17,6,6,0,0.63,1,1,1,0,1
CUST2736,35,Female,Single,Secondary,Employed,6,Fixed Deposit,4,73825,24,8,8,1,0.94,1,1,0,1,0
CUST0893,27,Female,Married,Secondary,Self-employed,140,Savings,2,133594,17,12,6,0,0.74,1,1,0,0,0
CUST1419,38,Female,Divorced,Secondary,Employed,5,Current,4,556133,7,6,10,2,0.68,1,1,0,1,1
CUST2560,48,Female,Married,Secondary,Self-employed,166,Fixed Deposit,2,143944,13,7,9,0,0.8,1,1,1,0,0
CUST1409,44,Female,Married,Secondary,Employed,25,Current,3,213696,12,8,17,0,0.76,0,1,1,0,0
CUST2781,22,Female,Single,Secondary,Employed,163,Savings,3,95402,15,12,9,0,0.9,2,1,0,0,0
CUST1241,36,Male,Married,Primary,Employed,174,Fixed Deposit,1,16865,12,8,10,0,0.75,2,1,0,0,0
CUST2480,38,Male,Single,University,Employed,46,Current,2,2281,17,9,13,0,0.54,0,1,0,0,1
CUST0492,36,Female,Married,University,Unemployed,18,Current,2,166048,20,4,7,1,0.78,0,1,0,0,0
CUST2971,48,Male,Single,Primary,Self-employed,120,Current,1,28058,19,7,9,1,0.97,1,0,1,0,1
CUST2302,28,Male,Single,Secondary,Unemployed,2,Savings,3,15840,19,10,6,0,0.73,1,1,0,0,1
CUST0498,31,Male,Single,Primary,Employed,156,Savings,3,197231,16,12,11,1,0.86,2,0,0,1,0
CUST0961,31,Male,Married,Secondary,Employed,165,Current,4,225638,15,6,17,0,0.68,2,1,1,1,0
CUST2557,37,Male,Married,Primary,Self-employed,10,Current,1,9454,18,8,5,0,0.56,4,1,0,0,1
CUST2499,28,Male,Married,None,Employed,13,Savings,4,84126,8,5,12,1,0.89,2,1,0,0,1
CUST0403,31,Male,Married,Primary,Unemployed,154,Current,1,20069,8,8,11,0,0.98,2,0,0,0,0
CUST2441,55,Male,Married,Primary,Employed,29,Current,2,19949,16,10,14,0,0.88,1,0,0,0,0
CUST2706,51,Male,Married,Secondary,Employed,136,Current,2,275744,9,3,11,0,0.61,2,0,1,0,0
CUST0983,41,Female,Single,Primary,Unemployed,131,Savings,2,216841,17,10,12,0,0.54,0,0,0,0,0
CUST1215,32,Male,Single,Primary,Employed,67,Current,2,793,9,11,7,2,0.87,0,1,0,1,0
CUST1442,33,Female,Single,Primary,Unemployed,116,Current,2,122492,15,7,14,0,0.9,1,1,1,0,0
CUST2933,26,Female,Married,University,Self-employed,121,Current,1,209973,23,8,7,0,0.98,0,1,0,0,0
CUST0958,27,Female,Married,University,Employed,48,Savings,1,62268,13,7,13,0,0.56,0,1,0,0,1
CUST1150,47,Male,Single,Primary,Employed,33,Savings,1,77572,16,11,6,0,0.6,0,0,0,0,0
CUST0257,43,Female,Single,Secondary,Employed,114,Current,2,120222,9,11,10,0,0.85,0,1,0,1,0
CUST0102,18,Female,Single,Primary,Self-employed,44,Savings,1,192702,20,10,4,0,0.72,0,1,0,0,0
CUST2350,39,Male,Married,Secondary,Employed,115,Savings,1,24026,14,8,8,1,0.73,1,1,1,0,1
CUST2246,56,Female,Married,Primary,Unemployed,104,Savings,2,76089,18,12,14,0,0.6,0,1,1,0,1
CUST1932,32,Male,Married,University,Unemployed,37,Savings,1,196449,8,11,4,1,0.85,4,1,0,0,1
CUST2019,37,Male,Married,Secondary,Employed,54,Fixed Deposit,4,243156,14,7,6,0,0.6,0,1,0,0,0
CUST1923,40,Male,Divorced,Secondary,Unemployed,150,Savings,1,541663,6,5,12,0,0.94,2,0,1,0,0
CUST0403,34,Female,Married,Primary,Employed,139,Savings,1,72519,11,8,6,0,0.85,1,1,0,0,0
CUST1023,27,Female,Single,University,Employed,166,Savings,2,31150,12,5,15,0,0.6,1,1,1,1,0
CUST0515,27,Male,Married,Primary,Employed,83,Current,1,6535,11,10,9,1,0.61,2,1,0,1,1
CUST0420,38,Male,Single,Primary,Employed,82,Savings,4,137787,14,5,8,0,0.96,0,1,0,0,0
CUST2994,24,Male,Single,University,Employed,135,Fixed Deposit,1,344588,8,9,8,0,0.99,0,0,1,1,0
CUST0582,47,Female,Divorced,None,Employed,105,Savings,3,290867,12,5,13,0,0.87,1,1,1,0,0
CUST2621,41,Female,Single,Secondary,Self-employed,107,Current,4,192455,17,11,2,0,0.99,1,1,1,1,0
CUST1851,42,Male,Divorced,Primary,Employed,48,Savings,3,70869,16,5,9,0,0.78,1,1,0,0,1
CUST1233,37,Male,Married,Primary,Employed,146,Savings,1,96832,10,6,8,0,0.58,1,1,1,0,0
CUST2397,42,Female,Divorced,Secondary,Unemployed,176,Savings,2,45200,10,9,12,1,0.68,1,1,0,0,0
CUST2551,59,Female,Single,University,Employed,34,Savings,2,13407,14,9,9,0,0.97,1,1,0,0,0
CUST1078,39,Female,Single,University,Unemployed,174,Savings,4,119954,16,7,11,0,0.93,1,0,0,0,0
CUST2990,31,Male,Single,Secondary,Employed,64,Savings,1,312638,7,5,8,0,0.97,1,0,0,0,0
CUST1944,29,Female,Married,Secondary,Unemployed,25,Current,1,47451,19,14,9,1,0.95,0,1,0,1,0
CUST2751,54,Female,Married,Secondary,Self-employed,6,Current,2,27971,11,3,11,0,0.65,2,1,0,0,1
CUST1825,33,Female,Married,University,Self-employed,145,Current,4,17418,13,8,7,0,0.93,0,1,0,0,1
CUST1265,38,Female,Married,University,Employed,159,Savings,1,66425,15,3,12,0,0.6,1,0,0,0,1
CUST1311,29,Female,Single,University,Employed,93,Fixed Deposit,3,232525,13,6,6,0,0.78,1,1,0,0,0
CUST1902,25,Male,Married,University,Unemployed,137,Savings,1,198550,17,5,10,0,0.76,1,1,0,0,0
CUST2122,29,Female,Single,University,Employed,132,Current,1,21406,21,10,4,0,0.88,1,1,0,0,0
CUST1474,38,Male,Single,Secondary,Employed,129,Savings,1,350906,13,9,12,0,0.52,0,1,1,0,0
CUST2725,18,Female,Married,None,Unemployed,68,Savings,2,264493,11,7,13,0,0.98,0,1,0,0,1
CUST1658,28,Female,Married,Secondary,Self-employed,81,Savings,2,241999,16,9,8,0,0.57,2,1,0,1,1
CUST1659,37,Female,Single,University,Self-employed,143,Current,2,43973,14,6,8,0,0.54,0,0,0,1,0
CUST2617,26,Female,Married,Secondary,Self-employed,145,Savings,2,57377,16,6,13,0,0.63,3,0,1,0,0
CUST0767,41,Male,Married,Primary,Employed,19,Fixed Deposit,2,23688,12,10,10,0,0.77,1,1,0,0,0
CUST1125,34,Male,Single,Secondary,Employed,16,Fixed Deposit,3,325387,16,4,12,0,0.56,0,1,0,0,0
CUST2201,24,Female,Single,None,Employed,95,Current,2,62502,10,8,11,0,0.66,2,1,0,0,0
CUST2478,42,Female,Married,Secondary,Employed,135,Savings,4,127489,10,8,6,0,0.95,2,1,0,1,0
CUST0052,37,Female,Single,University,Self-employed,20,Savings,2,626753,9,14,11,0,0.52,0,1,1,0,0
CUST0773,36,Male,Single,Secondary,Employed,142,Savings,3,39280,11,7,11,1,0.91,1,1,1,1,0
CUST1668,48,Male,Married,Secondary,Employed,92,Savings,1,185883,11,4,11,0,0.69,2,1,1,0,1
CUST0162,21,Female,Married,Secondary,Employed,48,Fixed Deposit,2,323580,11,5,8,1,0.89,3,1,0,0,0
CUST0473,18,Female,Married,None,Employed,20,Current,1,411165,15,7,11,0,0.92,1,1,1,0,0
CUST2889,54,Female,Single,Secondary,Self-employed,148,Current,1,2336,14,10,6,0,0.62,1,1,1,0,0
CUST1052,38,Male,Married,Primary,Employed,165,Savings,1,119325,12,6,7,0,0.81,1,1,0,0,1
CUST2377,36,Male,Single,Secondary,Self-employed,45,Savings,1,13171,14,6,10,0,0.58,1,1,0,0,1
CUST0002,33,Male,Single,Primary,Employed,144,Savings,1,170747,22,8,10,0,0.92,0,1,0,0,0
CUST1251,44,Female,Married,Primary,Self-employed,20,Savings,1,128206,15,8,12,0,0.67,0,0,1,0,0
CUST1061,46,Female,Married,Secondary,Employed,118,Savings,2,44565,18,4,9,0,0.69,4,1,0,1,1
CUST2424,20,Male,Single,Primary,Employed,116,Savings,1,126437,17,7,7,0,0.83,0,1,0,1,0
CUST2149,26,Female,Married,Secondary,Employed,117,Current,1,388203,13,7,10,0,0.98,2,1,1,1,1
CUST2984,54,Male,Married,None,Employed,75,Savings,3,13512,19,7,10,0,0.97,1,0,0,0,0
CUST1334,24,Male,Married,Secondary,Employed,18,Savings,3,16717,8,11,13,0,0.71,0,1,0,0,0
CUST2350,30,Male,Single,Primary,Self-employed,120,Current,4,193527,16,11,4,1,0.59,2,1,0,0,0
CUST2955,45,Female,Single,University,Employed,34,Savings,3,306415,16,5,12,0,0.81,5,1,0,0,0
CUST0941,29,Female,Single,University,Self-employed,154,Fixed Deposit,1,13602,15,10,9,0,0.57,0,1,0,0,0
CUST0700,51,Male,Married,Secondary,Employed,98,Savings,3,48416,10,6,11,0,0.77,0,1,0,0,0
CUST1667,30,Female,Single,Secondary,Self-employed,130,Savings,2,88258,13,7,11,0,0.59,1,1,1,0,0
CUST1528,29,Female,Married,None,Employed,23,Savings,3,244921,17,15,13,0,0.93,0,1,0,0,0
CUST0715,42,Male,Single,Primary,Employed,14,Savings,1,501658,16,6,11,0,0.82,0,1,0,0,0
CUST0745,18,Female,Single,Primary,Employed,54,Current,3,328643,9,6,11,0,0.98,2,1,0,1,1
CUST2681,35,Male,Single,Secondary,Employed,92,Current,2,43607,17,8,8,0,0.66,0,1,1,0,0
CUST2847,31,Female,Married,Primary,Self-employed,16,Savings,1,115827,12,9,10,0,0.56,1,1,1,0,0
CUST0469,45,Male,Married,Primary,Self-employed,30,Current,1,187258,10,8,10,0,0.61,0,1,0,1,1
CUST1359,24,Male,Married,Primary,Employed,118,Savings,3,32852,17,8,6,0,0.62,2,1,0,1,0
CUST2081,30,Female,Married,Primary,Employed,165,Savings,3,296505,12,9,4,0,0.71,0,1,0,1,1
CUST2713,39,Female,Married,None,Unemployed,5,Savings,1,125932,16,9,10,0,0.8,2,1,1,0,1
CUST0520,35,Male,Married,Secondary,Employed,35,Savings,1,456669,20,10,10,0,0.79,0,0,0,0,0
CUST2999,29,Male,Single,Primary,Employed,62,Current,1,42432,11,8,10,0,0.9,0,1,1,1,1
CUST2426,21,Female,Married,Primary,Employed,70,Savings,1,106030,18,8,13,0,0.7,2,1,1,0,1
CUST1738,30,Female,Married,Primary,Unemployed,179,Savings,2,66677,18,6,10,0,0.98,1,1,1,0,1
CUST2979,43,Male,Single,Primary,Employed,90,Current,2,465359,17,8,8,0,0.67,1,1,0,0,0
CUST1753,56,Male,Single,Secondary,Self-employed,5,Current,2,130847,11,9,12,0,0.51,0,1,0,1,1
CUST0601,37,Male,Single,Secondary,Employed,154,Savings,2,312031,15,8,11,1,0.74,1,0,1,0,0
CUST1121,19,Male,Married,Secondary,Employed,64,Savings,1,136637,15,5,16,0,0.54,1,0,0,0,0
CUST1945,21,Female,Divorced,University,Self-employed,142,Savings,1,232939,19,10,11,0,0.63,4,0,1,0,0
CUST1774,31,Female,Married,Primary,Unemployed,97,Savings,2,58936,15,7,9,0,0.57,0,0,0,0,0
CUST1888,35,Male,Married,Secondary,Self-employed,22,Current,3,462055,22,10,17,0,0.54,2,0,0,1,1
CUST1359,31,Male,Single,Secondary,Employed,31,Savings,2,68458,18,2,8,0,0.88,1,1,0,0,0
CUST2611,34,Female,Married,University,Self-employed,93,Savings,1,77995,14,12,11,1,0.79,4,0,0,1,1
CUST2457,57,Female,Divorced,Primary,Employed,119,Savings,1,139427,11,11,2,0,0.51,2,1,0,0,0
CUST1730,24,Male,Married,Secondary,Employed,158,Savings,2,163944,12,13,8,0,0.69,0,1,0,0,0
CUST2009,26,Male,Married,Secondary,Employed,14,Fixed Deposit,2,504169,19,10,13,0,0.69,0,0,0,0,1
CUST2981,43,Female,Single,Primary,Employed,40,Savings,4,693311,13,6,10,1,0.53,1,1,0,0,1
CUST0923,39,Male,Divorced,University,Self-employed,114,Current,3,186236,17,9,10,0,0.98,1,1,1,1,0
CUST0147,38,Female,Married,Secondary,Self-employed,6,Savings,1,86428,13,3,11,0,0.71,0,1,0,0,0
CUST2172,59,Male,Single,Secondary,Employed,148,Current,1,236773,18,6,10,0,0.53,1,1,0,1,0
CUST0441,31,Male,Single,None,Self-employed,168,Savings,2,140533,13,8,8,0,0.77,0,1,0,0,0
CUST1750,29,Male,Single,Secondary,Employed,41,Current,1,20737,15,10,9,0,0.59,0,0,0,0,1
CUST1814,50,Female,Divorced,Secondary,Employed,40,Current,1,234519,15,9,16,0,0.89,2,1,0,0,1
CUST1840,20,Male,Married,Secondary,Employed,44,Savings,1,78718,25,5,10,0,0.89,1,0,1,1,0
CUST2812,29,Female,Single,Secondary,Self-employed,89,Current,2,72965,15,13,12,0,0.84,1,1,1,0,0
CUST0453,43,Female,Married,Secondary,Employed,37,Savings,2,109423,13,1,9,2,0.61,1,1,0,0,1
CUST2532,35,Male,Married,Secondary,Employed,136,Current,1,167977,14,14,11,1,0.63,2,1,0,0,0
CUST1506,41,Female,Single,Primary,Employed,23,Current,1,22088,22,10,7,0,0.5,1,1,0,0,1
CUST1578,42,Male,Married,Primary,Unemployed,76,Savings,2,170815,13,9,6,0,0.87,2,0,0,0,0
CUST0081,40,Male,Single,None,Employed,145,Savings,2,596596,13,17,13,0,0.89,2,0,0,0,0
CUST1405,42,Female,Single,Secondary,Self-employed,138,Savings,1,104634,18,9,7,0,0.98,2,0,0,0,0
CUST1797,28,Male,Single,Secondary,Employed,61,Savings,3,6168,13,7,15,1,0.76,1,1,0,0,1
CUST0874,33,Female,Married,Primary,Self-employed,32,Fixed Deposit,2,195171,16,7,16,0,0.74,1,1,0,0,0
CUST0954,40,Female,Married,Primary,Employed,27,Savings,1,31631,13,7,9,1,0.8,0,0,0,0,1
CUST1786,43,Female,Single,University,Self-employed,41,Current,1,236724,9,8,17,1,0.96,3,0,0,0,0
CUST0822,68,Female,Single,Secondary,Employed,143,Savings,2,254869,15,7,11,0,0.69,1,0,0,0,0
CUST0009,41,Female,Married,Secondary,Employed,176,Savings,1,42325,22,7,6,0,0.71,0,0,0,0,0
CUST1474,28,Male,Single,Primary,Employed,48,Current,2,1288,13,3,8,1,0.82,1,1,0,0,1
CUST1108,36,Female,Married,Primary,Self-employed,73,Savings,2,247408,15,11,14,0,0.6,1,1,0,0,0
CUST0052,22,Male,Single,University,Employed,143,Current,4,73408,17,7,9,0,0.63,1,0,1,0,1
CUST0401,42,Female,Single,Secondary,Employed,108,Savings,1,168866,22,6,8,0,0.57,1,0,0,0,0
CUST2616,38,Female,Single,Primary,Self-employed,84,Savings,3,109323,6,8,9,0,0.81,1,0,0,0,0
CUST1554,40,Female,Single,Primary,Self-employed,144,Fixed Deposit,3,17246,15,8,11,0,0.93,2,1,0,0,0
CUST0773,46,Male,Married,Primary,Employed,2,Savings,2,137475,9,8,8,0,0.8,2,1,0,0,1
CUST2103,38,Female,Married,Secondary,Unemployed,85,Savings,3,70499,12,8,10,0,0.58,1,1,1,0,0
CUST2549,31,Female,Married,None,Self-employed,171,Fixed Deposit,1,3466,14,12,6,1,0.59,1,1,0,0,0
CUST2043,46,Female,Divorced,Primary,Employed,171,Savings,2,64123,18,13,14,0,0.68,0,0,0,0,0
CUST2433,34,Male,Single,Primary,Employed,150,Current,3,13403,16,13,13,0,0.68,2,1,0,0,0
CUST1285,22,Male,Married,Secondary,Employed,95,Fixed Deposit,3,56818,11,4,5,0,0.5,1,1,1,1,0
CUST2183,38,Female,Single,Primary,Self-employed,43,Savings,3,190117,15,7,16,0,0.92,3,0,1,0,1
CUST0510,28,Male,Single,None,Employed,161,Savings,2,565488,16,7,14,0,0.97,3,1,0,0,0
CUST1766,43,Male,Married,Primary,Unemployed,170,Savings,4,58238,10,2,11,0,0.58,1,1,1,0,0
CUST1429,52,Male,Single,Secondary,Employed,7,Current,1,34522,12,10,16,0,0.8,1,1,1,0,0
CUST2936,26,Male,Single,Secondary,Employed,82,Current,1,6457,17,9,7,0,0.59,3,1,1,1,1
CUST1292,29,Female,Married,University,Employed,71,Current,1,252268,20,9,11,0,0.69,0,0,1,1,0
CUST0270,24,Male,Married,University,Employed,12,Savings,4,32739,19,8,9,0,0.64,1,1,1,0,0
CUST1009,22,Male,Single,Secondary,Unemployed,87,Savings,2,215895,16,6,10,0,0.64,0,1,0,0,0
CUST2125,29,Female,Single,Secondary,Self-employed,135,Savings,2,188612,12,8,10,0,0.75,2,0,0,1,0
CUST1646,18,Female,Divorced,Secondary,Employed,117,Savings,1,500,13,10,6,2,0.86,1,0,0,0,1
CUST2528,37,Male,Single,None,Employed,164,Savings,2,346631,20,7,12,0,0.77,1,1,1,0,0
CUST0535,39,Female,Single,University,Employed,135,Current,4,150725,19,5,6,0,0.79,0,1,1,0,0
CUST1846,35,Female,Single,Secondary,Unemployed,161,Savings,3,43898,16,8,16,0,0.54,0,1,0,0,0
CUST2125,39,Male,Single,None,Employed,58,Savings,2,235213,12,6,14,1,0.99,2,0,0,1,0
CUST0233,41,Female,Married,None,Employed,128,Current,1,93251,13,3,8,0,0.58,2,1,0,0,0
CUST1048,28,Female,Married,Primary,Employed,158,Current,1,729,17,6,11,0,0.68,0,1,0,0,0
CUST2016,42,Male,Single,Secondary,Employed,110,Savings,3,193472,15,9,10,0,0.75,2,0,1,0,0
CUST2840,39,Male,Single,Secondary,Employed,22,Savings,1,302894,7,8,7,0,0.92,2,1,0,0,0
CUST1391,33,Male,Single,Primary,Unemployed,83,Savings,1,19685,18,11,11,0,0.71,1,1,1,0,1
CUST1191,46,Male,Married,Primary,Self-employed,52,Savings,2,268953,20,9,12,0,0.53,1,1,0,0,0
CUST2149,44,Female,Single,Secondary,Employed,166,Savings,2,80714,21,12,8,0,0.64,3,1,0,1,0
CUST2641,24,Female,Divorced,University,Self-employed,35,Savings,1,189133,22,6,13,0,0.52,1,1,0,0,1
CUST1367,42,Female,Divorced,Primary,Employed,14,Savings,3,129838,11,6,8,0,0.95,1,1,1,0,0
CUST0341,18,Female,Married,Secondary,Employed,106,Current,4,183927,11,11,15,0,0.79,2,1,0,0,0
CUST0775,26,Female,Married,None,Employed,179,Savings,1,24344,16,15,5,0,0.58,0,0,0,1,0
CUST0951,24,Male,Married,Secondary,Employed,14,Current,2,178621,19,9,15,0,0.81,2,1,1,0,1
CUST0851,44,Female,Single,Secondary,Employed,101,Savings,1,101741,19,10,13,0,0.79,0,1,1,0,0
CUST0217,46,Male,Single,None,Employed,108,Savings,2,115719,9,8,13,0,0.93,0,1,1,1,0
CUST2949,35,Male,Married,Primary,Self-employed,87,Savings,1,85616,11,6,6,0,0.65,1,0,0,0,0
CUST2603,26,Male,Married,Primary,Employed,85,Savings,3,15960,12,8,8,0,0.85,0,1,0,1,0
CUST2912,43,Female,Married,Secondary,Self-employed,17,Savings,1,39635,19,5,12,1,0.64,0,1,0,0,0
CUST2859,35,Male,Single,Secondary,Employed,25,Current,1,522405,15,9,9,1,0.83,2,0,0,0,1
CUST2662,20,Female,Married,Secondary,Employed,109,Fixed Deposit,1,110084,18,10,5,1,0.6,0,1,0,1,0
CUST0125,45,Male,Single,None,Self-employed,22,Current,3,326892,22,4,9,0,0.52,1,1,0,1,1
CUST2123,44,Female,Married,Secondary,Employed,118,Savings,3,882390,15,12,10,0,0.65,0,1,0,0,0
CUST1279,38,Female,Single,None,Employed,113,Current,1,177982,13,10,7,0,0.59,1,1,0,0,0
CUST1297,48,Female,Married,Secondary,Employed,34,Savings,3,95611,16,7,7,1,0.61,1,1,0,0,1
CUST2266,51,Male,Married,Primary,Employed,77,Savings,3,133768,22,4,6,0,0.81,2,1,0,0,0
CUST1053,56,Female,Married,Primary,Self-employed,156,Savings,1,225583,13,12,9,0,0.92,2,1,0,0,0
CUST1500,46,Male,Married,Secondary,Employed,86,Current,2,82917,19,7,8,1,0.6,1,0,0,0,0
CUST0587,50,Female,Married,Secondary,Employed,75,Savings,2,89505,12,12,6,0,0.69,2,1,0,0,1
CUST1579,32,Male,Divorced,Primary,Employed,19,Fixed Deposit,2,35610,14,6,16,0,0.9,0,1,0,0,0
CUST0147,50,Female,Single,Secondary,Employed,114,Savings,1,1347,12,6,12,0,0.58,0,1,0,0,0
CUST2260,25,Female,Married,Primary,Employed,147,Savings,2,97172,13,7,9,0,0.67,0,1,0,1,1
CUST0276,53,Male,Married,Secondary,Employed,75,Savings,2,63918,10,9,10,1,0.87,1,1,0,1,0
CUST1543,31,Female,Single,University,Employed,23,Savings,3,390305,15,5,9,0,0.96,1,1,1,1,0
CUST1098,22,Female,Married,Primary,Self-employed,57,Fixed Deposit,4,3267,14,9,10,0,0.71,0,1,0,0,0
CUST1409,26,Female,Single,University,Self-employed,80,Fixed Deposit,1,93286,17,12,15,0,0.78,2,0,1,0,0
CUST0892,34,Female,Married,Primary,Self-employed,85,Savings,4,270873,21,6,15,2,0.67,4,0,0,0,1
CUST2793,18,Male,Married,Primary,Employed,29,Current,1,293208,16,6,11,0,0.79,3,1,1,0,1
CUST0823,42,Male,Divorced,Secondary,Self-employed,54,Savings,3,584286,10,6,10,0,0.54,2,0,0,0,0
CUST2664,47,Female,Married,Secondary,Employed,91,Current,1,18900,15,4,10,0,0.87,1,1,0,1,0
CUST1494,19,Male,Married,Primary,Employed,83,Savings,1,58274,24,7,10,1,0.91,3,1,0,0,0
CUST2718,53,Female,Married,Secondary,Employed,62,Current,2,116172,13,8,13,1,0.88,1,1,1,0,0
CUST0265,50,Male,Single,Primary,Self-employed,1,Savings,2,214052,15,8,7,0,0.69,0,1,1,0,0
CUST2969,32,Male,Married,None,Employed,71,Fixed Deposit,3,85826,15,6,9,0,0.6,0,1,0,0,0
CUST0910,39,Male,Single,Secondary,Self-employed,82,Savings,1,128778,19,6,12,0,0.78,0,1,0,0,0
CUST0031,26,Female,Single,Secondary,Employed,65,Savings,3,234948,17,10,11,0,0.93,1,1,1,0,1
CUST0261,30,Male,Married,University,Employed,87,Current,2,122357,13,9,15,1,0.62,2,1,0,0,0
CUST0021,38,Male,Single,University,Employed,116,Savings,2,50956,18,9,12,0,0.57,1,1,1,1,0
CUST2368,44,Male,Divorced,Secondary,Employed,87,Savings,3,91235,16,7,7,1,0.71,2,1,1,0,0
CUST2440,28,Female,Single,University,Self-employed,131,Savings,3,22082,9,9,9,1,0.8,2,0,0,0,1
CUST1370,33,Female,Single,Primary,Employed,36,Savings,1,191332,23,9,8,0,0.95,3,1,0,1,1
CUST1066,41,Female,Married,Primary,Unemployed,53,Savings,2,190587,10,9,7,1,0.89,0,1,0,0,0
CUST0357,38,Female,Married,Secondary,Employed,165,Current,1,2876,15,9,10,1,0.57,2,1,0,0,1
CUST1342,33,Male,Single,Primary,Employed,28,Savings,1,23735,19,6,7,0,0.67,2,0,0,0,0
CUST0011,30,Male,Single,University,Unemployed,71,Savings,3,103498,11,9,8,1,0.56,1,1,0,0,1
CUST0870,26,Female,Divorced,Primary,Self-employed,20,Current,2,73791,11,8,14,0,0.62,1,1,0,0,0
CUST2244,25,Male,Single,Secondary,Employed,121,Savings,3,158991,12,10,9,0,0.52,1,0,0,0,0
CUST0707,41,Male,Married,University,Employed,83,Fixed Deposit,2,72117,21,4,9,0,0.87,0,1,1,0,0
CUST1787,38,Female,Married,Secondary,Self-employed,173,Savings,3,410172,17,8,12,1,0.52,0,0,0,0,0
CUST0674,26,Female,Single,University,Employed,118,Savings,2,621328,14,10,6,0,0.76,0,0,0,0,0
CUST2545,49,Male,Married,Secondary,Employed,93,Savings,2,44859,22,5,9,0,1,3,1,0,0,0
CUST0358,18,Male,Single,Secondary,Self-employed,121,Savings,1,28676,16,7,8,0,0.82,1,1,1,1,1
CUST0194,31,Female,Married,Primary,Employed,120,Savings,3,607625,15,7,9,1,0.77,0,0,0,0,0
CUST2353,37,Male,Married,Primary,Self-employed,141,Savings,3,141704,21,13,11,0,0.82,1,1,0,1,0
CUST1923,18,Male,Single,Secondary,Employed,127,Savings,1,74134,14,7,8,1,0.72,0,1,0,0,0
CUST2137,48,Male,Single,None,Self-employed,115,Savings,3,245188,12,11,16,0,0.62,1,0,0,0,0
CUST0090,30,Male,Single,Secondary,Unemployed,127,Savings,2,242245,17,7,9,0,0.58,1,1,1,0,0
CUST0433,46,Female,Single,None,Self-employed,64,Fixed Deposit,2,21947,20,5,10,0,0.95,1,1,1,0,0
CUST2880,30,Female,Single,University,Employed,42,Current,4,260516,17,7,5,0,0.68,1,0,0,0,1
CUST0099,19,Female,Single,Secondary,Unemployed,138,Current,2,146391,13,5,14,0,0.75,1,1,1,1,0
CUST2871,42,Male,Single,Secondary,Employed,119,Fixed Deposit,2,61628,20,10,10,1,0.5,1,1,1,1,0
CUST1970,32,Female,Married,Secondary,Employed,57,Savings,1,29690,22,7,18,1,0.68,1,1,0,0,0
CUST1064,34,Female,Single,University,Employed,125,Savings,1,16900,20,8,11,1,0.51,1,0,0,0,0
CUST1897,32,Male,Single,Primary,Employed,175,Current,3,57979,6,5,16,0,0.85,2,1,0,0,0
CUST2710,34,Female,Married,Primary,Self-employed,113,Savings,2,165847,15,7,9,0,0.93,1,1,0,0,0
CUST2765,29,Female,Single,Secondary,Employed,120,Savings,1,87910,18,7,16,0,0.73,3,0,0,0,1
CUST0183,30,Female,Married,University,Unemployed,106,Savings,4,6824,19,6,12,0,0.92,1,1,0,0,1
CUST1340,31,Female,Married,Secondary,Self-employed,24,Savings,2,610847,17,4,11,0,0.67,1,1,0,0,0
CUST0990,45,Male,Single,Secondary,Employed,162,Savings,3,5382,15,3,10,0,0.59,0,1,0,0,0
CUST2711,21,Male,Single,Secondary,Employed,78,Savings,3,215092,13,8,7,1,0.58,1,1,0,0,0
CUST1277,42,Female,Single,Secondary,Employed,79,Current,3,181432,10,12,12,0,0.88,0,1,1,0,0
CUST0883,34,Male,Married,Secondary,Self-employed,161,Savings,2,76355,24,10,9,0,0.68,1,1,0,0,1
CUST0442,43,Male,Married,None,Unemployed,49,Savings,4,506423,16,8,7,0,0.52,2,1,0,0,0
CUST1378,35,Female,Married,None,Employed,23,Current,3,394301,16,10,8,0,0.82,2,0,0,0,0
CUST1141,18,Female,Divorced,None,Employed,145,Savings,1,28915,10,5,7,0,0.71,3,1,0,0,1
CUST0349,19,Male,Divorced,Secondary,Employed,135,Current,1,78280,22,7,14,0,1,2,1,0,0,0
CUST2439,25,Female,Single,Primary,Self-employed,178,Savings,2,83953,14,8,10,0,0.9,3,1,0,0,0
CUST2182,35,Female,Married,Secondary,Employed,47,Current,2,79797,21,7,15,0,0.69,2,1,0,1,0
CUST2162,36,Male,Married,University,Self-employed,114,Savings,4,77402,8,6,7,0,0.55,0,1,0,0,1
CUST2935,31,Male,Married,Primary,Employed,20,Savings,4,310075,15,5,17,0,0.87,1,0,0,0,0
CUST2803,31,Male,Single,Secondary,Self-employed,150,Fixed Deposit,1,194059,20,6,10,0,0.58,0,1,0,0,0
CUST2717,37,Male,Single,None,Self-employed,27,Current,1,802251,11,9,8,0,0.87,3,0,1,0,0
CUST1749,22,Female,Married,Primary,Employed,8,Savings,2,64509,19,3,12,0,0.75,1,1,1,0,0
CUST1824,29,Male,Married,Primary,Employed,5,Savings,1,95387,13,9,12,0,0.55,0,0,1,0,1
CUST1143,23,Female,Divorced,Secondary,Unemployed,159,Fixed Deposit,2,49797,20,17,11,0,0.62,2,1,1,0,0
CUST0637,49,Male,Married,Secondary,Unemployed,11,Savings,2,87148,15,13,5,0,0.64,2,0,1,0,0
CUST0314,18,Male,Single,Primary,Employed,174,Fixed Deposit,3,16005,10,13,5,1,0.54,0,1,1,0,1
CUST1922,18,Female,Single,University,Employed,43,Current,2,26759,21,3,6,0,0.87,0,1,0,0,0
CUST2936,18,Male,Married,Primary,Self-employed,120,Savings,2,282274,19,3,8,0,0.53,1,1,0,0,0
CUST0873,34,Male,Married,Secondary,Self-employed,77,Current,1,31928,16,7,12,0,0.88,0,1,1,0,0
CUST2827,35,Male,Single,University,Employed,108,Savings,1,151986,13,6,5,0,0.91,3,1,1,1,0
CUST2578,30,Male,Married,None,Unemployed,136,Current,4,98149,11,10,8,0,0.56,2,1,1,1,0
CUST0257,29,Male,Single,Secondary,Employed,97,Savings,1,193495,6,6,14,0,0.65,0,1,1,0,0
CUST0336,41,Male,Single,University,Employed,21,Fixed Deposit,1,10401,19,7,15,0,0.93,3,1,0,0,1
CUST2889,22,Male,Married,Secondary,Employed,63,Current,2,377259,13,11,9,1,0.96,3,1,0,1,0
CUST1059,34,Female,Married,University,Employed,177,Current,3,37795,19,7,9,0,0.65,1,1,0,0,0
CUST2805,34,Male,Married,Secondary,Employed,146,Current,3,140125,20,14,9,0,0.75,1,1,0,0,0
CUST1302,28,Female,Single,Primary,Employed,120,Savings,2,269106,23,7,11,0,0.97,1,1,0,0,0
CUST1336,37,Male,Married,University,Employed,130,Savings,1,117311,14,4,9,0,0.58,2,1,0,0,1
CUST0517,43,Male,Married,University,Self-employed,1,Fixed Deposit,1,52215,17,3,10,0,0.54,0,0,0,0,0
CUST0001,30,Female,Single,Primary,Self-employed,139,Fixed Deposit,3,89313,14,6,12,0,0.82,0,0,1,1,1
CUST2040,28,Male,Married,Primary,Employed,51,Savings,2,46014,13,9,12,0,0.68,3,0,0,1,1
CUST0110,54,Male,Single,Secondary,Self-employed,18,Current,2,406534,16,6,10,0,0.54,2,0,0,1,1
CUST0076,33,Male,Married,Secondary,Self-employed,8,Savings,1,59473,19,8,13,1,0.96,0,1,0,0,1
CUST2577,18,Male,Single,Secondary,Employed,34,Fixed Deposit,2,137350,9,9,12,1,0.76,2,1,0,1,1
CUST2373,41,Female,Married,Primary,Self-employed,34,Savings,1,35507,26,10,11,0,0.58,2,1,0,0,0
CUST1137,43,Female,Single,Secondary,Employed,132,Current,1,263453,19,10,13,0,0.6,1,0,0,0,0
CUST0858,33,Male,Married,Primary,Employed,14,Current,1,104501,14,13,8,0,0.86,1,1,1,0,0
CUST0489,49,Female,Married,University,Employed,91,Savings,1,27339,14,3,14,0,0.9,1,1,0,0,1
CUST0311,30,Female,Married,Secondary,Employed,141,Savings,1,122724,15,4,14,0,0.6,2,1,0,1,0
CUST1529,36,Male,Single,Primary,Self-employed,29,Savings,3,144900,13,9,17,0,0.92,2,1,0,0,0
CUST1136,25,Male,Married,University,Self-employed,54,Savings,3,449783,12,7,10,0,0.52,0,1,0,0,0
CUST2607,32,Male,Married,Primary,Self-employed,45,Current,2,138705,21,4,7,2,0.82,3,0,0,1,1
CUST2620,26,Male,Single,Secondary,Employed,5,Savings,1,19616,20,9,10,0,0.99,3,0,0,0,0
CUST2970,18,Male,Single,Secondary,Unemployed,102,Current,4,57655,12,6,9,0,0.91,2,0,0,1,0
CUST2822,35,Male,Married,University,Employed,28,Savings,1,260721,19,18,18,0,0.52,0,1,0,0,0
CUST1646,19,Male,Single,Primary,Employed,54,Savings,1,173169,18,4,15,0,0.78,2,0,0,0,1
CUST2264,34,Male,Married,Primary,Unemployed,167,Savings,2,103043,18,6,7,0,0.94,1,0,0,0,0
CUST1540,46,Female,Single,University,Employed,140,Savings,2,543990,16,4,10,1,0.83,1,1,0,0,1
CUST1711,30,Male,Single,Primary,Self-employed,176,Savings,1,264789,18,5,10,0,0.92,1,1,0,1,0
CUST1376,18,Female,Married,Secondary,Unemployed,5,Savings,2,356509,12,8,8,0,0.51,0,1,1,0,1
CUST1438,33,Female,Single,University,Employed,54,Savings,3,243480,12,7,14,0,0.57,1,1,1,0,1
CUST2126,32,Male,Divorced,Primary,Employed,159,Savings,1,41073,16,13,10,0,0.88,0,1,0,1,0
CUST1784,27,Female,Married,Secondary,Employed,106,Savings,4,82091,15,7,13,0,0.54,0,1,0,0,0
CUST2766,53,Male,Married,None,Employed,62,Savings,1,128772,20,8,11,0,0.6,4,0,1,0,1
CUST1018,28,Female,Single,University,Self-employed,28,Fixed Deposit,3,58172,13,7,7,1,0.96,0,1,0,0,0
CUST0685,51,Male,Divorced,Secondary,Self-employed,79,Current,1,629872,15,12,10,0,0.77,3,0,0,0,0
CUST2210,30,Male,Single,Secondary,Employed,4,Fixed Deposit,3,76917,13,8,6,0,0.85,1,1,0,0,0
CUST0256,36,Female,Single,Secondary,Employed,161,Savings,4,11797,21,4,12,0,0.8,3,0,0,0,0
CUST2187,33,Male,Single,University,Unemployed,100,Current,2,27884,14,11,15,0,0.84,2,1,0,0,0
CUST2926,29,Female,Single,Primary,Self-employed,151,Current,3,48002,17,5,8,0,0.59,0,0,1,0,0
CUST2710,26,Male,Single,Primary,Employed,136,Savings,2,408615,13,10,9,0,0.83,1,0,0,0,1
CUST2804,27,Female,Married,Primary,Self-employed,176,Savings,3,248700,18,15,10,1,0.9,0,1,0,0,0
CUST1834,27,Male,Divorced,Primary,Employed,83,Current,2,339123,24,10,9,0,0.53,1,1,0,0,1
CUST2479,38,Male,Married,Secondary,Employed,67,Current,3,111954,16,7,10,1,0.72,0,1,0,0,0
CUST0520,31,Female,Married,Secondary,Unemployed,83,Current,1,79025,10,5,11,0,0.61,0,1,1,0,0
CUST2977,33,Male,Married,Secondary,Self-employed,67,Savings,4,38712,11,6,14,0,0.79,0,0,0,0,1
CUST2166,35,Female,Single,Secondary,Self-employed,14,Current,1,144106,17,8,9,1,0.87,2,0,0,1,1
CUST0990,34,Female,Single,Secondary,Employed,23,Savings,1,47995,17,3,16,0,0.81,0,0,0,0,1
CUST1729,23,Female,Single,University,Employed,50,Savings,4,108379,14,2,7,0,0.8,0,1,0,0,1
CUST0655,34,Male,Single,None,Self-employed,3,Current,3,2268,16,5,10,0,0.71,4,1,0,0,0
CUST0227,28,Male,Married,Secondary,Employed,20,Current,1,160109,15,12,9,0,0.97,1,0,0,0,0
CUST1753,34,Male,Single,Secondary,Self-employed,21,Savings,3,112719,19,9,9,0,0.52,2,0,1,0,0
CUST2540,27,Female,Married,Secondary,Employed,99,Savings,1,110341,20,4,11,0,0.69,0,0,0,0,1
CUST1237,32,Female,Married,Secondary,Self-employed,47,Current,1,215528,16,9,9,1,0.59,0,1,0,0,0
CUST2685,33,Male,Married,None,Unemployed,162,Savings,2,3689,15,12,8,0,0.77,2,1,0,0,0
CUST0480,60,Male,Married,University,Unemployed,141,Fixed Deposit,2,37060,15,5,5,0,0.8,2,0,0,0,0
CUST1405,18,Male,Married,Secondary,Employed,175,Savings,2,45214,14,9,15,0,0.71,2,0,0,0,0
CUST0570,36,Male,Married,Secondary,Self-employed,8,Savings,1,50318,17,6,10,0,0.57,0,0,0,0,0
CUST0273,34,Male,Married,University,Self-employed,131,Savings,1,54550,20,12,11,0,0.69,0,1,0,0,1
CUST2290,29,Female,Married,Primary,Employed,13,Current,2,26449,16,7,12,0,0.9,0,1,0,0,0
CUST0959,28,Male,Single,University,Employed,148,Savings,1,196568,16,8,12,0,0.92,0,0,0,0,0
CUST0088,35,Female,Single,Secondary,Employed,110,Savings,2,500,17,9,6,0,0.78,1,1,0,0,0
CUST0296,39,Female,Married,University,Self-employed,164,Savings,1,65150,19,7,4,0,0.58,1,1,1,0,0
CUST2007,33,Female,Married,Secondary,Employed,11,Current,2,107507,16,6,13,0,0.56,2,0,0,1,0
CUST2055,21,Male,Single,None,Employed,68,Current,4,11324,19,10,10,0,0.75,3,0,0,0,0
CUST0674,43,Male,Married,Secondary,Employed,167,Fixed Deposit,1,333752,9,7,8,0,0.82,2,0,1,0,0
CUST1729,39,Female,Married,Secondary,Self-employed,27,Savings,3,224483,11,4,11,0,0.52,1,1,1,1,1
CUST1271,28,Female,Married,Secondary,Employed,132,Fixed Deposit,3,148711,15,16,9,0,0.96,2,1,1,0,0
CUST2685,42,Female,Married,Secondary,Employed,159,Savings,1,216829,15,4,10,1,0.99,1,0,0,0,0
CUST0526,37,Male,Married,Secondary,Unemployed,87,Savings,1,99247,14,5,7,0,0.89,3,1,1,0,1
CUST2392,31,Male,Married,Secondary,Employed,60,Current,2,43255,9,9,13,0,0.62,0,1,0,1,0
CUST2692,38,Female,Single,Primary,Unemployed,46,Fixed Deposit,2,1041788,15,4,9,0,0.86,3,1,0,1,0
CUST1070,31,Female,Divorced,University,Unemployed,169,Savings,2,81222,15,13,14,1,0.74,0,0,0,0,0
CUST2865,22,Male,Single,Secondary,Unemployed,48,Savings,2,24216,21,7,8,0,0.58,0,1,0,0,0
CUST0964,34,Female,Married,Secondary,Employed,17,Savings,3,155530,10,7,8,0,0.77,0,1,1,0,0
CUST2974,58,Female,Single,None,Self-employed,108,Savings,1,318063,14,7,9,0,0.99,1,1,0,1,0
CUST1512,37,Female,Married,Primary,Self-employed,65,Savings,3,273471,12,7,7,0,0.58,1,0,0,0,0
CUST2709,30,Male,Single,Primary,Employed,98,Savings,3,33383,17,7,12,0,0.58,0,0,1,1,0
CUST1703,41,Female,Single,Secondary,Employed,69,Current,1,162159,8,10,10,0,0.54,1,1,0,0,0
CUST2349,30,Male,Divorced,University,Self-employed,168,Savings,2,24055,20,3,11,0,0.92,1,1,0,0,0
CUST1002,23,Male,Single,Secondary,Employed,49,Savings,2,97746,19,8,8,1,0.75,0,1,0,0,0
CUST2248,26,Female,Single,Primary,Employed,51,Current,1,11689,16,11,9,0,0.99,0,1,1,0,0
CUST0289,45,Male,Married,None,Employed,11,Current,3,325728,15,6,9,0,0.74,2,1,1,0,0
CUST0743,46,Female,Divorced,Secondary,Employed,142,Savings,4,10931,9,6,8,0,0.9,1,1,0,1,0
CUST0043,30,Female,Married,Secondary,Self-employed,167,Fixed Deposit,1,185257,9,11,11,0,0.77,0,1,0,0,0
CUST2048,49,Male,Married,Secondary,Employed,105,Current,1,133808,21,5,6,1,0.59,2,1,1,0,0
CUST2603,28,Male,Married,Secondary,Employed,63,Savings,4,500,11,14,8,0,0.6,2,0,1,0,0
CUST2866,40,Male,Single,Primary,Employed,76,Savings,4,26359,12,14,6,0,0.98,1,1,0,0,0
CUST1117,18,Female,Single,Secondary,Employed,140,Fixed Deposit,3,155062,21,4,10,0,0.54,1,1,0,1,0
CUST0644,37,Female,Married,Secondary,Employed,90,Savings,3,82386,16,14,4,1,0.56,1,0,0,0,1
CUST2966,53,Male,Single,Secondary,Employed,12,Savings,3,57978,10,8,10,0,0.62,2,1,0,0,0
CUST2608,18,Female,Married,None,Employed,147,Savings,1,20607,14,11,5,0,0.83,0,1,0,0,0
CUST1359,27,Male,Married,None,Self-employed,137,Savings,1,49267,11,9,11,0,0.98,2,1,0,0,0
CUST2919,53,Male,Single,Secondary,Employed,128,Savings,4,44309,10,6,7,0,0.62,1,0,1,0,0
CUST1524,35,Female,Married,Secondary,Employed,144,Current,1,67713,20,7,9,0,0.61,1,1,0,0,0
CUST0208,50,Female,Single,Primary,Employed,43,Savings,1,178173,19,10,8,0,0.88,1,1,0,0,1
CUST0771,39,Female,Married,University,Unemployed,164,Savings,2,65174,11,7,14,0,0.84,1,0,0,0,0
CUST2358,55,Female,Married,Secondary,Employed,37,Savings,2,378604,12,6,12,0,0.72,1,1,0,1,0
CUST0191,34,Male,Single,Secondary,Self-employed,72,Savings,3,80195,21,9,12,0,0.98,1,0,1,0,1
CUST2053,33,Male,Single,University,Employed,135,Savings,2,42116,16,4,12,0,0.57,3,1,0,0,0
CUST2636,18,Male,Married,Secondary,Employed,167,Savings,3,74043,17,7,8,0,0.89,0,1,0,1,1
CUST1210,24,Male,Single,Secondary,Employed,39,Savings,3,140238,16,7,10,1,0.74,2,1,0,0,1
CUST1697,30,Female,Married,University,Employed,20,Current,3,38760,14,10,14,0,0.88,1,0,0,0,0
CUST0580,44,Female,Married,None,Employed,116,Savings,2,329505,18,6,4,0,0.9,2,1,0,0,0
CUST1132,33,Female,Married,University,Unemployed,57,Fixed Deposit,2,66114,20,11,12,0,0.9,4,1,0,0,0
CUST1536,47,Male,Married,Secondary,Employed,126,Savings,2,506447,9,6,12,1,0.78,1,0,1,0,0
CUST1542,55,Female,Married,None,Unemployed,140,Savings,1,345816,12,12,16,1,0.98,3,1,0,0,0
CUST1037,42,Female,Single,University,Self-employed,44,Savings,3,31765,13,6,11,2,0.54,0,1,0,1,0
CUST1992,37,Male,Married,University,Self-employed,120,Savings,2,21004,10,7,6,0,0.57,0,1,0,0,1
CUST0033,20,Female,Married,University,Employed,174,Fixed Deposit,1,29742,17,10,12,0,0.84,1,1,0,0,0
CUST0259,45,Male,Single,Primary,Employed,143,Savings,1,282521,12,6,13,0,0.85,2,1,0,0,0
CUST1262,53,Female,Single,Secondary,Self-employed,155,Savings,2,49886,16,15,13,0,0.94,0,1,1,0,0
CUST0918,32,Female,Married,None,Unemployed,111,Savings,1,275589,14,10,13,0,0.6,0,0,0,0,1
CUST2033,32,Male,Married,Secondary,Employed,96,Current,2,146225,11,4,8,0,0.86,0,0,1,0,0
CUST2623,44,Female,Married,Secondary,Self-employed,118,Savings,3,14538,15,8,9,0,0.79,1,1,0,1,1
CUST0636,34,Female,Married,University,Employed,4,Fixed Deposit,4,805134,17,6,9,0,0.87,1,0,0,0,1
CUST1204,19,Male,Single,None,Employed,138,Savings,3,5058,17,6,5,0,0.55,0,1,0,0,1
CUST1843,24,Female,Single,Secondary,Self-employed,119,Savings,3,212886,17,7,8,0,0.94,0,0,0,0,1
CUST2393,47,Male,Single,Primary,Employed,154,Savings,2,20082,19,9,7,0,0.69,1,1,0,0,0
CUST1334,50,Male,Married,University,Employed,29,Current,3,42809,13,8,11,0,0.86,3,0,1,1,1
CUST1175,32,Male,Single,Secondary,Employed,116,Savings,3,68893,19,9,11,0,0.95,2,1,1,1,1
CUST0647,43,Male,Married,University,Self-employed,28,Savings,3,8304,17,12,11,0,0.85,3,1,0,0,0
CUST2581,19,Male,Single,Primary,Self-employed,87,Savings,4,225230,14,7,10,0,0.87,1,0,0,0,0
CUST1698,32,Male,Married,Primary,Employed,177,Current,4,240015,15,10,10,1,0.78,2,1,1,0,0
CUST2081,31,Male,Divorced,Primary,Employed,126,Savings,4,175575,16,10,4,0,0.99,0,0,0,0,0
CUST1376,37,Female,Divorced,Primary,Self-employed,147,Savings,1,44894,17,7,10,0,0.6,1,1,0,0,0
CUST1661,29,Male,Single,Primary,Self-employed,18,Current,2,358892,12,11,8,0,0.73,1,0,0,0,1
CUST1705,31,Male,Married,Secondary,Employed,28,Savings,2,38421,18,6,10,0,0.93,1,0,0,0,0
CUST1177,36,Female,Married,Secondary,Employed,18,Savings,2,223375,18,6,10,0,0.82,2,0,0,0,0
CUST0030,25,Female,Married,Primary,Unemployed,37,Savings,3,57537,20,12,13,0,0.62,1,1,0,1,1
CUST0328,25,Male,Married,Secondary,Self-employed,114,Savings,2,166949,11,13,23,1,0.78,0,0,1,0,1
CUST1470,43,Female,Married,University,Self-employed,179,Savings,2,3155,13,8,6,0,0.9,0,1,0,0,0
CUST1279,25,Male,Single,Primary,Self-employed,130,Current,4,167467,16,11,7,0,0.53,1,0,0,0,0
CUST2606,46,Male,Single,Secondary,Self-employed,134,Savings,1,35566,8,10,8,0,0.51,2,1,0,0,0
CUST0319,20,Male,Married,Primary,Unemployed,14,Savings,4,229718,19,6,10,0,0.63,2,0,1,1,0
CUST0190,33,Male,Married,Primary,Self-employed,40,Current,1,490820,19,9,6,0,0.89,0,1,0,1,0
CUST1700,18,Female,Single,University,Employed,85,Fixed Deposit,2,87253,12,7,8,0,0.84,0,1,0,0,0
CUST1979,37,Female,Divorced,Secondary,Employed,74,Savings,2,63052,25,10,8,0,0.82,2,0,1,0,0
CUST1671,37,Female,Married,University,Employed,84,Current,2,35352,12,8,6,0,0.74,1,1,1,0,1
CUST0310,41,Male,Single,Primary,Employed,24,Savings,1,22437,17,7,7,0,0.59,1,1,0,0,0
CUST0692,25,Male,Married,None,Employed,160,Savings,2,5114,13,8,11,1,0.88,2,1,0,0,0
CUST0286,18,Male,Divorced,University,Unemployed,121,Savings,4,75078,21,11,9,0,0.78,0,1,0,0,0
CUST2128,32,Male,Divorced,Primary,Employed,33,Current,1,227515,23,4,11,0,0.98,0,0,0,1,0
CUST2138,20,Male,Divorced,Primary,Employed,122,Current,2,79785,17,7,11,0,0.6,0,1,1,1,0
CUST0691,32,Male,Single,None,Employed,56,Savings,2,99176,14,8,16,1,0.93,1,1,0,0,1
CUST2850,44,Male,Single,Secondary,Unemployed,33,Current,3,39725,22,7,9,0,0.84,0,1,0,0,1
CUST0112,41,Male,Married,None,Employed,35,Fixed Deposit,1,103640,13,6,10,0,0.89,1,0,0,0,0
CUST1869,46,Female,Single,Primary,Employed,171,Current,3,114115,13,7,5,0,0.97,2,1,0,0,1
CUST1286,39,Male,Married,Secondary,Employed,130,Savings,3,366825,16,6,10,1,0.89,0,1,1,0,0
CUST0049,36,Female,Single,Secondary,Self-employed,20,Savings,1,81832,8,8,11,0,0.76,1,0,0,0,0
CUST0810,52,Male,Married,Secondary,Unemployed,167,Current,3,7109,14,12,10,0,0.89,1,1,1,0,0
CUST1635,38,Male,Single,University,Employed,107,Current,2,163317,14,9,8,0,0.78,1,0,0,0,0
CUST2920,41,Male,Married,Secondary,Employed,172,Savings,3,107141,19,3,17,0,0.87,0,1,0,0,0
CUST1420,44,Female,Single,University,Employed,172,Fixed Deposit,1,3273,19,12,9,0,0.69,1,1,1,1,1
CUST2449,31,Male,Single,Secondary,Employed,73,Current,1,321505,11,10,15,0,0.57,0,0,0,0,1
CUST2813,30,Female,Divorced,Primary,Employed,149,Current,2,137248,17,10,7,0,0.6,2,0,1,0,1
CUST2117,22,Male,Divorced,Secondary,Employed,91,Current,3,110046,8,3,11,0,0.9,1,1,0,1,0
CUST0076,35,Female,Single,Secondary,Employed,142,Savings,2,28755,9,9,10,0,0.96,0,0,1,0,1
CUST1091,41,Female,Single,Secondary,Unemployed,7,Savings,2,25596,13,10,8,0,0.9,0,0,0,0,0
CUST2328,30,Female,Single,Secondary,Employed,171,Savings,1,52396,18,12,7,0,0.59,0,0,0,0,0
CUST1042,39,Male,Married,Secondary,Employed,130,Savings,2,82904,13,6,15,0,0.61,1,1,0,0,0
CUST2838,36,Female,Married,Primary,Employed,95,Current,1,207388,9,11,5,0,0.67,2,1,1,0,0
CUST0261,39,Female,Married,Primary,Employed,34,Savings,3,367219,16,10,11,0,0.96,1,1,1,1,1
CUST2117,28,Male,Married,University,Employed,72,Savings,1,169556,17,6,11,1,0.8,0,1,0,0,1
CUST0041,31,Female,Married,Primary,Employed,175,Current,2,23866,16,9,9,0,0.63,1,1,0,0,0
CUST2263,31,Male,Single,Secondary,Employed,57,Savings,3,357608,14,6,11,0,0.83,0,1,0,1,0
CUST2783,35,Male,Married,Primary,Self-employed,179,Savings,3,3670,16,9,9,0,0.7,1,1,0,0,0
CUST2864,39,Male,Single,University,Employed,105,Savings,1,44112,21,5,4,0,0.9,0,0,0,0,1
CUST1947,32,Male,Married,Primary,Employed,25,Savings,2,117563,12,8,6,0,0.63,2,1,1,1,0
CUST1194,18,Female,Married,Secondary,Employed,8,Savings,1,128786,21,12,12,0,0.99,1,0,0,1,0
CUST0651,29,Male,Single,University,Employed,37,Current,1,342785,9,8,7,0,0.55,1,0,1,0,1
CUST1114,23,Female,Single,Secondary,Self-employed,154,Current,3,72313,16,7,12,1,0.77,1,1,1,0,0
CUST2801,28,Male,Single,Secondary,Self-employed,179,Savings,1,39352,16,8,9,1,0.71,1,1,1,0,1
CUST0771,38,Female,Single,Primary,Employed,55,Savings,1,7046,20,4,8,0,0.72,1,1,1,0,1
CUST2208,38,Female,Married,Secondary,Self-employed,42,Savings,4,17874,12,7,14,0,0.85,0,0,0,0,1
CUST0397,50,Male,Married,Primary,Employed,19,Savings,2,500,15,2,8,1,0.72,0,1,0,1,0
CUST1897,33,Female,Single,Secondary,Employed,174,Fixed Deposit,2,661800,16,5,13,0,0.91,1,1,1,1,0
CUST1764,29,Female,Married,Secondary,Self-employed,59,Savings,2,199861,14,7,14,0,0.6,4,1,0,1,1
CUST1628,35,Female,Single,University,Self-employed,96,Current,3,85031,15,8,7,0,0.7,1,1,0,0,0
CUST2977,27,Female,Married,Secondary,Employed,169,Savings,2,12884,15,8,11,0,0.71,1,1,0,0,0
CUST1102,41,Male,Single,Secondary,Self-employed,162,Savings,4,395405,11,6,12,0,0.85,1,1,0,0,0
CUST0106,38,Male,Married,University,Self-employed,149,Savings,2,150708,12,6,11,0,0.59,0,1,0,0,0
CUST1119,37,Female,Single,University,Self-employed,44,Savings,1,23634,18,10,15,0,0.72,3,1,0,0,0
CUST1715,45,Male,Single,Secondary,Employed,62,Current,3,93654,16,11,9,0,0.76,1,1,1,0,0
CUST2305,51,Male,Single,University,Employed,125,Savings,1,176461,16,7,12,0,0.79,0,0,0,0,0
CUST0928,31,Male,Married,Secondary,Employed,87,Savings,1,48061,13,11,8,0,0.84,1,0,0,1,0
CUST2719,47,Female,Married,Secondary,Employed,74,Savings,2,12078,13,12,8,0,0.84,0,1,1,0,0
CUST2646,37,Female,Single,Primary,Employed,159,Current,2,150654,12,9,16,0,0.51,2,0,1,0,1
CUST0765,51,Male,Married,Primary,Employed,46,Savings,1,90983,11,11,8,0,0.7,0,1,0,0,0
CUST1696,51,Female,Single,Secondary,Employed,31,Savings,3,142720,15,7,9,0,0.72,0,1,0,1,0
CUST1576,44,Female,Married,Secondary,Self-employed,164,Savings,2,362204,14,13,13,0,0.93,0,1,1,0,0
CUST0835,52,Male,Divorced,Secondary,Unemployed,56,Fixed Deposit,3,63637,11,8,12,0,0.88,1,1,1,0,0
CUST2545,34,Female,Single,Secondary,Self-employed,162,Savings,4,27307,29,8,16,1,0.81,0,1,0,1,0
CUST2666,22,Male,Married,Secondary,Employed,103,Current,1,92063,14,8,15,2,0.63,1,0,0,0,0
CUST0638,33,Male,Divorced,None,Employed,88,Current,4,167024,15,4,8,0,0.51,1,1,0,0,0
CUST1286,20,Male,Married,Secondary,Employed,159,Savings,3,59390,17,8,13,0,0.66,1,1,1,0,0
CUST2635,37,Female,Single,Secondary,Self-employed,110,Savings,4,501184,19,9,12,1,0.79,2,0,0,0,1
CUST2237,33,Female,Married,Primary,Employed,65,Savings,1,22384,17,8,11,0,0.94,1,1,0,1,0
CUST2896,35,Female,Single,University,Employed,130,Current,1,264127,11,8,8,1,0.64,0,1,1,1,0
CUST1207,25,Female,Married,Secondary,Self-employed,59,Current,1,139887,20,5,9,1,0.71,0,1,0,0,1
CUST0912,37,Female,Married,Secondary,Unemployed,56,Savings,4,1442429,13,8,7,2,0.9,1,1,1,0,1
CUST0254,42,Female,Married,Primary,Employed,134,Current,4,2971,7,2,8,0,0.53,0,1,1,0,0
CUST2299,33,Male,Single,None,Employed,6,Savings,2,39432,20,9,15,0,0.81,1,0,0,0,0
CUST0530,35,Female,Divorced,Primary,Employed,2,Current,1,118154,13,13,7,0,0.87,2,1,1,0,0
CUST0050,30,Female,Single,Secondary,Employed,35,Current,3,208211,15,9,11,0,0.8,0,1,0,0,1
CUST2537,33,Male,Single,Secondary,Employed,132,Current,1,33573,17,7,10,0,0.71,2,1,0,1,0
CUST0298,27,Male,Single,University,Unemployed,111,Current,1,62351,21,7,10,0,0.51,1,1,1,0,0
CUST2113,25,Male,Single,None,Employed,104,Savings,1,12225,14,5,8,0,0.67,0,1,1,1,1
CUST1214,36,Female,Single,Primary,Self-employed,149,Savings,2,15282,11,5,5,0,0.76,1,1,1,0,0
CUST2061,24,Female,Single,Secondary,Self-employed,174,Current,1,4437,13,8,11,0,0.99,0,0,0,0,0
CUST0207,22,Female,Single,None,Self-employed,50,Savings,1,75318,15,8,6,0,0.63,0,0,0,0,1
CUST0980,38,Male,Single,Secondary,Employed,175,Savings,2,369618,21,7,12,0,0.62,0,0,0,0,0
CUST2775,41,Female,Single,None,Self-employed,52,Current,4,75566,16,8,13,0,0.57,1,0,0,1,1
CUST2392,43,Male,Married,Primary,Employed,14,Savings,4,80426,18,8,11,0,0.69,0,0,1,0,0
CUST0498,24,Female,Single,Secondary,Employed,78,Savings,1,33154,23,15,13,0,0.76,1,1,0,0,1
CUST2161,51,Female,Married,University,Self-employed,85,Savings,2,50487,15,8,7,0,0.9,1,1,0,0,0
CUST0352,33,Female,Divorced,Primary,Unemployed,108,Savings,1,72245,16,9,6,0,0.86,1,0,1,1,0
CUST0179,43,Male,Single,Primary,Employed,68,Savings,2,246282,14,5,16,0,0.65,2,0,0,0,0
CUST1897,20,Male,Married,Primary,Self-employed,43,Savings,2,102102,12,6,11,0,0.65,0,1,1,0,1
CUST2918,42,Female,Single,Primary,Employed,133,Savings,3,138240,7,8,11,0,0.64,3,1,0,0,0
CUST2856,39,Male,Married,Secondary,Unemployed,171,Savings,3,16432,17,9,11,0,0.73,2,1,0,0,0
CUST2115,40,Female,Single,Secondary,Employed,168,Current,1,93879,21,9,8,1,0.88,1,1,0,0,0
CUST1956,53,Male,Married,Primary,Employed,4,Current,3,53521,16,7,11,1,0.7,0,0,1,0,0
CUST2992,40,Male,Married,None,Unemployed,56,Current,1,490415,13,6,9,0,1,2,1,1,0,1
CUST1029,42,Female,Married,Primary,Self-employed,58,Savings,1,28195,11,12,9,0,0.87,1,1,0,0,1
CUST2206,36,Male,Married,None,Employed,46,Current,2,12343,16,12,13,0,0.56,0,1,0,0,0
CUST2813,36,Male,Single,Secondary,Employed,179,Savings,4,87972,14,10,6,0,0.78,0,1,0,0,0
CUST2086,39,Male,Married,Primary,Employed,124,Savings,3,147805,15,11,16,0,0.9,2,0,0,0,0
CUST0606,40,Female,Married,Primary,Employed,61,Current,3,11912,21,12,11,0,0.65,1,0,0,1,1
CUST0090,26,Female,Divorced,Secondary,Unemployed,119,Fixed Deposit,1,146445,18,14,9,0,0.55,1,1,0,0,1
CUST2386,38,Male,Married,Secondary,Employed,41,Savings,2,580830,15,7,10,0,1,2,1,0,0,0
CUST1014,30,Female,Single,Primary,Self-employed,104,Savings,1,69310,16,10,9,0,0.96,0,1,0,0,0
CUST2558,22,Male,Single,Secondary,Employed,178,Savings,1,257217,18,5,9,0,0.62,0,1,1,0,0
CUST0331,34,Female,Single,Secondary,Unemployed,153,Savings,3,78426,15,9,9,0,0.85,0,0,0,1,0
CUST0806,20,Male,Married,Primary,Self-employed,101,Current,3,20099,11,6,8,1,0.6,2,0,1,1,0
CUST0539,31,Female,Single,University,Employed,93,Fixed Deposit,4,7586,24,7,13,0,0.96,1,1,0,0,1
CUST0341,37,Male,Married,Secondary,Employed,147,Current,2,129446,11,4,10,0,0.87,3,0,0,0,0
CUST1848,24,Female,Married,None,Employed,35,Savings,3,110653,14,8,11,0,0.63,1,1,1,0,0
CUST1296,22,Male,Single,None,Employed,115,Fixed Deposit,1,35711,19,6,12,0,0.77,3,1,1,0,1
CUST1046,50,Female,Married,University,Employed,102,Current,1,92183,11,10,15,0,0.82,3,1,0,1,1
CUST2707,38,Male,Single,Secondary,Employed,86,Savings,1,232464,10,11,5,0,0.79,0,1,1,0,1
CUST2249,32,Male,Married,Secondary,Self-employed,7,Savings,2,145895,15,3,14,0,0.79,0,1,0,0,0
CUST2579,48,Male,Married,None,Employed,32,Savings,3,88770,14,10,11,0,0.57,0,1,1,0,1
CUST1953,27,Female,Married,Secondary,Employed,71,Savings,1,57593,11,9,8,0,0.51,2,1,0,0,0
CUST2208,40,Male,Married,University,Employed,44,Current,1,181234,18,11,8,2,0.84,1,1,1,0,1
CUST1384,32,Female,Married,University,Self-employed,163,Savings,2,235910,16,10,6,0,0.55,0,1,0,0,0
CUST2510,41,Female,Single,Primary,Employed,107,Fixed Deposit,4,36621,16,2,8,0,0.99,0,0,0,1,0
CUST2175,40,Male,Married,University,Self-employed,78,Savings,3,187177,8,7,8,1,0.75,1,1,1,1,0
CUST0567,43,Female,Married,Secondary,Employed,148,Savings,1,500,20,10,18,1,0.94,0,0,0,0,0
CUST2978,38,Female,Single,University,Unemployed,16,Savings,1,350992,22,7,8,1,0.71,0,0,1,1,1
CUST0615,41,Female,Married,Secondary,Self-employed,63,Savings,1,80093,17,11,13,0,0.84,2,1,1,0,0
CUST0790,25,Male,Married,University,Self-employed,98,Savings,3,10916,21,9,8,0,0.64,2,0,0,1,1
CUST0859,46,Female,Single,Primary,Employed,87,Savings,1,134379,21,6,11,0,0.81,0,1,0,0,0
CUST1452,18,Male,Single,Secondary,Employed,132,Savings,1,220926,20,8,13,0,0.52,1,1,1,0,1
CUST2231,18,Female,Divorced,University,Self-employed,74,Savings,1,181426,17,8,6,0,0.6,1,0,0,0,0
CUST0699,27,Female,Single,Secondary,Employed,85,Savings,3,28001,14,11,9,0,0.54,1,1,0,0,0
CUST1186,36,Male,Divorced,Primary,Self-employed,134,Fixed Deposit,1,72192,18,3,13,0,0.95,1,1,0,0,1
CUST2845,37,Male,Married,None,Employed,176,Current,1,200801,13,6,8,0,0.96,1,1,1,0,0
CUST2513,46,Male,Married,University,Employed,132,Current,1,103705,11,11,8,0,0.86,1,0,0,0,1
CUST2552,46,Male,Single,Secondary,Employed,7,Current,1,40385,20,4,10,0,0.75,2,0,0,0,0
CUST1057,29,Male,Married,University,Employed,159,Savings,2,228593,15,10,13,1,0.69,1,1,0,1,0
CUST2200,41,Male,Married,Primary,Self-employed,18,Savings,1,278685,17,7,7,0,0.65,1,1,1,0,0
CUST1622,40,Male,Divorced,Primary,Self-employed,179,Fixed Deposit,1,234574,11,5,8,1,0.52,2,1,1,0,0
CUST2531,47,Female,Single,University,Unemployed,94,Current,4,163330,18,10,7,0,0.65,0,1,0,0,1
CUST1506,35,Female,Married,Primary,Employed,112,Current,4,225929,10,6,12,0,0.83,0,0,1,0,1
CUST0552,40,Male,Married,Secondary,Unemployed,80,Savings,2,32850,20,7,18,1,0.63,1,0,0,1,0
CUST1577,30,Female,Married,Secondary,Employed,114,Fixed Deposit,3,143264,13,12,11,0,0.74,0,1,0,0,0
CUST2157,36,Female,Married,None,Employed,104,Savings,1,62124,16,8,10,0,0.59,2,1,0,1,1
CUST2235,28,Female,Single,None,Self-employed,179,Current,3,163326,18,6,13,0,0.63,5,0,0,0,0
CUST0594,18,Female,Married,Primary,Self-employed,86,Savings,1,23439,10,9,14,0,0.73,0,1,0,0,0
CUST2460,46,Male,Single,Secondary,Unemployed,67,Current,1,59286,7,5,8,0,0.86,0,1,0,0,0
CUST0117,42,Male,Married,University,Employed,42,Current,2,274909,16,4,13,0,0.51,2,0,1,1,0
CUST1397,32,Male,Single,Primary,Unemployed,79,Savings,1,57780,14,6,12,0,0.95,0,1,0,0,0
CUST0037,24,Male,Single,Secondary,Self-employed,56,Current,2,3640,10,6,9,0,0.6,3,1,0,0,0
CUST2366,20,Female,Single,Primary,Unemployed,62,Current,3,1668,17,7,11,0,0.86,1,0,1,0,0
CUST1254,31,Female,Married,Primary,Unemployed,42,Savings,3,26988,11,12,5,0,0.51,0,0,1,0,0
CUST0398,40,Female,Married,None,Employed,80,Fixed Deposit,3,16978,15,5,6,0,0.54,1,1,1,0,1
CUST2884,42,Male,Single,Primary,Self-employed,161,Savings,3,119302,13,5,7,0,0.91,0,1,0,0,0
CUST1056,35,Female,Single,Secondary,Unemployed,138,Current,2,68593,14,7,7,0,0.7,1,1,1,0,0
CUST2471,30,Female,Married,Secondary,Employed,45,Savings,2,140844,11,6,11,0,0.58,2,1,1,0,0
CUST2156,50,Male,Single,University,Employed,149,Current,1,33777,26,7,4,0,0.63,0,1,0,0,0
CUST2268,33,Male,Married,Primary,Self-employed,88,Savings,2,644358,13,6,11,1,0.69,1,0,0,1,0
CUST0024,36,Male,Single,Secondary,Employed,154,Current,1,264518,21,10,11,0,0.77,1,0,1,0,1
CUST2049,29,Female,Married,Primary,Employed,42,Savings,1,8800,13,11,13,0,0.54,1,1,1,1,1
CUST1866,39,Female,Divorced,Secondary,Employed,133,Fixed Deposit,1,241344,15,3,7,0,0.76,1,1,0,0,0
CUST1092,42,Female,Single,Primary,Self-employed,128,Current,3,186108,13,9,10,0,0.71,0,0,1,0,0
CUST0359,41,Male,Married,Primary,Self-employed,67,Fixed Deposit,2,164669,12,4,6,0,0.79,0,1,0,1,0
CUST2526,39,Male,Single,Primary,Unemployed,143,Savings,1,82212,15,5,4,0,0.7,0,0,1,1,0
CUST0940,48,Female,Married,University,Employed,141,Current,3,292074,19,4,7,0,0.56,1,1,0,0,0
CUST0609,41,Female,Married,University,Employed,18,Current,2,350126,16,11,9,0,0.84,2,0,1,0,1
CUST0451,27,Male,Single,Primary,Employed,5,Current,3,106033,14,11,9,0,0.61,1,1,1,0,0
CUST2992,28,Female,Single,Primary,Employed,57,Fixed Deposit,1,40972,15,7,10,0,0.95,1,0,1,0,0
CUST2508,29,Female,Married,Primary,Employed,167,Savings,4,14502,14,9,8,1,0.61,0,1,0,0,0
CUST2664,30,Female,Single,Secondary,Employed,164,Current,1,289489,17,10,13,0,0.67,1,1,0,0,0
CUST1842,53,Female,Married,Secondary,Unemployed,68,Fixed Deposit,4,87756,17,7,4,0,0.69,1,1,1,0,1
CUST1000,29,Male,Divorced,Secondary,Employed,104,Savings,4,210809,17,7,13,0,0.66,0,1,0,0,1
CUST0437,35,Female,Married,Primary,Employed,65,Savings,2,387762,15,11,10,0,0.59,0,1,1,0,0
CUST1756,41,Female,Single,Secondary,Employed,166,Current,2,137093,19,11,9,0,0.69,2,1,0,0,0
CUST2070,32,Male,Single,University,Self-employed,46,Current,4,403239,12,9,3,0,0.62,1,1,0,0,0
CUST2054,48,Male,Married,Secondary,Employed,135,Savings,1,213311,17,8,13,0,0.54,2,1,0,0,1
CUST2665,22,Male,Married,University,Self-employed,132,Savings,1,466062,19,8,11,0,0.82,1,1,0,0,0
CUST0382,47,Female,Married,Primary,Self-employed,131,Savings,1,79945,18,3,10,0,0.74,0,1,0,0,0
CUST1962,43,Male,Single,Secondary,Self-employed,70,Savings,3,276834,15,14,14,0,0.51,0,1,1,0,0
CUST2697,58,Female,Single,Primary,Employed,44,Savings,3,172712,11,5,8,0,0.64,3,1,0,1,1
CUST2133,34,Male,Single,University,Self-employed,153,Savings,1,147502,16,10,11,0,0.82,4,1,0,0,1
CUST1972,38,Female,Single,University,Self-employed,73,Fixed Deposit,1,38776,11,5,5,0,0.66,0,1,1,0,0
CUST2811,50,Male,Divorced,Secondary,Employed,147,Current,1,219049,12,8,9,0,0.9,1,0,0,1,1
CUST1770,20,Male,Single,University,Employed,156,Savings,2,151286,19,7,9,1,0.69,0,0,1,0,0
CUST1521,34,Female,Married,University,Self-employed,23,Fixed Deposit,2,201238,12,6,11,0,0.88,0,0,0,1,0
CUST1742,35,Male,Divorced,Secondary,Employed,129,Current,2,75042,12,5,9,1,0.54,1,0,0,1,0
CUST1803,31,Male,Married,University,Self-employed,155,Savings,1,433824,19,9,10,0,0.81,0,1,1,0,0
CUST0328,44,Male,Married,Secondary,Employed,54,Current,1,138631,20,4,10,1,0.6,2,0,0,0,0
CUST1245,32,Male,Single,Primary,Employed,137,Savings,2,82492,15,1,14,0,0.78,0,1,0,0,0
CUST0616,29,Male,Married,Primary,Employed,121,Savings,2,143778,18,8,7,1,0.91,2,1,1,0,0
CUST2221,39,Female,Single,Secondary,Employed,58,Fixed Deposit,2,64320,16,10,11,0,0.7,1,1,0,0,1
CUST1019,33,Male,Divorced,Secondary,Employed,70,Savings,3,18411,12,7,8,1,0.6,1,0,0,0,0
CUST2847,38,Female,Married,Primary,Employed,99,Savings,3,26227,12,9,13,1,0.78,0,0,0,0,0
CUST0498,20,Female,Single,Secondary,Self-employed,29,Savings,3,407803,12,8,11,0,0.81,2,0,0,0,0
CUST0516,36,Male,Married,Secondary,Unemployed,123,Fixed Deposit,2,356056,16,5,12,0,0.65,1,1,0,0,1
CUST1003,46,Female,Single,Primary,Employed,141,Current,2,67599,10,7,9,0,0.71,2,1,0,0,0
CUST1715,27,Male,Single,Primary,Self-employed,14,Current,4,102968,13,5,5,0,0.96,3,0,0,0,0
CUST1517,18,Female,Married,Primary,Employed,157,Savings,1,135563,19,6,11,0,0.81,1,1,0,0,0
CUST1005,41,Male,Married,Secondary,Self-employed,86,Current,1,78597,17,13,10,0,0.91,0,1,0,0,0
CUST2096,18,Female,Divorced,Secondary,Employed,17,Current,4,427668,20,7,10,0,0.73,1,1,1,0,1
CUST0120,32,Male,Single,Primary,Employed,88,Current,2,93460,15,9,12,0,0.63,1,0,0,1,1
CUST1755,49,Male,Single,Secondary,Employed,82,Savings,2,20440,15,12,17,0,0.87,1,1,0,0,0
CUST1823,26,Male,Married,Secondary,Employed,174,Savings,2,44499,9,14,7,0,0.62,2,1,0,0,0
CUST0083,22,Female,Single,Primary,Employed,166,Current,1,418176,19,9,7,0,0.74,1,1,0,0,0
CUST1652,37,Male,Divorced,Primary,Employed,130,Savings,3,71981,14,9,6,0,0.59,0,0,0,0,0
CUST2727,39,Female,Married,Primary,Employed,85,Savings,2,143811,12,10,12,0,0.63,1,0,0,0,0
CUST0358,33,Female,Single,None,Self-employed,170,Savings,4,608511,15,16,9,1,0.97,2,1,0,0,0
CUST1239,39,Male,Single,Secondary,Unemployed,24,Savings,1,514089,16,6,9,0,0.84,2,0,0,0,0
CUST2008,38,Female,Single,Secondary,Self-employed,108,Savings,2,85604,12,4,14,1,0.68,0,1,0,0,1
CUST1674,49,Male,Single,University,Self-employed,62,Savings,3,216813,15,9,11,0,0.82,1,0,1,0,0
CUST0429,45,Male,Married,University,Employed,155,Current,1,65032,17,6,6,0,0.73,1,1,0,0,0
CUST2202,44,Male,Single,Primary,Employed,157,Current,3,338606,6,8,9,0,0.64,0,1,0,0,1
CUST2598,29,Female,Married,Secondary,Employed,34,Savings,1,48971,13,14,14,0,0.66,2,1,1,0,0
CUST1536,19,Female,Married,Primary,Employed,167,Savings,4,106158,14,1,13,0,0.96,2,1,0,1,0
CUST2052,34,Male,Single,Secondary,Self-employed,105,Current,3,82192,13,13,6,1,0.97,5,0,0,1,1
CUST2855,23,Female,Divorced,Primary,Employed,59,Savings,1,68021,17,8,8,1,0.92,0,0,1,0,0
CUST2813,46,Male,Married,Primary,Employed,168,Savings,2,43571,18,10,5,1,0.78,1,1,0,0,0
CUST2611,29,Male,Single,Secondary,Employed,47,Savings,2,284997,16,14,8,0,0.98,0,1,0,0,0
CUST0115,33,Female,Married,None,Employed,57,Savings,2,141802,18,7,3,0,0.53,0,1,0,0,0
CUST1116,55,Female,Married,None,Employed,101,Savings,1,844030,16,9,9,0,0.56,0,1,0,0,1
CUST2967,36,Male,Divorced,Secondary,Employed,134,Fixed Deposit,1,104541,21,9,15,0,0.86,2,1,0,1,0
CUST2847,24,Female,Single,Primary,Employed,118,Savings,3,217238,14,7,3,0,0.75,0,0,0,0,1
CUST0846,45,Female,Married,Primary,Employed,152,Fixed Deposit,2,67987,11,4,15,0,0.6,0,1,0,0,0
CUST2386,18,Female,Married,Secondary,Unemployed,149,Savings,2,98155,21,4,6,0,0.55,2,1,0,0,0
CUST2078,47,Male,Single,Secondary,Employed,134,Savings,1,23203,14,9,11,0,0.89,2,1,0,0,0
CUST1861,52,Male,Single,Primary,Employed,57,Savings,1,592197,18,6,9,0,0.73,0,1,1,0,0
CUST1310,18,Female,Divorced,Primary,Employed,59,Current,3,41041,17,4,11,0,0.85,0,1,0,0,0
CUST0402,30,Male,Married,Primary,Employed,133,Current,1,350446,15,7,4,0,0.88,1,1,0,0,0
CUST0041,34,Female,Married,None,Employed,112,Savings,1,1996,16,14,7,0,0.81,1,0,0,0,1
CUST2626,35,Male,Married,Secondary,Employed,31,Savings,2,85459,19,8,7,0,0.68,2,1,0,0,0
CUST2549,40,Female,Single,None,Employed,95,Savings,1,258428,9,13,11,0,0.92,1,1,0,0,0
CUST0002,36,Female,Single,University,Employed,96,Current,3,107334,17,12,12,1,0.59,0,1,0,0,0
CUST0397,32,Male,Married,None,Employed,64,Current,2,166660,15,5,12,1,0.75,0,1,0,0,0
CUST1082,34,Female,Married,Primary,Unemployed,38,Current,2,139838,12,6,13,0,0.77,3,1,0,0,0
CUST2381,41,Male,Single,None,Self-employed,16,Fixed Deposit,1,66887,17,8,8,0,0.51,0,1,1,0,1
CUST2463,30,Male,Married,Secondary,Employed,171,Current,2,208550,25,6,17,0,0.74,0,1,0,1,0
CUST1987,27,Female,Single,Secondary,Employed,168,Current,2,219379,21,6,18,1,0.62,0,1,0,0,0
CUST0243,42,Male,Single,Secondary,Self-employed,108,Savings,1,186631,15,5,10,0,0.82,0,0,0,1,0
CUST2124,40,Female,Single,Secondary,Employed,18,Savings,2,327304,16,2,8,1,0.83,0,1,0,0,1
CUST1819,26,Female,Single,Primary,Employed,155,Savings,1,403815,18,10,10,0,0.61,2,1,1,0,0
CUST1630,48,Female,Married,Secondary,Unemployed,130,Savings,4,15059,17,9,8,0,0.61,0,1,0,0,0
CUST1561,26,Male,Married,University,Self-employed,13,Savings,4,236564,15,9,8,0,0.55,0,1,1,0,0
CUST0530,32,Female,Single,Secondary,Employed,153,Current,2,258439,15,3,8,0,0.8,0,0,0,0,0
CUST1740,38,Female,Married,Primary,Employed,146,Current,3,144617,13,6,8,0,0.54,3,0,0,0,0
CUST1797,37,Female,Married,University,Employed,104,Current,2,39950,13,7,15,0,0.86,1,1,0,1,1
CUST2996,24,Male,Single,Primary,Unemployed,54,Savings,2,16383,16,6,9,0,0.84,1,1,0,0,1
CUST0442,30,Male,Married,Primary,Self-employed,62,Savings,1,32626,16,5,10,0,0.59,2,0,0,0,0
CUST0078,49,Female,Divorced,Primary,Employed,73,Savings,2,70510,15,7,10,0,0.64,0,0,1,0,0
CUST1371,25,Female,Single,Secondary,Employed,8,Current,3,152052,16,7,6,1,0.62,0,1,0,0,0
CUST0229,31,Male,Married,Primary,Self-employed,164,Fixed Deposit,1,58878,19,5,9,0,0.85,1,0,0,0,0
CUST0514,37,Female,Married,Primary,Self-employed,47,Current,1,134108,13,6,5,0,0.76,2,1,0,0,1
CUST2286,34,Female,Married,None,Employed,92,Current,1,37988,12,6,6,0,0.85,0,0,1,0,1
CUST2313,29,Male,Married,University,Employed,98,Fixed Deposit,2,90398,17,8,4,0,0.93,4,1,0,0,0
CUST0442,27,Female,Married,None,Employed,131,Savings,1,256824,12,8,10,0,0.82,1,0,0,1,0
CUST2671,24,Male,Single,Primary,Employed,75,Savings,3,50718,16,5,9,0,0.94,3,1,0,0,0
CUST1094,32,Male,Married,Primary,Employed,145,Current,1,15916,9,12,12,0,0.93,2,1,0,0,0
CUST2961,45,Female,Married,None,Unemployed,48,Fixed Deposit,1,17677,17,10,6,0,0.64,1,1,0,0,1
CUST1500,52,Male,Married,Secondary,Self-employed,139,Savings,3,72816,10,18,7,0,0.54,1,1,0,0,0
CUST1198,46,Male,Single,University,Employed,163,Current,2,244032,16,6,12,0,0.69,1,1,0,0,0
CUST2288,28,Male,Married,Secondary,Employed,87,Savings,1,270992,11,10,10,0,0.52,0,0,1,0,1
CUST0533,46,Male,Single,Secondary,Self-employed,103,Current,1,179397,11,7,8,0,0.96,1,0,0,0,0
CUST1420,38,Male,Married,Primary,Self-employed,116,Savings,2,21321,16,8,9,0,0.6,0,1,0,1,0
CUST1713,33,Female,Single,Secondary,Self-employed,35,Current,1,129209,19,4,11,0,0.69,0,1,0,0,0
CUST0055,23,Female,Single,Primary,Employed,88,Fixed Deposit,1,96671,16,6,18,0,1,2,0,1,0,0
CUST0167,34,Male,Married,None,Employed,45,Current,4,4942,16,5,17,0,0.92,1,1,0,1,0
CUST0297,32,Male,Married,Secondary,Employed,177,Current,1,114521,17,12,5,0,0.88,0,1,0,0,0
CUST0776,46,Male,Married,Secondary,Self-employed,119,Current,1,428480,13,4,8,0,0.9,2,0,0,0,0
CUST0274,42,Male,Married,Secondary,Self-employed,24,Current,2,198260,10,7,15,0,0.69,2,0,0,0,1
CUST1562,47,Male,Married,Primary,Self-employed,41,Current,3,169215,18,6,15,0,0.99,1,1,0,0,0
CUST2559,28,Female,Divorced,Secondary,Employed,82,Current,4,21905,13,5,8,0,0.68,0,1,0,0,1
CUST2682,20,Female,Married,Secondary,Self-employed,93,Savings,2,8571,14,7,10,1,0.83,2,1,1,1,0
CUST0630,26,Female,Single,Primary,Employed,62,Savings,4,62110,14,5,12,0,0.95,0,0,0,0,1
CUST0365,32,Female,Married,Primary,Unemployed,121,Savings,2,227023,21,10,10,0,0.75,1,0,0,1,0
CUST2738,29,Male,Married,Secondary,Self-employed,83,Savings,1,120150,16,5,9,0,0.9,2,1,0,0,0
CUST0602,35,Female,Married,University,Self-employed,65,Current,1,69073,17,10,7,0,0.78,2,1,0,0,0
CUST0853,57,Female,Married,University,Self-employed,47,Current,2,729233,15,9,8,0,0.51,0,1,1,0,0
CUST2702,18,Male,Married,University,Employed,134,Savings,1,8003,18,7,8,0,0.53,0,1,0,0,0
CUST0246,36,Female,Single,Primary,Unemployed,35,Current,3,69166,7,6,7,0,0.93,3,1,0,0,0
CUST1077,37,Male,Divorced,Secondary,Employed,115,Savings,3,25557,14,5,10,0,0.97,2,1,0,0,0
CUST0207,35,Male,Married,None,Employed,178,Fixed Deposit,1,126956,17,6,10,0,0.75,0,1,0,0,0
CUST0517,30,Female,Single,Primary,Self-employed,7,Current,2,30625,16,9,16,0,0.64,0,1,1,0,0
CUST0933,29,Male,Married,Secondary,Self-employed,114,Savings,2,31201,16,14,8,0,0.61,2,1,0,0,0
CUST2274,46,Female,Married,Secondary,Employed,93,Savings,2,98794,12,10,10,0,0.51,2,1,0,0,0
CUST0065,37,Female,Married,Secondary,Employed,64,Fixed Deposit,2,53204,16,11,5,0,0.67,4,1,0,1,1
CUST0648,42,Male,Single,Primary,Unemployed,46,Savings,4,98504,5,10,7,1,0.75,1,1,0,0,0
CUST0304,23,Female,Single,Secondary,Self-employed,14,Current,4,15676,10,8,10,0,0.65,0,1,1,1,1
CUST0583,36,Male,Single,None,Employed,114,Fixed Deposit,4,32969,18,2,10,0,0.58,2,0,0,0,0
CUST2129,18,Male,Married,Primary,Self-employed,15,Savings,4,200678,13,7,15,0,0.57,0,1,0,0,0
CUST1893,36,Male,Married,Primary,Self-employed,157,Fixed Deposit,2,69957,11,15,7,0,0.79,2,1,0,0,0
CUST1695,30,Female,Married,Primary,Employed,93,Savings,2,173009,12,14,11,0,0.79,1,0,0,0,0
CUST1089,46,Male,Married,Secondary,Employed,16,Current,3,4743,14,10,9,0,0.8,1,0,0,0,1
CUST2224,38,Male,Married,Secondary,Self-employed,165,Savings,1,285930,13,8,9,0,0.91,1,1,0,0,0
CUST1563,46,Female,Married,Primary,Self-employed,47,Current,1,109193,15,7,10,0,0.65,3,0,1,0,0
CUST1879,50,Male,Single,Secondary,Self-employed,115,Current,2,37969,7,3,9,0,0.99,2,1,1,0,0
CUST1165,42,Female,Single,None,Self-employed,54,Current,1,67718,11,8,17,1,0.59,0,1,0,0,0
CUST0220,39,Male,Married,University,Unemployed,154,Savings,3,230080,15,8,11,0,0.84,0,1,0,0,0
CUST1021,33,Female,Single,Secondary,Self-employed,113,Current,4,41997,14,7,11,0,0.8,3,0,1,0,1
CUST1171,20,Male,Married,Secondary,Employed,7,Savings,2,209026,20,2,11,0,0.66,1,1,1,0,0
CUST1063,35,Female,Married,None,Employed,4,Current,3,55935,16,7,9,0,0.54,2,1,0,0,0
CUST1034,38,Female,Divorced,Primary,Unemployed,94,Savings,1,320901,17,8,6,0,0.54,0,0,0,0,0
CUST1751,35,Male,Single,Secondary,Employed,85,Current,1,6186,9,7,6,0,0.56,2,0,0,0,1
CUST2826,18,Female,Married,University,Employed,84,Fixed Deposit,3,96869,28,10,8,0,0.94,0,1,0,0,0
CUST1215,31,Female,Single,University,Employed,177,Savings,3,275196,20,4,11,1,0.91,0,1,1,0,1
CUST0044,35,Male,Married,Secondary,Self-employed,23,Current,1,18349,11,6,15,0,0.63,1,0,0,1,1
CUST2548,33,Female,Single,University,Employed,44,Savings,4,38947,12,4,8,0,0.87,0,0,1,0,1
CUST0115,36,Female,Married,Primary,Self-employed,147,Current,1,100274,14,8,20,0,0.81,0,1,1,0,0
CUST2784,55,Female,Divorced,Primary,Self-employed,130,Current,3,903839,17,7,15,0,0.71,5,1,1,1,0
CUST1860,18,Female,Married,Secondary,Employed,113,Savings,2,79118,14,7,6,1,1,1,1,0,0,0
CUST0354,24,Male,Married,Primary,Employed,117,Savings,2,2778,13,7,12,0,0.59,1,1,0,0,0
CUST1622,44,Male,Married,Secondary,Unemployed,66,Fixed Deposit,4,59657,10,8,11,0,0.56,1,0,0,1,0
CUST0912,38,Female,Married,University,Employed,4,Current,1,67203,14,10,14,0,0.89,2,1,0,0,1
CUST2190,30,Female,Married,Secondary,Employed,34,Savings,3,563119,18,5,12,0,0.73,0,1,0,0,0
CUST0010,23,Female,Married,Primary,Employed,125,Savings,1,35001,13,8,16,1,0.77,0,0,1,0,1
CUST1556,36,Female,Married,Primary,Employed,28,Fixed Deposit,1,28067,16,8,10,1,0.65,0,1,1,0,1
CUST0853,33,Female,Married,Secondary,Employed,5,Current,3,91007,23,4,12,1,0.63,2,0,0,1,1
CUST2091,19,Male,Single,Secondary,Employed,72,Savings,1,335458,13,7,11,0,0.77,2,0,0,0,0
CUST2942,26,Male,Single,University,Employed,179,Savings,1,71475,22,7,4,0,0.7,4,1,0,0,0
CUST2045,39,Female,Single,Secondary,Self-employed,92,Savings,1,290755,13,7,15,0,0.63,1,1,0,0,0
CUST2917,25,Female,Married,None,Self-employed,31,Savings,3,229427,18,8,9,0,0.82,1,1,0,0,0
CUST2072,40,Male,Single,Secondary,Employed,58,Current,1,243039,24,6,12,0,0.78,1,1,0,0,0
CUST0765,42,Female,Married,Secondary,Self-employed,56,Current,3,231820,17,8,10,0,0.96,1,1,0,1,0
CUST0404,34,Female,Married,Secondary,Self-employed,83,Savings,1,42873,9,6,16,0,0.81,4,0,0,1,0
CUST2148,35,Male,Married,Primary,Unemployed,113,Savings,2,81743,12,8,15,0,0.82,0,1,0,0,0
CUST1446,37,Female,Divorced,University,Self-employed,36,Savings,1,75808,24,10,16,0,0.8,2,1,1,0,0
CUST2511,40,Female,Single,Secondary,Employed,7,Savings,1,347067,14,8,16,1,0.69,1,1,0,0,1
CUST2240,20,Male,Divorced,Primary,Employed,163,Savings,3,20629,21,7,12,0,0.69,0,1,1,0,0
CUST2915,24,Male,Married,University,Self-employed,108,Fixed Deposit,4,76673,13,4,13,0,0.79,1,1,0,0,1
CUST0599,26,Male,Single,Secondary,Employed,79,Savings,2,67556,16,6,9,0,0.73,0,0,0,0,0
CUST1454,44,Male,Married,Secondary,Employed,126,Fixed Deposit,2,179404,15,11,10,1,0.59,1,0,1,0,1
CUST2653,62,Female,Married,None,Unemployed,15,Savings,2,33699,10,7,11,0,0.88,1,1,0,0,1
CUST0474,43,Female,Divorced,Secondary,Self-employed,148,Fixed Deposit,1,41429,16,14,7,0,0.52,0,1,0,0,0
CUST0376,43,Male,Married,Secondary,Employed,54,Fixed Deposit,1,243184,19,8,13,0,0.89,1,1,0,0,0
CUST0006,18,Female,Single,Secondary,Employed,156,Current,2,21652,13,6,14,0,0.74,1,0,1,0,1
CUST1321,23,Female,Married,Primary,Employed,99,Savings,2,122466,24,9,14,0,0.63,1,1,1,0,0
CUST0923,30,Female,Single,Secondary,Self-employed,175,Savings,3,123185,6,9,9,0,0.88,2,0,1,0,0
CUST1162,35,Male,Married,Secondary,Employed,111,Savings,1,57088,11,10,12,0,0.88,1,1,0,0,1
CUST1882,30,Male,Married,Secondary,Employed,33,Current,1,3370,15,12,12,0,0.65,1,1,0,1,0
CUST2719,44,Female,Single,None,Employed,53,Savings,2,38632,18,6,6,1,0.59,0,1,0,0,1
CUST0498,37,Male,Single,Primary,Employed,84,Savings,1,51526,27,6,10,0,0.92,0,0,1,1,0
CUST1729,18,Female,Married,Primary,Employed,156,Current,2,113385,12,12,8,1,0.95,4,1,0,1,0
CUST1018,33,Female,Single,Primary,Employed,49,Savings,2,141287,17,10,8,0,0.75,0,1,0,0,1
CUST2105,24,Male,Divorced,None,Self-employed,5,Savings,3,10681,13,10,12,0,0.93,0,1,1,0,0
CUST2391,34,Female,Married,University,Employed,28,Fixed Deposit,1,108284,12,6,8,0,0.8,2,1,0,0,1
CUST1433,48,Male,Single,None,Employed,69,Savings,2,34605,14,12,11,0,0.62,0,1,0,0,0
CUST0632,27,Male,Married,Primary,Employed,58,Savings,3,210952,15,10,9,0,0.58,1,1,0,1,0
CUST1474,46,Male,Married,Primary,Employed,19,Savings,2,814239,18,14,11,0,0.62,1,0,1,0,0
CUST0395,26,Female,Married,None,Self-employed,28,Current,4,11386,17,8,5,0,0.71,0,1,0,0,1
CUST0531,29,Female,Married,Secondary,Self-employed,34,Fixed Deposit,4,519411,15,11,11,1,0.93,2,1,0,0,0
CUST0563,37,Female,Single,Primary,Self-employed,27,Savings,3,56255,11,15,4,0,0.64,1,1,0,0,0
CUST2395,34,Male,Married,Secondary,Employed,165,Savings,1,366550,13,4,13,0,0.83,2,1,0,1,0
CUST2691,60,Female,Single,Secondary,Employed,88,Current,2,117842,11,7,8,1,0.89,0,1,0,1,0
CUST1116,18,Female,Married,University,Employed,64,Current,2,101971,15,8,14,0,0.79,0,0,0,0,0
CUST0429,36,Female,Single,Secondary,Self-employed,72,Current,2,207317,12,5,10,0,0.72,2,1,0,0,1
CUST2335,50,Female,Married,University,Self-employed,3,Savings,4,49870,14,5,9,0,0.88,0,1,0,0,1
CUST0841,34,Female,Single,None,Employed,25,Savings,1,143208,14,6,7,2,0.77,1,1,0,0,1
CUST2465,35,Female,Married,None,Self-employed,128,Current,2,82903,14,7,11,0,0.65,2,1,1,0,0
CUST2929,44,Female,Divorced,Secondary,Self-employed,109,Current,3,261382,19,4,17,0,0.6,0,0,1,0,0
CUST0558,31,Male,Single,Secondary,Employed,70,Savings,1,176170,14,7,18,0,0.76,3,0,1,0,0
CUST1712,39,Female,Married,Primary,Employed,69,Current,1,110016,14,10,10,0,0.89,1,1,0,0,0
CUST0130,52,Male,Single,Secondary,Self-employed,150,Savings,1,114190,16,8,6,0,0.56,1,0,1,1,0
CUST0964,38,Male,Divorced,University,Employed,111,Current,2,55981,11,16,10,0,0.77,0,1,0,0,0
CUST2815,36,Male,Single,Secondary,Self-employed,167,Savings,3,408055,10,8,11,0,0.95,5,1,0,0,1
CUST1814,23,Female,Single,Primary,Self-employed,15,Savings,3,7289,19,10,20,0,0.5,0,1,1,0,1
CUST2003,32,Male,Single,Secondary,Employed,122,Current,3,106630,12,7,9,0,0.68,2,1,1,0,0
CUST0338,27,Male,Married,None,Unemployed,37,Current,1,921323,16,4,9,0,0.58,0,1,0,0,0
CUST0462,28,Female,Married,Secondary,Self-employed,74,Savings,1,165571,15,8,16,0,0.57,2,0,0,0,0
CUST2037,39,Male,Married,University,Self-employed,113,Current,2,36495,14,9,14,0,0.76,1,1,1,1,0
CUST1519,45,Female,Divorced,Secondary,Employed,121,Savings,2,183243,19,7,12,0,0.79,2,1,0,1,0
CUST2635,23,Female,Single,Secondary,Employed,44,Savings,2,442609,22,7,11,0,0.9,1,1,0,0,0
CUST0279,27,Female,Single,Primary,Employed,37,Savings,4,355883,15,9,10,0,0.51,3,1,1,1,0
CUST1545,18,Female,Married,Secondary,Employed,66,Savings,2,205096,6,6,17,0,0.84,1,1,1,0,0
CUST2244,34,Female,Single,None,Employed,95,Savings,2,156399,14,8,12,0,0.96,0,1,0,0,0
CUST0997,47,Male,Single,University,Employed,134,Savings,1,64048,15,9,7,0,0.8,2,1,0,0,0
CUST2051,35,Female,Married,Secondary,Employed,157,Current,2,198774,18,9,7,0,0.66,1,1,0,1,0
CUST1617,38,Female,Single,None,Self-employed,26,Savings,1,194880,11,8,12,1,0.87,2,1,0,0,0
CUST0974,28,Female,Married,Primary,Employed,38,Fixed Deposit,1,59819,20,7,10,1,0.79,0,0,1,0,1
CUST2143,21,Male,Single,Primary,Self-employed,83,Savings,1,147734,18,9,10,0,0.76,3,0,1,0,0
CUST0202,36,Female,Single,Primary,Self-employed,179,Savings,1,309149,19,4,10,0,0.82,2,1,1,0,0
CUST0979,21,Male,Married,Secondary,Employed,63,Savings,3,76721,13,6,13,0,0.95,0,1,1,1,0
CUST1590,24,Male,Married,Secondary,Employed,20,Current,1,125167,18,10,19,0,0.71,0,0,0,0,0
CUST2711,38,Male,Married,Secondary,Employed,161,Current,4,367444,17,4,7,0,0.63,2,0,0,0,0
CUST1570,38,Female,Single,University,Employed,135,Current,2,59591,21,10,11,1,0.56,1,1,0,0,0
CUST2352,36,Female,Divorced,Secondary,Employed,17,Current,1,473798,23,5,6,0,0.8,0,0,0,0,1
CUST2387,43,Male,Married,University,Self-employed,16,Savings,1,266043,10,10,5,0,0.7,1,0,0,0,0
CUST0638,33,Female,Married,Secondary,Employed,166,Savings,1,123841,13,6,9,0,0.74,0,0,0,0,0
CUST1325,37,Female,Single,Secondary,Self-employed,18,Savings,2,26317,7,4,10,0,0.68,0,0,0,0,0
CUST2760,26,Male,Married,University,Employed,3,Current,3,116729,12,8,13,0,0.6,1,1,0,0,0
CUST1990,23,Female,Divorced,Primary,Employed,21,Savings,3,7745,8,8,12,0,0.86,1,1,1,0,1
CUST0930,36,Female,Married,Primary,Employed,39,Savings,1,112150,15,6,12,1,0.96,0,1,1,0,1
CUST1109,24,Male,Single,University,Self-employed,24,Savings,4,187533,15,8,16,0,0.95,0,1,0,0,0
CUST2898,42,Female,Married,Primary,Employed,64,Current,1,75551,11,5,13,0,0.5,1,1,0,1,0
CUST1095,18,Male,Divorced,University,Self-employed,171,Savings,2,53491,11,8,11,0,0.71,1,1,0,0,0
CUST2655,44,Male,Single,Secondary,Employed,72,Current,3,68269,17,6,14,1,0.97,1,0,1,0,1
CUST0399,29,Female,Married,University,Self-employed,84,Savings,1,104104,15,7,10,0,0.54,1,1,0,1,1
CUST1307,48,Female,Married,Secondary,Employed,104,Savings,3,175542,13,5,11,1,0.98,2,0,0,1,0
CUST0417,29,Male,Divorced,Primary,Unemployed,176,Savings,1,74936,16,9,6,0,0.97,0,1,0,1,0
CUST2174,35,Female,Married,University,Employed,58,Savings,1,160681,19,6,5,0,0.97,1,0,1,0,0
CUST1978,24,Female,Single,Primary,Employed,138,Savings,1,69953,23,7,6,0,0.99,0,1,1,0,1
CUST1122,32,Female,Single,Secondary,Self-employed,163,Savings,3,35061,14,10,8,0,0.97,1,1,0,0,0
CUST0445,54,Female,Married,Secondary,Employed,47,Current,1,261590,13,14,11,0,0.87,0,0,0,0,0
CUST0965,55,Female,Married,Primary,Employed,40,Current,3,20228,18,7,10,0,0.87,0,1,1,1,1
CUST0301,23,Male,Single,Secondary,Employed,96,Current,3,21156,13,6,8,1,0.94,0,1,0,1,0
CUST0164,35,Female,Married,Primary,Unemployed,23,Savings,3,441790,23,7,13,0,0.78,1,1,0,0,1
CUST2664,42,Male,Married,University,Unemployed,176,Savings,2,18009,11,13,2,0,0.94,2,1,0,1,0
CUST1743,52,Female,Married,None,Self-employed,82,Savings,1,172282,17,8,8,0,0.95,0,1,0,1,1
CUST2894,36,Female,Married,Secondary,Self-employed,65,Current,1,51537,14,5,5,0,0.51,0,1,0,0,1
CUST0597,50,Female,Single,None,Self-employed,63,Current,1,166522,17,7,10,0,0.58,0,1,1,1,1
CUST0397,41,Male,Married,Primary,Employed,121,Savings,1,122682,12,8,9,0,0.67,1,1,0,0,0
CUST2639,29,Male,Single,Secondary,Employed,37,Savings,2,75525,24,4,7,0,0.81,1,1,0,0,1
CUST0323,38,Female,Married,Secondary,Self-employed,9,Savings,1,63585,11,10,10,0,0.81,2,1,0,0,0
CUST1975,24,Female,Divorced,Primary,Employed,120,Current,1,36748,13,7,11,0,0.8,1,1,0,0,0
CUST0071,37,Male,Married,Primary,Self-employed,112,Current,1,168214,9,9,12,0,0.86,2,1,0,0,1
CUST1703,38,Male,Single,University,Self-employed,29,Current,1,166879,12,8,10,0,0.51,1,1,0,0,1
CUST1537,36,Female,Divorced,Secondary,Employed,70,Fixed Deposit,2,332327,13,5,11,0,0.95,2,1,0,0,0
CUST1055,50,Male,Married,Secondary,Employed,25,Savings,3,56993,9,15,10,1,0.63,1,1,1,0,0
CUST2108,27,Male,Single,Secondary,Employed,116,Current,3,282450,19,10,7,0,0.53,0,1,0,0,1
CUST0673,55,Male,Single,None,Employed,162,Savings,2,78517,10,7,9,0,0.72,2,1,0,0,1
CUST1084,42,Female,Divorced,None,Employed,23,Current,3,387230,14,7,5,0,0.7,0,0,0,0,1
CUST2168,36,Male,Married,Primary,Employed,47,Current,3,120478,19,6,12,0,0.66,1,0,0,0,0
CUST2980,25,Male,Married,Secondary,Employed,138,Savings,2,37179,13,8,10,0,0.51,0,1,0,0,0
CUST2355,18,Male,Married,Secondary,Employed,131,Savings,1,14421,9,6,8,0,0.76,1,1,0,0,0
CUST0284,23,Female,Married,Secondary,Self-employed,21,Savings,2,997056,6,6,13,1,0.54,0,1,0,0,0
CUST0957,37,Female,Married,University,Unemployed,70,Savings,1,253091,8,3,13,0,0.92,1,1,0,1,0
CUST0188,29,Male,Married,Primary,Employed,85,Fixed Deposit,3,7319,18,8,7,1,0.98,2,1,1,0,0
CUST0554,23,Male,Married,Secondary,Employed,16,Current,3,303575,14,7,9,1,0.65,1,0,1,0,0
CUST0577,49,Male,Single,University,Self-employed,74,Current,3,198660,15,6,13,0,0.56,0,1,1,0,1
CUST0734,25,Male,Single,Secondary,Unemployed,146,Savings,4,19426,26,5,8,0,0.82,1,0,0,0,0
CUST0414,26,Female,Married,Secondary,Employed,155,Savings,2,25822,26,8,4,0,0.54,1,1,0,0,0
CUST0253,28,Male,Married,Secondary,Employed,61,Savings,3,39238,14,9,10,0,0.9,0,0,1,0,0
CUST0995,44,Female,Married,University,Self-employed,143,Current,1,177468,20,7,7,0,0.85,2,0,0,0,0
CUST1936,31,Female,Single,University,Self-employed,11,Savings,1,21079,17,6,12,0,0.75,1,1,0,0,1
CUST1311,47,Female,Single,Secondary,Self-employed,84,Savings,2,85655,11,12,9,0,0.75,1,1,1,1,0
CUST0853,38,Female,Divorced,Primary,Self-employed,76,Fixed Deposit,3,156645,5,15,10,0,0.7,3,1,0,0,0
CUST1385,46,Female,Married,None,Employed,18,Savings,4,112489,16,5,11,0,0.78,0,1,0,0,0
CUST2419,31,Female,Single,University,Employed,19,Savings,1,483778,13,3,10,0,0.79,0,1,0,0,1
CUST0196,24,Female,Married,None,Unemployed,68,Fixed Deposit,3,333134,10,11,7,0,0.74,2,0,1,1,0
CUST2837,18,Male,Married,University,Unemployed,109,Current,3,102867,18,4,10,0,0.84,1,0,0,0,0
CUST2753,29,Female,Single,Secondary,Employed,51,Current,2,48511,17,9,17,1,0.87,1,1,0,1,0
CUST0276,20,Female,Married,University,Self-employed,132,Current,2,123012,14,7,9,0,0.65,2,0,0,0,1
CUST0241,38,Female,Married,Secondary,Self-employed,62,Savings,1,38371,12,6,6,1,0.87,0,1,1,0,0
CUST0802,31,Female,Single,Secondary,Employed,56,Current,2,85707,13,8,9,0,0.99,0,1,1,0,1
CUST2054,32,Male,Single,Secondary,Self-employed,4,Current,2,174357,9,7,9,0,0.83,1,0,0,0,1
CUST1556,24,Male,Married,Secondary,Employed,54,Savings,2,86198,15,9,7,1,0.71,0,0,1,0,0
CUST1372,32,Female,Single,Primary,Employed,103,Savings,1,65036,18,11,8,1,0.87,1,1,1,0,0
CUST2242,18,Male,Married,Secondary,Employed,143,Current,3,12053,17,7,11,1,0.57,0,1,1,0,0
CUST0057,47,Male,Single,Primary,Self-employed,164,Current,1,260336,19,8,7,0,0.77,1,0,0,0,0
CUST1354,27,Male,Single,Secondary,Employed,146,Current,3,63896,17,7,6,0,0.69,0,1,0,0,0
CUST2681,27,Female,Single,Primary,Employed,175,Savings,1,102781,12,6,6,0,0.93,0,1,0,1,0
